0, server_A, 4.9999536060530145, 901.311437503879, 0.0, 7
1, server_A, 3.4704019320064656, 898.1291749309712, 0.0, 2
2, server_A, 3.4704019320064656, 898.1291749309712, 0.0, 2
3, server_B, 2.7575668337606745, 901.4931441086047, 8.184930845360824, 6
4, server_A, 3.4704019320064656, 898.129174930973, 8.184930845360824, 2
5, server_A, 3.164707984766047, 895.8489518133173, 8.184930845360824, 1
6, server_A, 3.4704019320064656, 898.1291749309712, 8.184930845360824, 2
7, server_A, 3.4704019320064656, 898.1291749309712, 8.184930845360824, 2
8, server_A, 3.4704019320064656, 898.1291749309712, 8.184930845360824, 2
9, server_A, 3.4704019320064656, 898.1291749309712, 8.184930845360824, 2
10, server_A, 3.4704019320064656, 898.1291749309712, 8.184930845360824, 2
11, server_A, 3.4704019320064656, 898.1291749309712, 8.184930845360824, 2
12, server_A, 3.4704019320064656, 898.1291749309712, 8.184930845360824, 2
13, server_A, 3.4704019320064656, 898.1291749309712, 8.184930845360824, 2
14, server_A, 3.4704019320064656, 898.1291749309712, 8.184930845360824, 2
15, server_A, 3.4704019320064656, 898.1291749309712, 8.184930845360824, 2
16, server_A, 3.4704019320064656, 898.1291749309712, 8.184930845360824, 2
17, server_A, 3.4704019320064656, 898.1291749309712, 8.184930845360824, 2
18, server_A, 3.4704019320064656, 898.1291749309712, 8.184930845360824, 2
19, server_A, 3.4704019320064656, 898.1291749309712, 8.184930845360824, 2
20, server_A, 3.4704019320064656, 898.1291749309712, 8.184930845360824, 2
21, server_A, 3.4704019320064656, 898.1291749309712, 8.184930845360824, 2
22, server_A, 3.4704019320064656, 898.1291749309712, 8.184930845360824, 2
23, server_A, 3.4704019320064656, 898.1291749309676, 8.184930845360824, 2
24, server_A, 3.4704019320064656, 898.1291749309712, 8.184930845360824, 2
25, server_A, 3.4704019320064656, 898.1291749309712, 8.184930845360824, 2
26, server_A, 3.4704019320064656, 898.1291749309712, 8.184930845360824, 2
27, server_A, 3.4704019320064656, 898.1291749309712, 8.184930845360824, 2
28, server_A, 3.4704019320064656, 898.1291749309712, 8.184930845360824, 2
29, server_A, 3.4704019320064656, 898.1291749309712, 8.184930845360824, 2
30, server_A, 3.4704019320064656, 898.1291749309712, 8.184930845360824, 2
31, server_A, 3.4704019320064656, 898.1291749309712, 8.184930845360824, 2
32, server_A, 3.4704019320064656, 898.1291749309712, 8.184930845360824, 2
33, server_A, 3.4704019320064656, 898.1291749309712, 8.184930845360824, 2
34, server_A, 3.4704019320064656, 898.1291749309712, 8.184930845360824, 2
35, server_A, 3.4704019320064656, 898.1291749309712, 8.184930845360824, 2
36, server_A, 3.4704019320064656, 898.1291749309712, 8.184930845360824, 2
37, server_A, 3.4704019320064656, 898.1291749309712, 8.184930845360824, 2
38, server_A, 3.4704019320064656, 898.1291749309712, 8.184930845360824, 2
39, server_A, 3.4704019320064656, 898.1291749309712, 8.184930845360824, 2
40, server_A, 3.4704019320064656, 898.1291749309712, 8.184930845360824, 2
41, server_A, 3.4704019320064656, 898.1291749309712, 8.184930845360824, 2
42, server_A, 3.4704019320064656, 898.1291749309712, 8.184930845360824, 2
43, server_A, 3.4704019320064656, 898.1291749309712, 8.184930845360824, 2
44, server_A, 3.4704019320064656, 898.1291749309712, 8.184930845360824, 2
45, server_A, 3.4704019320064656, 898.1291749309712, 8.184930845360824, 2
46, server_A, 3.4704019320064656, 898.1291749309712, 8.184930845360824, 2
47, server_A, 3.4704019320064656, 898.1291749309712, 8.184930845360824, 2
48, server_A, 3.4704019320064656, 898.1291749309712, 8.184930845360824, 2
49, server_A, 3.4704019320064656, 898.1291749309712, 8.184930845360824, 2
50, server_A, 3.4704019320064656, 898.1291749309712, 8.184930845360824, 2
51, server_A, 3.4704019320064656, 898.1291749309712, 8.184930845360824, 2
52, server_A, 3.4704019320064656, 898.1291749309712, 8.184930845360824, 2
53, server_A, 3.4704019320064656, 898.1291749309712, 8.184930845360824, 2
54, server_A, 3.4704019320064656, 898.1291749309712, 8.184930845360824, 2
55, server_A, 3.4704019320064656, 898.1291749309712, 8.184930845360824, 2
56, server_A, 3.4704019320064656, 898.1291749309712, 8.184930845360824, 2
57, server_A, 3.4704019320064656, 898.1291749309712, 8.184930845360824, 2
58, server_A, 3.4704019320064656, 898.1291749309712, 8.184930845360824, 2
59, server_A, 3.4704019320064656, 898.1291749309712, 8.184930845360824, 2
60, server_A, 3.4704019320064656, 898.1291749309712, 8.184930845360824, 2
61, server_A, 3.4704019320064656, 898.1291749309712, 8.184930845360824, 2
62, server_A, 3.4704019320064656, 898.1291749309712, 8.184930845360824, 2
63, server_A, 3.4704019320064656, 898.1291749309712, 8.184930845360824, 2
64, server_A, 3.4704019320064656, 898.1291749309712, 8.184930845360824, 2
65, server_A, 3.4704019320064656, 898.1291749309712, 8.184930845360824, 2
66, server_A, 3.4704019320064656, 898.1291749309712, 8.184930845360824, 2
67, server_A, 3.4704019320064656, 898.1291749309712, 8.184930845360824, 2
68, server_A, 3.4704019320064656, 898.1291749309712, 8.184930845360824, 2
69, server_A, 3.4704019320064656, 898.1291749309712, 8.184930845360824, 2
70, server_A, 3.4704019320064656, 898.1291749309712, 8.184930845360824, 2
71, server_A, 3.4704019320064656, 898.1291749309712, 8.184930845360824, 2
72, server_A, 3.4704019320064656, 898.1291749309712, 8.184930845360824, 2
73, server_A, 3.4704019320064656, 898.1291749309712, 8.184930845360824, 2
74, server_A, 3.4704019320064656, 898.1291749309712, 8.184930845360824, 2
75, server_A, 3.4704019320064656, 898.1291749309712, 8.184930845360824, 2
76, server_A, 3.4704019320064656, 898.1291749309712, 8.184930845360824, 2
77, server_A, 3.4704019320064656, 898.1291749309712, 8.184930845360824, 2
78, server_A, 3.4704019320064656, 898.1291749309712, 8.184930845360824, 2
79, server_A, 3.4704019320064656, 898.1291749309712, 8.184930845360824, 2
80, server_A, 3.4704019320064656, 898.1291749309712, 8.184930845360824, 2
81, server_A, 3.4704019320064656, 898.1291749309712, 8.184930845360824, 2
82, server_A, 3.4704019320064656, 898.1291749309712, 8.184930845360824, 2
83, server_A, 3.4704019320064656, 898.1291749309712, 8.184930845360824, 2
84, server_A, 3.4704019320064656, 898.1291749309712, 8.184930845360824, 2
85, server_A, 3.4704019320064656, 898.1291749309712, 8.184930845360824, 2
86, server_A, 3.4704019320064656, 898.1291749309712, 8.184930845360824, 2
87, server_A, 3.4704019320064656, 898.1291749309712, 8.184930845360824, 2
88, server_A, 3.4704019320064656, 898.1291749309712, 8.184930845360824, 2
89, server_A, 3.4704019320064656, 898.1291749309712, 8.184930845360824, 2
90, server_A, 3.4704019320064656, 898.1291749309712, 8.184930845360824, 2
91, server_A, 3.4704019320064656, 898.1291749309712, 8.184930845360824, 2
92, server_A, 3.4704019320064656, 898.1291749309712, 8.184930845360824, 2
93, server_A, 3.4704019320064656, 898.1291749309712, 8.184930845360824, 2
94, server_A, 3.4704019320064656, 898.1291749309712, 8.184930845360824, 2
95, server_A, 3.4704019320064656, 898.1291749309712, 8.184930845360824, 2
96, server_A, 3.4704019320064656, 898.1291749309712, 8.184930845360824, 2
97, server_A, 3.4704019320064656, 898.1291749309712, 8.184930845360824, 2
98, server_A, 3.4704019320064656, 898.1291749309712, 8.184930845360824, 2
99, server_A, 3.4704019320064656, 898.1291749309712, 8.184930845360824, 2
100, server_A, 3.4704019320064656, 898.1291749309567, 8.184930845360824, 2
101, server_A, 3.4704019320064656, 898.1291749309567, 8.184930845360824, 2
102, server_A, 3.4704019320064656, 898.1291749309567, 8.184930845360824, 2
103, server_A, 3.4704019320064656, 898.1291749309567, 8.184930845360824, 2
104, server_A, 3.4704019320064656, 898.1291749309567, 8.184930845360824, 2
105, server_A, 3.4704019320064656, 898.1291749309567, 8.184930845360824, 2
106, server_A, 3.4704019320064656, 898.1291749309567, 8.184930845360824, 2
107, server_A, 3.4704019320064656, 898.1291749309567, 8.184930845360824, 2
108, server_A, 3.4704019320064656, 898.1291749309567, 8.184930845360824, 2
109, server_A, 3.4704019320064656, 898.1291749309567, 8.184930845360824, 2
110, server_A, 3.4704019320064656, 898.1291749309567, 8.184930845360824, 2
111, server_A, 3.4704019320064656, 898.1291749309567, 8.184930845360824, 2
112, server_A, 3.4704019320064656, 898.1291749309567, 8.184930845360824, 2
113, server_A, 3.4704019320064656, 898.1291749309567, 8.184930845360824, 2
114, server_A, 3.4704019320064656, 898.1291749309567, 8.184930845360824, 2
115, server_A, 3.4704019320064656, 898.1291749309567, 8.184930845360824, 2
116, server_A, 3.4704019320064656, 898.1291749309567, 8.184930845360824, 2
117, server_A, 3.4704019320064656, 898.1291749309567, 8.184930845360824, 2
118, server_A, 3.4704019320064656, 898.1291749309567, 8.184930845360824, 2
119, server_A, 3.4704019320064656, 898.1291749309567, 8.184930845360824, 2
120, server_A, 3.4704019320064656, 898.1291749309567, 8.184930845360824, 2
121, server_A, 3.4704019320064656, 898.1291749309567, 8.184930845360824, 2
122, server_A, 3.4704019320064656, 898.1291749309567, 8.184930845360824, 2
123, server_A, 3.4704019320064656, 898.1291749309567, 8.184930845360824, 2
124, server_A, 3.4704019320064656, 898.1291749309567, 8.184930845360824, 2
125, server_A, 3.4704019320064656, 898.1291749309567, 8.184930845360824, 2
126, server_A, 3.4704019320064656, 898.1291749309567, 8.184930845360824, 2
127, server_A, 3.4704019320064656, 898.1291749309567, 8.184930845360824, 2
128, server_A, 3.4704019320064656, 898.1291749309567, 8.184930845360824, 2
129, server_A, 3.4704019320064656, 898.1291749309567, 8.184930845360824, 2
130, server_A, 3.4704019320064656, 898.1291749309567, 8.184930845360824, 2
131, server_A, 3.4704019320064656, 898.1291749309567, 8.184930845360824, 2
132, server_A, 3.4704019320064656, 898.1291749309567, 8.184930845360824, 2
133, server_A, 3.4704019320064656, 898.1291749309567, 8.184930845360824, 2
134, server_A, 3.4704019320064656, 898.1291749309567, 8.184930845360824, 2
135, server_A, 3.4704019320064656, 898.1291749309567, 8.184930845360824, 2
136, server_A, 3.4704019320064656, 898.1291749309567, 8.184930845360824, 2
137, server_A, 3.4704019320064656, 898.1291749309567, 8.184930845360824, 2
138, server_A, 3.4704019320064656, 898.1291749309567, 8.184930845360824, 2
139, server_A, 3.4704019320064656, 898.1291749309567, 8.184930845360824, 2
140, server_A, 3.4704019320064656, 898.1291749309567, 8.184930845360824, 2
141, server_A, 3.4704019320064656, 898.1291749309567, 8.184930845360824, 2
142, server_A, 3.4704019320064656, 898.1291749309567, 8.184930845360824, 2
143, server_A, 3.4704019320064656, 898.1291749309567, 8.184930845360824, 2
144, server_A, 3.4704019320064656, 898.1291749309567, 8.184930845360824, 2
145, server_A, 3.4704019320064656, 898.1291749309567, 8.184930845360824, 2
146, server_A, 3.4704019320064656, 898.1291749309567, 8.184930845360824, 2
147, server_A, 3.4704019320064656, 898.1291749309567, 8.184930845360824, 2
148, server_A, 3.4704019320064656, 898.1291749309567, 8.184930845360824, 2
149, server_A, 3.4704019320064656, 898.1291749309567, 8.184930845360824, 2
150, server_A, 3.4704019320064656, 898.1291749309567, 8.184930845360824, 2
151, server_A, 3.4704019320064656, 898.1291749309567, 8.184930845360824, 2
152, server_A, 3.4704019320064656, 898.1291749309567, 8.184930845360824, 2
153, server_A, 3.4704019320064656, 898.1291749309567, 8.184930845360824, 2
154, server_A, 3.4704019320064656, 898.1291749309567, 8.184930845360824, 2
155, server_A, 3.4704019320064656, 898.1291749309567, 8.184930845360824, 2
156, server_A, 3.4704019320064656, 898.1291749309567, 8.184930845360824, 2
157, server_A, 3.4704019320064656, 898.1291749309567, 8.184930845360824, 2
158, server_A, 3.4704019320064656, 898.1291749309567, 8.184930845360824, 2
159, server_A, 3.4704019320064656, 898.1291749309567, 8.184930845360824, 2
160, server_A, 3.4704019320064656, 898.1291749309567, 8.184930845360824, 2
161, server_A, 3.4704019320064656, 898.1291749309567, 8.184930845360824, 2
162, server_A, 3.4704019320064656, 898.1291749309567, 8.184930845360824, 2
163, server_A, 3.4704019320064656, 898.1291749309567, 8.184930845360824, 2
164, server_A, 3.4704019320064656, 898.1291749309567, 8.184930845360824, 2
165, server_A, 3.4704019320064656, 898.1291749309567, 8.184930845360824, 2
166, server_A, 3.4704019320064656, 898.1291749309567, 8.184930845360824, 2
167, server_A, 3.4704019320064656, 898.1291749309567, 8.184930845360824, 2
168, server_A, 3.4704019320064656, 898.1291749309567, 8.184930845360824, 2
169, server_A, 3.4704019320064656, 898.1291749309567, 8.184930845360824, 2
170, server_A, 3.4704019320064656, 898.1291749309567, 8.184930845360824, 2
171, server_A, 3.4704019320064656, 898.1291749309567, 8.184930845360824, 2
172, server_A, 3.4704019320064656, 898.1291749309567, 8.184930845360824, 2
173, server_A, 3.4704019320064656, 898.1291749309567, 8.184930845360824, 2
174, server_A, 3.4704019320064656, 898.1291749309567, 8.184930845360824, 2
175, server_A, 3.4704019320064656, 898.1291749309567, 8.184930845360824, 2
176, server_A, 3.4704019320064656, 898.1291749309567, 8.184930845360824, 2
177, server_A, 3.4704019320064656, 898.1291749309567, 8.184930845360824, 2
178, server_A, 3.4704019320064656, 898.1291749309567, 8.184930845360824, 2
179, server_A, 3.4704019320064656, 898.1291749309567, 8.184930845360824, 2
180, server_A, 3.4704019320064656, 898.1291749309567, 8.184930845360824, 2
181, server_A, 3.4704019320064656, 898.1291749309567, 8.184930845360824, 2
182, server_A, 3.4704019320064656, 898.1291749309567, 8.184930845360824, 2
183, server_A, 3.4704019320064656, 898.1291749309567, 8.184930845360824, 2
184, server_A, 3.4704019320064656, 898.1291749309567, 8.184930845360824, 2
185, server_A, 3.4704019320064656, 898.1291749309567, 8.184930845360824, 2
186, server_A, 3.4704019320064656, 898.1291749309567, 8.184930845360824, 2
187, server_A, 3.4704019320064656, 898.1291749309567, 8.184930845360824, 2
188, server_A, 3.4704019320064656, 898.1291749309567, 8.184930845360824, 2
189, server_A, 3.4704019320064656, 898.1291749309567, 8.184930845360824, 2
190, server_A, 3.4704019320064656, 898.1291749309567, 8.184930845360824, 2
191, server_A, 3.4704019320064656, 898.1291749309567, 8.184930845360824, 2
192, server_A, 3.4704019320064656, 898.1291749309567, 8.184930845360824, 2
193, server_A, 3.4704019320064656, 898.1291749309567, 8.184930845360824, 2
194, server_A, 3.4704019320064656, 898.1291749309567, 8.184930845360824, 2
195, server_A, 3.4704019320064656, 898.1291749309567, 8.184930845360824, 2
196, server_A, 3.4704019320064656, 898.1291749309567, 8.184930845360824, 2
197, server_A, 3.4704019320064656, 898.1291749309567, 8.184930845360824, 2
198, server_A, 3.4704019320064656, 898.1291749309567, 8.184930845360824, 2
199, server_A, 3.4704019320064656, 898.1291749309567, 8.184930845360824, 2
200, server_A, 3.4704019320064656, 898.1291749309567, 8.184930845360824, 2
201, server_A, 3.4704019320064656, 898.1291749309567, 8.184930845360824, 2
202, server_A, 3.4704019320064656, 898.1291749309567, 8.184930845360824, 2
203, server_A, 3.4704019320064656, 898.1291749309858, 8.184930845360824, 2
204, server_A, 3.4704019320064656, 898.1291749309858, 8.184930845360824, 2
205, server_A, 3.4704019320064656, 898.1291749309858, 8.184930845360824, 2
206, server_A, 3.4704019320064656, 898.1291749309858, 8.184930845360824, 2
207, server_A, 3.4704019320064656, 898.1291749309858, 8.184930845360824, 2
208, server_A, 3.4704019320064656, 898.1291749309858, 8.184930845360824, 2
209, server_A, 3.4704019320064656, 898.1291749309858, 8.184930845360824, 2
210, server_A, 3.4704019320064656, 898.1291749309858, 8.184930845360824, 2
211, server_A, 3.4704019320064656, 898.1291749309858, 8.184930845360824, 2
212, server_A, 3.4704019320064656, 898.1291749309858, 8.184930845360824, 2
213, server_A, 3.4704019320064656, 898.1291749309858, 8.184930845360824, 2
214, server_A, 3.4704019320064656, 898.1291749309858, 8.184930845360824, 2
215, server_A, 3.4704019320064656, 898.1291749309858, 8.184930845360824, 2
216, server_A, 3.4704019320064656, 898.1291749309858, 8.184930845360824, 2
217, server_A, 3.4704019320064656, 898.1291749309858, 8.184930845360824, 2
218, server_A, 3.4704019320064656, 898.1291749309858, 8.184930845360824, 2
219, server_A, 3.4704019320064656, 898.1291749309858, 8.184930845360824, 2
220, server_A, 3.4704019320064656, 898.1291749309858, 8.184930845360824, 2
221, server_A, 3.4704019320064656, 898.1291749309858, 8.184930845360824, 2
222, server_A, 3.4704019320064656, 898.1291749309858, 8.184930845360824, 2
223, server_A, 3.4704019320064656, 898.1291749309858, 8.184930845360824, 2
224, server_A, 3.4704019320064656, 898.1291749309858, 8.184930845360824, 2
225, server_A, 3.4704019320064656, 898.1291749309858, 8.184930845360824, 2
226, server_A, 3.4704019320064656, 898.1291749309858, 8.184930845360824, 2
227, server_A, 3.4704019320064656, 898.1291749309858, 8.184930845360824, 2
228, server_A, 3.4704019320064656, 898.1291749309858, 8.184930845360824, 2
229, server_A, 3.4704019320064656, 898.1291749309858, 8.184930845360824, 2
230, server_A, 3.4704019320064656, 898.1291749309858, 8.184930845360824, 2
231, server_A, 3.4704019320064656, 898.1291749309858, 8.184930845360824, 2
232, server_A, 3.4704019320064656, 898.1291749309858, 8.184930845360824, 2
233, server_A, 3.4704019320064656, 898.1291749309858, 8.184930845360824, 2
234, server_A, 3.4704019320064656, 898.1291749309858, 8.184930845360824, 2
235, server_A, 3.4704019320064656, 898.1291749309858, 8.184930845360824, 2
236, server_A, 3.4704019320064656, 898.1291749309858, 8.184930845360824, 2
237, server_A, 3.4704019320064656, 898.1291749309858, 8.184930845360824, 2
238, server_A, 3.4704019320064656, 898.1291749309858, 8.184930845360824, 2
239, server_A, 3.4704019320064656, 898.1291749309858, 8.184930845360824, 2
240, server_A, 3.4704019320064656, 898.1291749309858, 8.184930845360824, 2
241, server_A, 3.4704019320064656, 898.1291749309858, 8.184930845360824, 2
242, server_A, 3.4704019320064656, 898.1291749309858, 8.184930845360824, 2
243, server_A, 3.4704019320064656, 898.1291749309858, 8.184930845360824, 2
244, server_A, 3.4704019320064656, 898.1291749309858, 8.184930845360824, 2
245, server_A, 3.4704019320064656, 898.1291749309858, 8.184930845360824, 2
246, server_A, 3.4704019320064656, 898.1291749309858, 8.184930845360824, 2
247, server_A, 3.4704019320064656, 898.1291749309858, 8.184930845360824, 2
248, server_A, 3.4704019320064656, 898.1291749309858, 8.184930845360824, 2
249, server_A, 3.4704019320064656, 898.1291749309858, 8.184930845360824, 2
250, server_A, 3.4704019320064656, 898.1291749309858, 8.184930845360824, 2
251, server_A, 3.4704019320064656, 898.1291749309858, 8.184930845360824, 2
252, server_A, 3.4704019320064656, 898.1291749309858, 8.184930845360824, 2
253, server_A, 3.4704019320064656, 898.1291749309858, 8.184930845360824, 2
254, server_A, 3.4704019320064656, 898.1291749309858, 8.184930845360824, 2
255, server_A, 3.4704019320064656, 898.1291749309858, 8.184930845360824, 2
256, server_A, 3.4704019320064656, 898.1291749309858, 8.184930845360824, 2
257, server_A, 3.4704019320064656, 898.1291749309858, 8.184930845360824, 2
258, server_A, 3.4704019320064656, 898.1291749309858, 8.184930845360824, 2
259, server_A, 3.4704019320064656, 898.1291749309858, 8.184930845360824, 2
260, server_A, 3.4704019320064656, 898.1291749309858, 8.184930845360824, 2
261, server_A, 3.4704019320064656, 898.1291749309858, 8.184930845360824, 2
262, server_A, 3.4704019320064656, 898.1291749309858, 8.184930845360824, 2
263, server_A, 3.4704019320064656, 898.1291749309858, 8.184930845360824, 2
264, server_A, 3.4704019320064656, 898.1291749309858, 8.184930845360824, 2
265, server_A, 3.4704019320064656, 898.1291749309858, 8.184930845360824, 2
266, server_A, 3.4704019320064656, 898.1291749309858, 8.184930845360824, 2
267, server_A, 3.4704019320064656, 898.1291749309858, 8.184930845360824, 2
268, server_A, 3.4704019320064656, 898.1291749309858, 8.184930845360824, 2
269, server_A, 3.4704019320064656, 898.1291749309858, 8.184930845360824, 2
270, server_A, 3.4704019320064656, 898.1291749309858, 8.184930845360824, 2
271, server_A, 3.4704019320064656, 898.1291749309858, 8.184930845360824, 2
272, server_A, 3.4704019320064656, 898.1291749309858, 8.184930845360824, 2
273, server_A, 3.4704019320064656, 898.1291749309858, 8.184930845360824, 2
274, server_A, 3.4704019320064656, 898.1291749309858, 8.184930845360824, 2
275, server_A, 3.4704019320064656, 898.1291749309858, 8.184930845360824, 2
276, server_A, 3.4704019320064656, 898.1291749309858, 8.184930845360824, 2
277, server_A, 3.4704019320064656, 898.1291749309858, 8.184930845360824, 2
278, server_A, 3.4704019320064656, 898.1291749309858, 8.184930845360824, 2
279, server_A, 3.4704019320064656, 898.1291749309858, 8.184930845360824, 2
280, server_A, 3.4704019320064656, 898.1291749309858, 8.184930845360824, 2
281, server_A, 3.4704019320064656, 898.1291749309858, 8.184930845360824, 2
282, server_A, 3.4704019320064656, 898.1291749309858, 8.184930845360824, 2
283, server_A, 3.4704019320064656, 898.1291749309858, 8.184930845360824, 2
284, server_A, 3.4704019320064656, 898.1291749309858, 8.184930845360824, 2
285, server_A, 3.4704019320064656, 898.1291749309858, 8.184930845360824, 2
286, server_A, 3.4704019320064656, 898.1291749309858, 8.184930845360824, 2
287, server_A, 3.4704019320064656, 898.1291749309858, 8.184930845360824, 2
288, server_A, 3.4704019320064656, 898.1291749309858, 8.184930845360824, 2
289, server_A, 3.4704019320064656, 898.1291749309858, 8.184930845360824, 2
290, server_A, 3.4704019320064656, 898.1291749309858, 8.184930845360824, 2
291, server_A, 3.4704019320064656, 898.1291749309858, 8.184930845360824, 2
292, server_A, 3.4704019320064656, 898.1291749309858, 8.184930845360824, 2
293, server_A, 3.4704019320064656, 898.1291749309858, 8.184930845360824, 2
294, server_A, 3.4704019320064656, 898.1291749309858, 8.184930845360824, 2
295, server_A, 3.4704019320064656, 898.1291749309858, 8.184930845360824, 2
296, server_A, 3.4704019320064656, 898.1291749309858, 8.184930845360824, 2
297, server_A, 3.4704019320064656, 898.1291749309858, 8.184930845360824, 2
298, server_A, 3.4704019320064656, 898.1291749309858, 8.184930845360824, 2
299, server_A, 3.4704019320064656, 898.1291749309858, 8.184930845360824, 2
300, server_A, 3.4704019320064656, 898.1291749309858, 8.184930845360824, 2
301, server_A, 3.4704019320064656, 898.1291749309858, 8.184930845360824, 2
302, server_A, 3.4704019320064656, 898.1291749309858, 8.184930845360824, 2
303, server_A, 3.4704019320064656, 898.1291749309858, 8.184930845360824, 2
304, server_A, 3.4704019320064656, 898.1291749309858, 8.184930845360824, 2
305, server_A, 3.4704019320064656, 898.1291749309858, 8.184930845360824, 2
306, server_A, 3.4704019320064656, 898.1291749309858, 8.184930845360824, 2
307, server_A, 3.4704019320064656, 898.1291749309858, 8.184930845360824, 2
308, server_A, 3.4704019320064656, 898.1291749309858, 8.184930845360824, 2
309, server_A, 3.4704019320064656, 898.1291749309858, 8.184930845360824, 2
310, server_A, 3.4704019320064656, 898.1291749309858, 8.184930845360824, 2
311, server_A, 3.4704019320064656, 898.1291749309858, 8.184930845360824, 2
312, server_A, 3.4704019320064656, 898.1291749309858, 8.184930845360824, 2
313, server_A, 3.4704019320064656, 898.1291749309858, 8.184930845360824, 2
314, server_A, 3.4704019320064656, 898.1291749309858, 8.184930845360824, 2
315, server_A, 3.4704019320064656, 898.1291749309858, 8.184930845360824, 2
316, server_A, 3.4704019320064656, 898.1291749309858, 8.184930845360824, 2
317, server_A, 3.4704019320064656, 898.1291749309858, 8.184930845360824, 2
318, server_A, 3.4704019320064656, 898.1291749309858, 8.184930845360824, 2
319, server_A, 3.4704019320064656, 898.1291749309858, 8.184930845360824, 2
320, server_A, 3.4704019320064656, 898.1291749309858, 8.184930845360824, 2
321, server_A, 3.4704019320064656, 898.1291749309858, 8.184930845360824, 2
322, server_A, 3.4704019320064656, 898.1291749309858, 8.184930845360824, 2
323, server_A, 3.4704019320064656, 898.1291749309858, 8.184930845360824, 2
324, server_A, 3.4704019320064656, 898.1291749309858, 8.184930845360824, 2
325, server_A, 3.4704019320064656, 898.1291749309858, 8.184930845360824, 2
326, server_A, 3.4704019320064656, 898.1291749309858, 8.184930845360824, 2
327, server_A, 3.4704019320064656, 898.1291749309858, 8.184930845360824, 2
328, server_A, 3.4704019320064656, 898.1291749309858, 8.184930845360824, 2
329, server_A, 3.4704019320064656, 898.1291749309858, 8.184930845360824, 2
330, server_A, 3.4704019320064656, 898.1291749309858, 8.184930845360824, 2
331, server_A, 3.4704019320064656, 898.1291749309858, 8.184930845360824, 2
332, server_A, 3.4704019320064656, 898.1291749309858, 8.184930845360824, 2
333, server_A, 3.4704019320064656, 898.1291749309858, 8.184930845360824, 2
334, server_A, 3.4704019320064656, 898.1291749309858, 8.184930845360824, 2
335, server_A, 3.4704019320064656, 898.1291749309858, 8.184930845360824, 2
336, server_A, 3.4704019320064656, 898.1291749309858, 8.184930845360824, 2
337, server_A, 3.4704019320064656, 898.1291749309858, 8.184930845360824, 2
338, server_A, 3.4704019320064656, 898.1291749309858, 8.184930845360824, 2
339, server_A, 3.4704019320064656, 898.1291749309858, 8.184930845360824, 2
340, server_A, 3.4704019320064656, 898.1291749309858, 8.184930845360824, 2
341, server_A, 3.4704019320064656, 898.1291749309858, 8.184930845360824, 2
342, server_A, 3.4704019320064656, 898.1291749309858, 8.184930845360824, 2
343, server_A, 3.4704019320064656, 898.1291749309858, 8.184930845360824, 2
344, server_A, 3.4704019320064656, 898.1291749309858, 8.184930845360824, 2
345, server_A, 3.4704019320064656, 898.1291749309858, 8.184930845360824, 2
346, server_A, 3.4704019320064656, 898.1291749309858, 8.184930845360824, 2
347, server_A, 3.4704019320064656, 898.1291749309858, 8.184930845360824, 2
348, server_A, 3.4704019320064656, 898.1291749309858, 8.184930845360824, 2
349, server_A, 3.4704019320064656, 898.1291749309858, 8.184930845360824, 2
350, server_A, 3.4704019320064656, 898.1291749309858, 8.184930845360824, 2
351, server_A, 3.4704019320064656, 898.1291749309858, 8.184930845360824, 2
352, server_A, 3.4704019320064656, 898.1291749309858, 8.184930845360824, 2
353, server_A, 3.4704019320064656, 898.1291749309858, 8.184930845360824, 2
354, server_A, 3.4704019320064656, 898.1291749309858, 8.184930845360824, 2
355, server_A, 3.4704019320064656, 898.1291749309858, 8.184930845360824, 2
356, server_A, 3.4704019320064656, 898.1291749309858, 8.184930845360824, 2
357, server_A, 3.4704019320064656, 898.1291749309858, 8.184930845360824, 2
358, server_A, 3.4704019320064656, 898.1291749309858, 8.184930845360824, 2
359, server_A, 3.4704019320064656, 898.1291749309858, 8.184930845360824, 2
360, server_A, 3.4704019320064656, 898.1291749309858, 8.184930845360824, 2
361, server_A, 3.4704019320064656, 898.1291749309858, 8.184930845360824, 2
362, server_A, 3.4704019320064656, 898.1291749309858, 8.184930845360824, 2
363, server_A, 3.4704019320064656, 898.1291749309858, 8.184930845360824, 2
364, server_A, 3.4704019320064656, 898.1291749309858, 8.184930845360824, 2
365, server_A, 3.4704019320064656, 898.1291749309858, 8.184930845360824, 2
366, server_A, 3.4704019320064656, 898.1291749309858, 8.184930845360824, 2
367, server_A, 3.4704019320064656, 898.1291749309858, 8.184930845360824, 2
368, server_A, 3.4704019320064656, 898.1291749309858, 8.184930845360824, 2
369, server_A, 3.4704019320064656, 898.1291749309858, 8.184930845360824, 2
370, server_A, 3.4704019320064656, 898.1291749309858, 8.184930845360824, 2
371, server_A, 3.4704019320064656, 898.1291749309858, 8.184930845360824, 2
372, server_A, 3.4704019320064656, 898.1291749309858, 8.184930845360824, 2
373, server_A, 3.4704019320064656, 898.1291749309858, 8.184930845360824, 2
374, server_A, 3.4704019320064656, 898.1291749309858, 8.184930845360824, 2
375, server_A, 3.4704019320064656, 898.1291749309858, 8.184930845360824, 2
376, server_A, 3.4704019320064656, 898.1291749309858, 8.184930845360824, 2
377, server_A, 3.4704019320064656, 898.1291749309858, 8.184930845360824, 2
378, server_A, 3.4704019320064656, 898.1291749309858, 8.184930845360824, 2
379, server_A, 3.4704019320064656, 898.1291749309858, 8.184930845360824, 2
380, server_A, 3.4704019320064656, 898.1291749309858, 8.184930845360824, 2
381, server_A, 3.4704019320064656, 898.1291749309858, 8.184930845360824, 2
382, server_A, 3.4704019320064656, 898.1291749309858, 8.184930845360824, 2
383, server_A, 3.4704019320064656, 898.1291749309858, 8.184930845360824, 2
384, server_A, 3.4704019320064656, 898.1291749309858, 8.184930845360824, 2
385, server_A, 3.4704019320064656, 898.1291749309858, 8.184930845360824, 2
386, server_A, 3.4704019320064656, 898.1291749309858, 8.184930845360824, 2
387, server_A, 3.4704019320064656, 898.1291749309858, 8.184930845360824, 2
388, server_A, 3.4704019320064656, 898.1291749309858, 8.184930845360824, 2
389, server_A, 3.4704019320064656, 898.1291749309858, 8.184930845360824, 2
390, server_A, 3.4704019320064656, 898.1291749309858, 8.184930845360824, 2
391, server_A, 3.4704019320064656, 898.1291749309858, 8.184930845360824, 2
392, server_A, 3.4704019320064656, 898.1291749309858, 8.184930845360824, 2
393, server_A, 3.4704019320064656, 898.1291749309858, 8.184930845360824, 2
394, server_A, 3.4704019320064656, 898.1291749309858, 8.184930845360824, 2
395, server_A, 3.4704019320064656, 898.1291749309858, 8.184930845360824, 2
396, server_A, 3.4704019320064656, 898.1291749309858, 8.184930845360824, 2
397, server_A, 3.4704019320064656, 898.1291749309858, 8.184930845360824, 2
398, server_A, 3.4704019320064656, 898.1291749309858, 8.184930845360824, 2
399, server_A, 3.4704019320064656, 898.1291749309858, 8.184930845360824, 2
400, server_A, 3.4704019320064656, 898.1291749309858, 8.184930845360824, 2
401, server_A, 3.4704019320064656, 898.1291749309858, 8.184930845360824, 2
402, server_A, 3.4704019320064656, 898.1291749309858, 8.184930845360824, 2
403, server_A, 3.4704019320064656, 898.1291749309858, 8.184930845360824, 2
404, server_A, 3.4704019320064656, 898.1291749309858, 8.184930845360824, 2
405, server_A, 3.4704019320064656, 898.1291749309858, 8.184930845360824, 2
406, server_A, 3.4704019320064656, 898.1291749309858, 8.184930845360824, 2
407, server_A, 3.4704019320064656, 898.1291749309274, 8.184930845360824, 2
408, server_A, 3.4704019320064656, 898.1291749309274, 8.184930845360824, 2
409, server_A, 3.4704019320064656, 898.1291749309274, 8.184930845360824, 2
410, server_A, 3.4704019320064656, 898.1291749309274, 8.184930845360824, 2
411, server_A, 3.4704019320064656, 898.1291749309274, 8.184930845360824, 2
412, server_A, 3.4704019320064656, 898.1291749309274, 8.184930845360824, 2
413, server_A, 3.4704019320064656, 898.1291749309274, 8.184930845360824, 2
414, server_A, 3.4704019320064656, 898.1291749309274, 8.184930845360824, 2
415, server_A, 3.4704019320064656, 898.1291749309274, 8.184930845360824, 2
416, server_A, 3.4704019320064656, 898.1291749309274, 8.184930845360824, 2
417, server_A, 3.4704019320064656, 898.1291749309274, 8.184930845360824, 2
418, server_A, 3.4704019320064656, 898.1291749309274, 8.184930845360824, 2
419, server_A, 3.4704019320064656, 898.1291749309274, 8.184930845360824, 2
420, server_A, 3.4704019320064656, 898.1291749309274, 8.184930845360824, 2
421, server_A, 3.4704019320064656, 898.1291749309274, 8.184930845360824, 2
422, server_A, 3.4704019320064656, 898.1291749309274, 8.184930845360824, 2
423, server_A, 3.4704019320064656, 898.1291749309274, 8.184930845360824, 2
424, server_A, 3.4704019320064656, 898.1291749309274, 8.184930845360824, 2
425, server_A, 3.4704019320064656, 898.1291749309274, 8.184930845360824, 2
426, server_A, 3.4704019320064656, 898.1291749309274, 8.184930845360824, 2
427, server_A, 3.4704019320064656, 898.1291749309274, 8.184930845360824, 2
428, server_A, 3.4704019320064656, 898.1291749309274, 8.184930845360824, 2
429, server_A, 3.4704019320064656, 898.1291749309274, 8.184930845360824, 2
430, server_A, 3.4704019320064656, 898.1291749309274, 8.184930845360824, 2
431, server_A, 3.4704019320064656, 898.1291749309274, 8.184930845360824, 2
432, server_A, 3.4704019320064656, 898.1291749309274, 8.184930845360824, 2
433, server_A, 3.4704019320064656, 898.1291749309274, 8.184930845360824, 2
434, server_A, 3.4704019320064656, 898.1291749309274, 8.184930845360824, 2
435, server_A, 3.4704019320064656, 898.1291749309274, 8.184930845360824, 2
436, server_A, 3.4704019320064656, 898.1291749309274, 8.184930845360824, 2
437, server_A, 3.4704019320064656, 898.1291749309274, 8.184930845360824, 2
438, server_A, 3.4704019320064656, 898.1291749309274, 8.184930845360824, 2
439, server_A, 3.4704019320064656, 898.1291749309274, 8.184930845360824, 2
440, server_A, 3.4704019320064656, 898.1291749309274, 8.184930845360824, 2
441, server_A, 3.4704019320064656, 898.1291749309274, 8.184930845360824, 2
442, server_A, 3.4704019320064656, 898.1291749309274, 8.184930845360824, 2
443, server_A, 3.4704019320064656, 898.1291749309274, 8.184930845360824, 2
444, server_A, 3.4704019320064656, 898.1291749309274, 8.184930845360824, 2
445, server_A, 3.4704019320064656, 898.1291749309274, 8.184930845360824, 2
446, server_A, 3.4704019320064656, 898.1291749309274, 8.184930845360824, 2
447, server_A, 3.4704019320064656, 898.1291749309274, 8.184930845360824, 2
448, server_A, 3.4704019320064656, 898.1291749309274, 8.184930845360824, 2
449, server_A, 3.4704019320064656, 898.1291749309274, 8.184930845360824, 2
450, server_A, 3.4704019320064656, 898.1291749309274, 8.184930845360824, 2
451, server_A, 3.4704019320064656, 898.1291749309274, 8.184930845360824, 2
452, server_A, 3.4704019320064656, 898.1291749309274, 8.184930845360824, 2
453, server_A, 3.4704019320064656, 898.1291749309274, 8.184930845360824, 2
454, server_A, 3.4704019320064656, 898.1291749309274, 8.184930845360824, 2
455, server_A, 3.4704019320064656, 898.1291749309274, 8.184930845360824, 2
456, server_A, 3.4704019320064656, 898.1291749309274, 8.184930845360824, 2
457, server_A, 3.4704019320064656, 898.1291749309274, 8.184930845360824, 2
458, server_A, 3.4704019320064656, 898.1291749309274, 8.184930845360824, 2
459, server_A, 3.4704019320064656, 898.1291749309274, 8.184930845360824, 2
460, server_A, 3.4704019320064656, 898.1291749309274, 8.184930845360824, 2
461, server_A, 3.4704019320064656, 898.1291749309274, 8.184930845360824, 2
462, server_A, 3.4704019320064656, 898.1291749309274, 8.184930845360824, 2
463, server_A, 3.4704019320064656, 898.1291749309274, 8.184930845360824, 2
464, server_A, 3.4704019320064656, 898.1291749309274, 8.184930845360824, 2
465, server_A, 3.4704019320064656, 898.1291749309274, 8.184930845360824, 2
466, server_A, 3.4704019320064656, 898.1291749309274, 8.184930845360824, 2
467, server_A, 3.4704019320064656, 898.1291749309274, 8.184930845360824, 2
468, server_A, 3.4704019320064656, 898.1291749309274, 8.184930845360824, 2
469, server_A, 3.4704019320064656, 898.1291749309274, 8.184930845360824, 2
470, server_A, 3.4704019320064656, 898.1291749309274, 8.184930845360824, 2
471, server_A, 3.4704019320064656, 898.1291749309274, 8.184930845360824, 2
472, server_A, 3.4704019320064656, 898.1291749309274, 8.184930845360824, 2
473, server_A, 3.4704019320064656, 898.1291749309274, 8.184930845360824, 2
474, server_A, 3.4704019320064656, 898.1291749309274, 8.184930845360824, 2
475, server_A, 3.4704019320064656, 898.1291749309274, 8.184930845360824, 2
476, server_A, 3.4704019320064656, 898.1291749309274, 8.184930845360824, 2
477, server_A, 3.4704019320064656, 898.1291749309274, 8.184930845360824, 2
478, server_A, 3.4704019320064656, 898.1291749309274, 8.184930845360824, 2
479, server_A, 3.4704019320064656, 898.1291749309274, 8.184930845360824, 2
480, server_A, 3.4704019320064656, 898.1291749309274, 8.184930845360824, 2
481, server_A, 3.4704019320064656, 898.1291749309274, 8.184930845360824, 2
482, server_A, 3.4704019320064656, 898.1291749309274, 8.184930845360824, 2
483, server_A, 3.4704019320064656, 898.1291749309274, 8.184930845360824, 2
484, server_A, 3.4704019320064656, 898.1291749309274, 8.184930845360824, 2
485, server_A, 3.4704019320064656, 898.1291749309274, 8.184930845360824, 2
486, server_A, 3.4704019320064656, 898.1291749309274, 8.184930845360824, 2
487, server_A, 3.4704019320064656, 898.1291749309274, 8.184930845360824, 2
488, server_A, 3.4704019320064656, 898.1291749309274, 8.184930845360824, 2
489, server_A, 3.4704019320064656, 898.1291749309274, 8.184930845360824, 2
490, server_A, 3.4704019320064656, 898.1291749309274, 8.184930845360824, 2
491, server_A, 3.4704019320064656, 898.1291749309274, 8.184930845360824, 2
492, server_A, 3.4704019320064656, 898.1291749309274, 8.184930845360824, 2
493, server_A, 3.4704019320064656, 898.1291749309274, 8.184930845360824, 2
494, server_A, 3.4704019320064656, 898.1291749309274, 8.184930845360824, 2
495, server_A, 3.4704019320064656, 898.1291749309274, 8.184930845360824, 2
496, server_A, 3.4704019320064656, 898.1291749309274, 8.184930845360824, 2
497, server_A, 3.4704019320064656, 898.1291749309274, 8.184930845360824, 2
498, server_A, 3.4704019320064656, 898.1291749309274, 8.184930845360824, 2
499, server_A, 3.4704019320064656, 898.1291749309274, 8.184930845360824, 2
500, server_A, 3.4704019320064656, 898.1291749309274, 8.184930845360824, 2
501, server_A, 3.4704019320064656, 898.1291749309274, 8.184930845360824, 2
502, server_A, 3.4704019320064656, 898.1291749309274, 8.184930845360824, 2
503, server_A, 3.4704019320064656, 898.1291749309274, 8.184930845360824, 2
504, server_A, 3.4704019320064656, 898.1291749309274, 8.184930845360824, 2
505, server_A, 3.4704019320064656, 898.1291749309274, 8.184930845360824, 2
506, server_A, 3.4704019320064656, 898.1291749309274, 8.184930845360824, 2
507, server_A, 3.4704019320064656, 898.1291749309274, 8.184930845360824, 2
508, server_A, 3.4704019320064656, 898.1291749309274, 8.184930845360824, 2
509, server_A, 3.4704019320064656, 898.1291749309274, 8.184930845360824, 2
510, server_A, 3.4704019320064656, 898.1291749309274, 8.184930845360824, 2
511, server_A, 3.4704019320064656, 898.1291749309274, 8.184930845360824, 2
512, server_A, 3.4704019320064656, 898.1291749309274, 8.184930845360824, 2
513, server_A, 3.4704019320064656, 898.1291749309274, 8.184930845360824, 2
514, server_A, 3.4704019320064656, 898.1291749309274, 8.184930845360824, 2
515, server_A, 3.4704019320064656, 898.1291749309274, 8.184930845360824, 2
516, server_A, 3.4704019320064656, 898.1291749309274, 8.184930845360824, 2
517, server_A, 3.4704019320064656, 898.1291749309274, 8.184930845360824, 2
518, server_A, 3.4704019320064656, 898.1291749309274, 8.184930845360824, 2
519, server_A, 3.4704019320064656, 898.1291749309274, 8.184930845360824, 2
520, server_A, 3.4704019320064656, 898.1291749309274, 8.184930845360824, 2
521, server_A, 3.4704019320064656, 898.1291749309274, 8.184930845360824, 2
522, server_A, 3.4704019320064656, 898.1291749309274, 8.184930845360824, 2
523, server_A, 3.4704019320064656, 898.1291749309274, 8.184930845360824, 2
524, server_A, 3.4704019320064656, 898.1291749309274, 8.184930845360824, 2
525, server_A, 3.4704019320064656, 898.1291749309274, 8.184930845360824, 2
526, server_A, 3.4704019320064656, 898.1291749309274, 8.184930845360824, 2
527, server_A, 3.4704019320064656, 898.1291749309274, 8.184930845360824, 2
528, server_A, 3.4704019320064656, 898.1291749309274, 8.184930845360824, 2
529, server_A, 3.4704019320064656, 898.1291749309274, 8.184930845360824, 2
530, server_A, 3.4704019320064656, 898.1291749309274, 8.184930845360824, 2
531, server_A, 3.4704019320064656, 898.1291749309274, 8.184930845360824, 2
532, server_A, 3.4704019320064656, 898.1291749309274, 8.184930845360824, 2
533, server_A, 3.4704019320064656, 898.1291749309274, 8.184930845360824, 2
534, server_A, 3.4704019320064656, 898.1291749309274, 8.184930845360824, 2
535, server_A, 3.4704019320064656, 898.1291749309274, 8.184930845360824, 2
536, server_A, 3.4704019320064656, 898.1291749309274, 8.184930845360824, 2
537, server_A, 3.4704019320064656, 898.1291749309274, 8.184930845360824, 2
538, server_A, 3.4704019320064656, 898.1291749309274, 8.184930845360824, 2
539, server_A, 3.4704019320064656, 898.1291749309274, 8.184930845360824, 2
540, server_A, 3.4704019320064656, 898.1291749309274, 8.184930845360824, 2
541, server_A, 3.4704019320064656, 898.1291749309274, 8.184930845360824, 2
542, server_A, 3.4704019320064656, 898.1291749309274, 8.184930845360824, 2
543, server_A, 3.4704019320064656, 898.1291749309274, 8.184930845360824, 2
544, server_A, 3.4704019320064656, 898.1291749309274, 8.184930845360824, 2
545, server_A, 3.4704019320064656, 898.1291749309274, 8.184930845360824, 2
546, server_A, 3.4704019320064656, 898.1291749309274, 8.184930845360824, 2
547, server_A, 3.4704019320064656, 898.1291749309274, 8.184930845360824, 2
548, server_A, 3.4704019320064656, 898.1291749309274, 8.184930845360824, 2
549, server_A, 3.4704019320064656, 898.1291749309274, 8.184930845360824, 2
550, server_A, 3.4704019320064656, 898.1291749309274, 8.184930845360824, 2
551, server_A, 3.4704019320064656, 898.1291749309274, 8.184930845360824, 2
552, server_A, 3.4704019320064656, 898.1291749309274, 8.184930845360824, 2
553, server_A, 3.4704019320064656, 898.1291749309274, 8.184930845360824, 2
554, server_A, 3.4704019320064656, 898.1291749309274, 8.184930845360824, 2
555, server_A, 3.4704019320064656, 898.1291749309274, 8.184930845360824, 2
556, server_A, 3.4704019320064656, 898.1291749309274, 8.184930845360824, 2
557, server_A, 3.4704019320064656, 898.1291749309274, 8.184930845360824, 2
558, server_A, 3.4704019320064656, 898.1291749309274, 8.184930845360824, 2
559, server_A, 3.4704019320064656, 898.1291749309274, 8.184930845360824, 2
560, server_A, 3.4704019320064656, 898.1291749309274, 8.184930845360824, 2
561, server_A, 3.4704019320064656, 898.1291749309274, 8.184930845360824, 2
562, server_A, 3.4704019320064656, 898.1291749309274, 8.184930845360824, 2
563, server_A, 3.4704019320064656, 898.1291749309274, 8.184930845360824, 2
564, server_A, 3.4704019320064656, 898.1291749309274, 8.184930845360824, 2
565, server_A, 3.4704019320064656, 898.1291749309274, 8.184930845360824, 2
566, server_A, 3.4704019320064656, 898.1291749309274, 8.184930845360824, 2
567, server_A, 3.4704019320064656, 898.1291749309274, 8.184930845360824, 2
568, server_A, 3.4704019320064656, 898.1291749309274, 8.184930845360824, 2
569, server_A, 3.4704019320064656, 898.1291749309274, 8.184930845360824, 2
570, server_A, 3.4704019320064656, 898.1291749309274, 8.184930845360824, 2
571, server_A, 3.4704019320064656, 898.1291749309274, 8.184930845360824, 2
572, server_A, 3.4704019320064656, 898.1291749309274, 8.184930845360824, 2
573, server_A, 3.4704019320064656, 898.1291749309274, 8.184930845360824, 2
574, server_A, 3.4704019320064656, 898.1291749309274, 8.184930845360824, 2
575, server_A, 3.4704019320064656, 898.1291749309274, 8.184930845360824, 2
576, server_A, 3.4704019320064656, 898.1291749309274, 8.184930845360824, 2
577, server_A, 3.4704019320064656, 898.1291749309274, 8.184930845360824, 2
578, server_A, 3.4704019320064656, 898.1291749309274, 8.184930845360824, 2
579, server_A, 3.4704019320064656, 898.1291749309274, 8.184930845360824, 2
580, server_A, 3.4704019320064656, 898.1291749309274, 8.184930845360824, 2
581, server_A, 3.4704019320064656, 898.1291749309274, 8.184930845360824, 2
582, server_A, 3.4704019320064656, 898.1291749309274, 8.184930845360824, 2
583, server_A, 3.4704019320064656, 898.1291749309274, 8.184930845360824, 2
584, server_A, 3.4704019320064656, 898.1291749309274, 8.184930845360824, 2
585, server_A, 3.4704019320064656, 898.1291749309274, 8.184930845360824, 2
586, server_A, 3.4704019320064656, 898.1291749309274, 8.184930845360824, 2
587, server_A, 3.4704019320064656, 898.1291749309274, 8.184930845360824, 2
588, server_A, 3.4704019320064656, 898.1291749309274, 8.184930845360824, 2
589, server_A, 3.4704019320064656, 898.1291749309274, 8.184930845360824, 2
590, server_A, 3.4704019320064656, 898.1291749309274, 8.184930845360824, 2
591, server_A, 3.4704019320064656, 898.1291749309274, 8.184930845360824, 2
592, server_A, 3.4704019320064656, 898.1291749309274, 8.184930845360824, 2
593, server_A, 3.4704019320064656, 898.1291749309274, 8.184930845360824, 2
594, server_A, 3.4704019320064656, 898.1291749309274, 8.184930845360824, 2
595, server_A, 3.4704019320064656, 898.1291749309274, 8.184930845360824, 2
596, server_A, 3.4704019320064656, 898.1291749309274, 8.184930845360824, 2
597, server_A, 3.4704019320064656, 898.1291749309274, 8.184930845360824, 2
598, server_A, 3.4704019320064656, 898.1291749309274, 8.184930845360824, 2
599, server_A, 3.4704019320064656, 898.1291749309274, 8.184930845360824, 2
600, server_A, 3.4704019320064656, 898.1291749309274, 8.184930845360824, 2
601, server_A, 3.4704019320064656, 898.1291749309274, 8.184930845360824, 2
602, server_A, 3.4704019320064656, 898.1291749309274, 8.184930845360824, 2
603, server_A, 3.4704019320064656, 898.1291749309274, 8.184930845360824, 2
604, server_A, 3.4704019320064656, 898.1291749309274, 8.184930845360824, 2
605, server_A, 3.4704019320064656, 898.1291749309274, 8.184930845360824, 2
606, server_A, 3.4704019320064656, 898.1291749309274, 8.184930845360824, 2
607, server_A, 3.4704019320064656, 898.1291749309274, 8.184930845360824, 2
608, server_A, 3.4704019320064656, 898.1291749309274, 8.184930845360824, 2
609, server_A, 3.4704019320064656, 898.1291749309274, 8.184930845360824, 2
610, server_A, 3.4704019320064656, 898.1291749309274, 8.184930845360824, 2
611, server_A, 3.4704019320064656, 898.1291749309274, 8.184930845360824, 2
612, server_A, 3.4704019320064656, 898.1291749309274, 8.184930845360824, 2
613, server_A, 3.4704019320064656, 898.1291749309274, 8.184930845360824, 2
614, server_A, 3.4704019320064656, 898.1291749309274, 8.184930845360824, 2
615, server_A, 3.4704019320064656, 898.1291749309274, 8.184930845360824, 2
616, server_A, 3.4704019320064656, 898.1291749309274, 8.184930845360824, 2
617, server_A, 3.4704019320064656, 898.1291749309274, 8.184930845360824, 2
618, server_A, 3.4704019320064656, 898.1291749309274, 8.184930845360824, 2
619, server_A, 3.4704019320064656, 898.1291749309274, 8.184930845360824, 2
620, server_A, 3.4704019320064656, 898.1291749309274, 8.184930845360824, 2
621, server_A, 3.4704019320064656, 898.1291749309274, 8.184930845360824, 2
622, server_A, 3.4704019320064656, 898.1291749309274, 8.184930845360824, 2
623, server_A, 3.4704019320064656, 898.1291749309274, 8.184930845360824, 2
624, server_A, 3.4704019320064656, 898.1291749309274, 8.184930845360824, 2
625, server_A, 3.4704019320064656, 898.1291749309274, 8.184930845360824, 2
626, server_A, 3.4704019320064656, 898.1291749309274, 8.184930845360824, 2
627, server_A, 3.4704019320064656, 898.1291749309274, 8.184930845360824, 2
628, server_A, 3.4704019320064656, 898.1291749309274, 8.184930845360824, 2
629, server_A, 3.4704019320064656, 898.1291749309274, 8.184930845360824, 2
630, server_A, 3.4704019320064656, 898.1291749309274, 8.184930845360824, 2
631, server_A, 3.4704019320064656, 898.1291749309274, 8.184930845360824, 2
632, server_A, 3.4704019320064656, 898.1291749309274, 8.184930845360824, 2
633, server_A, 3.4704019320064656, 898.1291749309274, 8.184930845360824, 2
634, server_A, 3.4704019320064656, 898.1291749309274, 8.184930845360824, 2
635, server_A, 3.4704019320064656, 898.1291749309274, 8.184930845360824, 2
636, server_A, 3.4704019320064656, 898.1291749309274, 8.184930845360824, 2
637, server_A, 3.4704019320064656, 898.1291749309274, 8.184930845360824, 2
638, server_A, 3.4704019320064656, 898.1291749309274, 8.184930845360824, 2
639, server_A, 3.4704019320064656, 898.1291749309274, 8.184930845360824, 2
640, server_A, 3.4704019320064656, 898.1291749309274, 8.184930845360824, 2
641, server_A, 3.4704019320064656, 898.1291749309274, 8.184930845360824, 2
642, server_A, 3.4704019320064656, 898.1291749309274, 8.184930845360824, 2
643, server_A, 3.4704019320064656, 898.1291749309274, 8.184930845360824, 2
644, server_A, 3.4704019320064656, 898.1291749309274, 8.184930845360824, 2
645, server_A, 3.4704019320064656, 898.1291749309274, 8.184930845360824, 2
646, server_A, 3.4704019320064656, 898.1291749309274, 8.184930845360824, 2
647, server_A, 3.4704019320064656, 898.1291749309274, 8.184930845360824, 2
648, server_A, 3.4704019320064656, 898.1291749309274, 8.184930845360824, 2
649, server_A, 3.4704019320064656, 898.1291749309274, 8.184930845360824, 2
650, server_A, 3.4704019320064656, 898.1291749309274, 8.184930845360824, 2
651, server_A, 3.4704019320064656, 898.1291749309274, 8.184930845360824, 2
652, server_A, 3.4704019320064656, 898.1291749309274, 8.184930845360824, 2
653, server_A, 3.4704019320064656, 898.1291749309274, 8.184930845360824, 2
654, server_A, 3.4704019320064656, 898.1291749309274, 8.184930845360824, 2
655, server_A, 3.4704019320064656, 898.1291749309274, 8.184930845360824, 2
656, server_A, 3.4704019320064656, 898.1291749309274, 8.184930845360824, 2
657, server_A, 3.4704019320064656, 898.1291749309274, 8.184930845360824, 2
658, server_A, 3.4704019320064656, 898.1291749309274, 8.184930845360824, 2
659, server_A, 3.4704019320064656, 898.1291749309274, 8.184930845360824, 2
660, server_A, 3.4704019320064656, 898.1291749309274, 8.184930845360824, 2
661, server_A, 3.4704019320064656, 898.1291749309274, 8.184930845360824, 2
662, server_A, 3.4704019320064656, 898.1291749309274, 8.184930845360824, 2
663, server_A, 3.4704019320064656, 898.1291749309274, 8.184930845360824, 2
664, server_A, 3.4704019320064656, 898.1291749309274, 8.184930845360824, 2
665, server_A, 3.4704019320064656, 898.1291749309274, 8.184930845360824, 2
666, server_A, 3.4704019320064656, 898.1291749309274, 8.184930845360824, 2
667, server_A, 3.4704019320064656, 898.1291749309274, 8.184930845360824, 2
668, server_A, 3.4704019320064656, 898.1291749309274, 8.184930845360824, 2
669, server_A, 3.4704019320064656, 898.1291749309274, 8.184930845360824, 2
670, server_A, 3.4704019320064656, 898.1291749309274, 8.184930845360824, 2
671, server_A, 3.4704019320064656, 898.1291749309274, 8.184930845360824, 2
672, server_A, 3.4704019320064656, 898.1291749309274, 8.184930845360824, 2
673, server_A, 3.4704019320064656, 898.1291749309274, 8.184930845360824, 2
674, server_A, 3.4704019320064656, 898.1291749309274, 8.184930845360824, 2
675, server_A, 3.4704019320064656, 898.1291749309274, 8.184930845360824, 2
676, server_A, 3.4704019320064656, 898.1291749309274, 8.184930845360824, 2
677, server_A, 3.4704019320064656, 898.1291749309274, 8.184930845360824, 2
678, server_A, 3.4704019320064656, 898.1291749309274, 8.184930845360824, 2
679, server_A, 3.4704019320064656, 898.1291749309274, 8.184930845360824, 2
680, server_A, 3.4704019320064656, 898.1291749309274, 8.184930845360824, 2
681, server_A, 3.4704019320064656, 898.1291749309274, 8.184930845360824, 2
682, server_A, 3.4704019320064656, 898.1291749309274, 8.184930845360824, 2
683, server_A, 3.4704019320064656, 898.1291749309274, 8.184930845360824, 2
684, server_A, 3.4704019320064656, 898.1291749309274, 8.184930845360824, 2
685, server_A, 3.4704019320064656, 898.1291749309274, 8.184930845360824, 2
686, server_A, 3.4704019320064656, 898.1291749309274, 8.184930845360824, 2
687, server_A, 3.4704019320064656, 898.1291749309274, 8.184930845360824, 2
688, server_A, 3.4704019320064656, 898.1291749309274, 8.184930845360824, 2
689, server_A, 3.4704019320064656, 898.1291749309274, 8.184930845360824, 2
690, server_A, 3.4704019320064656, 898.1291749309274, 8.184930845360824, 2
691, server_A, 3.4704019320064656, 898.1291749309274, 8.184930845360824, 2
692, server_A, 3.4704019320064656, 898.1291749309274, 8.184930845360824, 2
693, server_A, 3.4704019320064656, 898.1291749309274, 8.184930845360824, 2
694, server_A, 3.4704019320064656, 898.1291749309274, 8.184930845360824, 2
695, server_A, 3.4704019320064656, 898.1291749309274, 8.184930845360824, 2
696, server_A, 3.4704019320064656, 898.1291749309274, 8.184930845360824, 2
697, server_A, 3.4704019320064656, 898.1291749309274, 8.184930845360824, 2
698, server_A, 3.4704019320064656, 898.1291749309274, 8.184930845360824, 2
699, server_A, 3.4704019320064656, 898.1291749309274, 8.184930845360824, 2
700, server_A, 3.4704019320064656, 898.1291749309274, 8.184930845360824, 2
701, server_A, 3.4704019320064656, 898.1291749309274, 8.184930845360824, 2
702, server_A, 3.4704019320064656, 898.1291749309274, 8.184930845360824, 2
703, server_A, 3.4704019320064656, 898.1291749309274, 8.184930845360824, 2
704, server_A, 3.4704019320064656, 898.1291749309274, 8.184930845360824, 2
705, server_A, 3.4704019320064656, 898.1291749309274, 8.184930845360824, 2
706, server_A, 3.4704019320064656, 898.1291749309274, 8.184930845360824, 2
707, server_A, 3.4704019320064656, 898.1291749309274, 8.184930845360824, 2
708, server_A, 3.4704019320064656, 898.1291749309274, 8.184930845360824, 2
709, server_A, 3.4704019320064656, 898.1291749309274, 8.184930845360824, 2
710, server_A, 3.4704019320064656, 898.1291749309274, 8.184930845360824, 2
711, server_A, 3.4704019320064656, 898.1291749309274, 8.184930845360824, 2
712, server_A, 3.4704019320064656, 898.1291749309274, 8.184930845360824, 2
713, server_A, 3.4704019320064656, 898.1291749309274, 8.184930845360824, 2
714, server_A, 3.4704019320064656, 898.1291749309274, 8.184930845360824, 2
715, server_A, 3.4704019320064656, 898.1291749309274, 8.184930845360824, 2
716, server_A, 3.4704019320064656, 898.1291749309274, 8.184930845360824, 2
717, server_A, 3.4704019320064656, 898.1291749309274, 8.184930845360824, 2
718, server_A, 3.4704019320064656, 898.1291749309274, 8.184930845360824, 2
719, server_A, 3.4704019320064656, 898.1291749309274, 8.184930845360824, 2
