0, 130.95822115461533, Server_03, 3.4704019320064656, 2185.578180625186, 0.0, 2
1, 134.58568514748666, Server_03, 4.082246213541479, 2135.100449024562, 0.0, 4
2, 138.25332648670448, Server_03, 4.082246213541479, 2111.7113926008183, 0.0, 4
3, 142.1006768837994, Server_03, 4.082246213541479, 2013.073726231994, 0.0, 4
4, 145.94860653920634, Server_03, 4.082246213541479, 2012.7706828312369, 0.0, 4
5, 149.77897471088463, Server_03, 4.082246213541479, 2021.9988400244315, 0.0, 4
6, 153.56076642894405, Server_03, 4.082246213541479, 2047.9710617099358, 0.0, 4
7, 157.04025832470316, Server_03, 4.082246213541479, 2225.899709506378, 0.0, 4
8, 160.33449447625344, Server_03, 4.082246213541479, 2351.0761353144567, 0.0, 4
9, 163.3722962682893, Server_03, 4.082246213541479, 2549.5409280173994, 0.0, 4
10, 168.5966336727672, Server_03, 4.3882382694953606, 2328.5249512355476, 0.0, 5
11, 172.6638336649221, Server_03, 4.082246213541479, 1904.2584615802346, 0.0, 4
12, 176.7846207989427, Server_03, 4.082246213541479, 1879.4952876984134, 0.0, 4
13, 180.73436797680768, Server_03, 4.082246213541479, 1960.8850012993896, 0.0, 4
14, 184.07486623422514, Server_03, 4.082246213541479, 2318.516401797991, 0.0, 4
15, 186.72632491768516, Server_03, 4.082246213541479, 2921.033636433347, 0.0, 4
16, 191.44964049079186, Server_03, 4.3882382694953606, 2575.5213285481623, 0.0, 5
17, 197.6034132325681, Server_03, 4.3882382694953606, 1976.8360825896652, 0.0, 5
18, 201.63582671374465, Server_03, 4.082246213541479, 1920.6859703633918, 0.0, 4
19, 205.18533438868653, Server_03, 4.082246213541479, 2181.992746395969, 0.0, 4
20, 208.28586715631033, Server_03, 4.082246213541479, 2497.957796438848, 0.0, 4
21, 213.11060695240582, Server_03, 4.3882382694953606, 2521.3794969512683, 0.0, 5
22, 219.7304528442119, Server_03, 4.3882382694953606, 1837.656072184038, 0.0, 5
23, 224.19695875901067, Server_03, 4.082246213541479, 1734.017629829766, 0.0, 4
24, 228.82995545136387, Server_03, 4.082246213541479, 1671.704193698904, 0.0, 4
25, 233.18256879433326, Server_03, 4.082246213541479, 1779.3907681945147, 0.0, 4
26, 237.3622281300114, Server_03, 4.082246213541479, 1853.0218321592936, 0.0, 4
27, 241.3124497814382, Server_03, 4.082246213541479, 1960.6494732270385, 0.0, 4
28, 245.09620777959213, Server_03, 4.082246213541479, 2046.906806349331, 0.0, 4
29, 254.26882091921058, Server_03, 4.082246213541479, 1856.150987605867, 0.0, 4
30, 257.75336949717405, Server_03, 4.082246213541479, 2222.669544336369, 0.0, 4
31, 261.2238909354358, Server_03, 4.082246213541479, 2231.653121232168, 0.0, 4
32, 264.9419680174877, Server_03, 4.082246213541479, 2083.0660121026335, 0.0, 4
33, 274.4641340283004, Server_03, 4.082246213541479, 1712.6748512728893, 0.0, 4
34, 278.63208946615873, Server_03, 4.082246213541479, 1858.22524148188, 0.0, 4
35, 282.81137931864373, Server_03, 4.082246213541479, 1853.1856543510223, 0.0, 4
36, 286.7798727566334, Server_03, 4.082246213541479, 1951.6222266763891, 0.0, 4
37, 291.20781996689607, Server_03, 4.082246213541479, 1749.1175102651077, 0.0, 4
38, 295.9305171200057, Server_03, 4.082246213541479, 1639.9527111113596, 0.0, 4
39, 305.1148932282608, Server_03, 4.082246213541479, 1850.9330422569492, 0.0, 4
40, 309.5921897941449, Server_03, 4.082246213541479, 1729.8385054532887, 0.0, 4
41, 314.2238287067807, Server_03, 4.082246213541479, 1672.1942591142956, 0.0, 4
42, 318.98731577953134, Server_03, 4.082246213541479, 1625.9097341325821, 0.0, 4
43, 323.7398130578183, Server_03, 4.082246213541479, 1629.6695287728135, 0.0, 4
44, 328.8424337626712, Server_03, 4.082246213541479, 1517.8474842611886, 0.0, 4
45, 332.1459687895356, Server_03, 3.7761233727051735, 1492.3407682707127, 0.0, 3
46, 334.91152429847614, Server_03, 3.7761233727051735, 1782.643662028174, 0.0, 3
47, 343.59425797414445, Server_03, 4.082246213541479, 2103.0573161374455, 0.0, 4
48, 348.52994045777876, Server_03, 4.082246213541479, 1569.1852192033828, 0.0, 4
49, 353.75082149660324, Server_03, 4.082246213541479, 1483.4660936353866, 0.0, 4
50, 356.90644650988287, Server_03, 3.7761233727051735, 1562.2895557150705, 0.0, 3
51, 361.2254211299257, Server_03, 4.082246213541479, 1793.2497134987177, 0.0, 4
52, 365.7602162772903, Server_03, 4.082246213541479, 1707.90515300366, 0.0, 4
53, 375.8968543324258, Server_03, 4.082246213541479, 1507.7955497091539, 0.0, 4
54, 379.1463166827904, Server_03, 3.7761233727051735, 1517.1740640253242, 0.0, 3
55, 381.8415239658208, Server_03, 3.7761233727051735, 1829.1728547338128, 0.0, 3
56, 385.590480524447, Server_03, 4.082246213541479, 2065.9081744169653, 0.0, 4
57, 393.72741370519805, Server_03, 4.082246213541479, 2468.9719397037634, 0.0, 4
58, 401.49939146201933, Server_03, 4.3882382694953606, 1565.2386536133688, 0.0, 5
59, 406.6503753795451, Server_03, 4.082246213541479, 1503.5962301587329, 0.0, 4
60, 409.6600047716097, Server_03, 3.7761233727051735, 1638.0754431089722, 0.0, 3
61, 412.86169125045694, Server_03, 4.082246213541479, 2419.0376075762874, 0.0, 4
62, 416.371163062224, Server_03, 4.082246213541479, 2206.8848007359484, 0.0, 4
63, 421.218829288134, Server_03, 4.082246213541479, 1597.6760030639643, 0.0, 4
64, 426.36981320565974, Server_03, 4.082246213541479, 1503.5962301587329, 0.0, 4
65, 429.501792332344, Server_03, 3.7761233727051735, 1574.084564611789, 0.0, 3
66, 435.4789894734066, Server_03, 4.082246213541479, 7925.729286905177, 0.0, 4
67, 459.3956278662639, Server_03, 4.9999536060530145, 1585.9054540751627, 0.0, 7
68, 464.62914786167386, Server_03, 4.082246213541479, 1479.8835213761943, 0.0, 4
69, 467.8793928067651, Server_03, 3.7761233727051735, 1516.8087585046874, 0.0, 3
70, 470.62351703589115, Server_03, 3.7761233727051735, 1796.5658943837684, 0.0, 3
71, 474.7553934789208, Server_03, 4.082246213541479, 1874.45101681722, 0.0, 4
72, 479.5167933854007, Server_03, 4.082246213541479, 1626.6224539257012, 0.0, 4
73, 484.6294610290267, Server_03, 4.082246213541479, 1514.8647516049268, 0.0, 4
74, 487.96291356510915, Server_03, 3.7761233727051735, 1478.9471116315435, 0.0, 3
75, 491.04233994235307, Server_03, 3.7761233727051735, 1600.9475129625735, 0.0, 3
76, 494.71125307729494, Server_03, 4.082246213541479, 2110.9793868484985, 0.0, 4
77, 497.6998048652883, Server_03, 4.082246213541479, 2591.556228376541, 0.0, 4
78, 503.49758195738394, Server_03, 4.3882382694953606, 2098.217956082691, 0.0, 5
79, 508.7206402372929, Server_03, 4.082246213541479, 1482.8477081697401, 0.0, 4
80, 512.0430667764386, Server_03, 3.7761233727051735, 1483.8552310828823, 0.0, 3
81, 515.0252880408349, Server_03, 3.7761233727051735, 1653.130188178076, 0.0, 3
82, 518.3482105760031, Server_03, 4.082246213541479, 2330.779582740977, 0.0, 4
83, 521.9690820641774, Server_03, 4.082246213541479, 2138.9878169647814, 0.0, 4
84, 526.7543713467492, Server_03, 4.082246213541479, 1618.5019426532215, 0.0, 4
85, 531.8536437599887, Server_03, 4.082246213541479, 1518.8441354674862, 0.0, 4
86, 534.9666699731757, Server_03, 3.7761233727051735, 1583.6680009683591, 0.0, 3
87, 540.8722143875513, Server_03, 4.082246213541479, 8552.865963334374, 0.0, 4
88, 565.4076141380818, Server_03, 4.9999536060530145, 1535.6737196629515, 0.0, 7
89, 568.7410666741644, Server_03, 3.7761233727051735, 1478.9471116315183, 0.0, 3
90, 571.7238990348941, Server_03, 3.7761233727051735, 1652.791509474541, 0.0, 3
91, 574.7595459996847, Server_03, 4.082246213541479, 2551.3506971763777, 0.0, 4
92, 581.2246161358044, Server_03, 4.3882382694953606, 1881.6501203963028, 0.0, 5
93, 586.4347895334694, Server_03, 4.082246213541479, 1486.5148256814232, 0.0, 4
94, 589.7682420695519, Server_03, 3.7761233727051735, 1478.9471116315183, 0.0, 3
95, 592.6457153490165, Server_03, 3.7761233727051735, 1713.3086987056977, 0.0, 3
96, 595.4809831257006, Server_03, 4.082246213541479, 2731.6643823526215, 0.0, 4
97, 601.442882929611, Server_03, 4.3882382694953606, 2040.4569684349804, 0.0, 5
98, 606.5980779502631, Server_03, 4.082246213541479, 1502.3679936399762, 0.0, 4
99, 609.955018095571, Server_03, 3.7761233727051735, 1468.599315627041, 0.0, 3
100, 613.3431173945401, Server_03, 3.7761233727051735, 1455.0931259600454, 0.0, 3
101, 616.2319605734403, Server_03, 3.7761233727051735, 1706.5654639919674, 0.0, 3
102, 618.5583257520307, Server_03, 4.082246213541479, 3329.2279609743555, 0.0, 4
103, 622.3887002054925, Server_03, 4.3882382694953606, 3175.929702905576, 0.0, 5
104, 630.101907565147, Server_03, 4.3882382694953606, 1577.1649111407776, 0.0, 5
105, 635.4245909465903, Server_03, 4.082246213541479, 1455.093125960058, 0.0, 4
106, 638.6228630344261, Server_03, 3.7761233727051735, 1541.4573446551378, 0.0, 3
107, 640.4355130784799, Server_03, 3.7761233727051735, 2719.7748490794056, 0.0, 3
108, 653.4873827236528, Server_03, 4.3882382694953606, 1510.8292280033222, 0.0, 5
109, 656.8754820226219, Server_03, 3.7761233727051735, 1455.0931259600454, 0.0, 3
110, 660.263581321591, Server_03, 3.7761233727051735, 1455.0931259600454, 0.0, 3
111, 663.4268346107558, Server_03, 3.7761233727051735, 1558.5220497159992, 0.0, 3
112, 666.5593894848703, Server_03, 4.082246213541479, 2472.422770308019, 0.0, 4
113, 671.1677318819752, Server_03, 4.3882382694953606, 2639.7778098351223, 0.0, 5
114, 679.2771053384267, Server_03, 4.3882382694953606, 1500.1158924703325, 0.0, 5
115, 682.6503069834882, Server_03, 3.7761233727051735, 1461.5195054282376, 0.0, 3
116, 685.8511119634039, Server_03, 3.7761233727051735, 1540.2375436599891, 0.0, 3
117, 693.6316601697669, Server_03, 3.7761233727051735, 1773.0316592671586, 0.0, 3
118, 697.8807626925807, Server_03, 4.082246213541479, 1822.73785073822, 0.0, 4
119, 702.1160450668568, Server_03, 4.082246213541479, 1828.6856260259833, 0.0, 4
120, 706.7078657795662, Server_03, 4.082246213541479, 1686.6947741585777, 0.0, 4
121, 711.4020307430586, Server_03, 4.082246213541479, 1649.9207122533192, 0.0, 4
122, 716.236237641799, Server_03, 4.082246213541479, 1602.1242289025886, 0.0, 4
123, 721.5218429991144, Server_03, 4.082246213541479, 1465.3004672928857, 0.0, 4
124, 724.8000740347849, Server_03, 3.7761233727051735, 1503.859839760092, 0.0, 3
125, 732.2463719337463, Server_03, 3.7761233727051735, 2015.2901255783104, 0.0, 3
126, 735.7474297587263, Server_03, 4.082246213541479, 2212.188540486137, 0.0, 4
127, 744.8931963818641, Server_03, 4.082246213541479, 1868.1707640692282, 0.0, 4
128, 750.1219430402336, Server_03, 4.082246213541479, 1481.2345110663755, 0.0, 4
129, 753.5100423392028, Server_03, 3.7761233727051735, 1455.0931259600454, 0.0, 3
130, 756.7268612071026, Server_03, 3.7761233727051735, 1532.5699712830306, 0.0, 3
131, 759.4272651245687, Server_03, 3.7761233727051735, 1825.6528099788723, 0.0, 3
132, 768.8703323814406, Server_03, 4.082246213541479, 1743.1651497107755, 0.0, 4
133, 773.701357361419, Server_03, 4.082246213541479, 1603.179456139874, 0.0, 4
134, 778.5148138622104, Server_03, 4.082246213541479, 1609.0308489806873, 0.0, 4
135, 783.2496557176858, Server_03, 4.082246213541479, 1635.7462902469988, 0.0, 4
136, 788.0032698815235, Server_03, 4.082246213541479, 1629.2866297224405, 0.0, 4
137, 793.1953390663963, Server_03, 4.082246213541479, 1491.6981504339706, 0.0, 4
138, 796.4727364003662, Server_03, 3.7761233727051735, 1504.2423904178452, 0.0, 3
139, 799.3455533165013, Server_03, 3.7761233727051735, 1716.0856900802821, 0.0, 3
140, 806.5012065125659, Server_03, 4.082246213541479, 3592.8784899813645, 0.0, 4
141, 814.2776473638418, Server_03, 4.3882382694953606, 1564.3403238904712, 0.0, 5
142, 819.5561237444645, Server_03, 4.082246213541479, 1467.279465042588, 0.0, 4
143, 822.7650721153151, Server_03, 3.7761233727051735, 1536.3288623721749, 0.0, 3
144, 825.7478502206028, Server_03, 3.7761233727051735, 1652.821573036346, 0.0, 3
145, 835.2629415290666, Server_03, 4.082246213541479, 1715.358443688975, 0.0, 4
146, 840.5006796757542, Server_03, 4.082246213541479, 1478.6917144565402, 0.0, 4
147, 843.7729881044131, Server_03, 3.7761233727051735, 1506.5817014139075, 0.0, 3
148, 846.68145882251, Server_03, 3.7761233727051735, 1695.0488685772057, 0.0, 3
149, 850.6990149064007, Server_03, 4.082246213541479, 1927.7888941128097, 0.0, 4
150, 859.7608120065464, Server_03, 4.082246213541479, 1906.79145438413, 0.0, 4
151, 864.5793187318429, Server_03, 4.082246213541479, 1607.3444412435467, 0.0, 4
152, 869.8895088834392, Server_03, 4.082246213541479, 1458.5165086172567, 0.0, 4
153, 873.0764400848997, Server_03, 3.7761233727051735, 1546.9427133352633, 0.0, 3
154, 875.7859696129761, Server_03, 3.7761233727051735, 1819.5040684793219, 0.0, 3
155, 883.1075150595042, Server_03, 4.082246213541479, 3336.1397303606363, 0.0, 4
156, 890.4572954796724, Server_03, 4.3882382694953606, 1655.1514881476564, 0.0, 5
157, 895.7682232421103, Server_03, 4.082246213541479, 1458.3139418271624, 0.0, 4
158, 899.0820437257868, Server_03, 3.7761233727051735, 1487.7088316294082, 0.0, 3
159, 902.2180645746806, Server_03, 3.7761233727051735, 1572.055875119239, 0.0, 3
160, 904.6275428318784, Server_03, 4.082246213541479, 3214.3888316334214, 0.0, 4
161, 917.4311978308754, Server_03, 4.3882382694953606, 1558.8849073368283, 0.0, 5
162, 922.6608815957678, Server_03, 4.082246213541479, 1480.9690887990564, 0.0, 4
163, 925.4785999832252, Server_03, 3.7761233727051735, 1749.6425554608684, 0.0, 3
164, 929.9605011635616, Server_03, 4.082246213541479, 1728.0613044258691, 0.0, 4
165, 935.1372246076915, Server_03, 4.082246213541479, 1496.1201005980865, 0.0, 4
166, 938.3846604037991, Server_03, 3.7761233727051735, 1518.1208527383526, 0.0, 3
167, 940.5688278073359, Server_03, 3.7761233727051735, 2257.1529966141584, 0.0, 3
168, 950.7767197286532, Server_03, 4.082246213541479, 1487.1660389681963, 0.0, 4
169, 954.1440169750347, Server_03, 3.7761233727051735, 1464.082211719761, 0.0, 3
170, 957.1311085465079, Server_03, 3.7761233727051735, 1650.4348400569893, 0.0, 3
171, 961.237355687315, Server_03, 4.082246213541479, 1886.1504761931262, 0.0, 4
172, 965.8567587728376, Server_03, 4.082246213541479, 1676.6235499719076, 0.0, 4
173, 976.0490762531329, Server_03, 4.082246213541479, 1491.6268177730037, 0.0, 4
174, 979.3876327897144, Server_03, 3.7761233727051735, 1476.6860905246065, 0.0, 3
175, 982.388033967789, Server_03, 3.7761233727051735, 1643.113606282339, 0.0, 3
176, 985.4217162093953, Server_03, 4.082246213541479, 2553.0030448736966, 0.0, 4
177, 998.3678957621561, Server_03, 4.3882382694953606, 1530.924379348243, 0.0, 5
178, 1001.7559950611252, Server_03, 3.7761233727051735, 1455.0931259600454, 0.0, 3
179, 1004.8276802500321, Server_03, 3.7761233727051735, 1604.9821830063065, 0.0, 3
180, 1008.615499696398, Server_03, 4.082246213541479, 2044.7120327846292, 0.0, 4
181, 1012.7900521284516, Server_03, 4.082246213541479, 1855.2887108403143, 0.0, 4
182, 1017.499295476943, Server_03, 4.082246213541479, 1644.6378806228436, 0.0, 4
183, 1022.8117263357432, Server_03, 4.082246213541479, 1457.9013272558943, 0.0, 4
184, 1025.8944648043835, Server_03, 3.7761233727051735, 1599.2274564162074, 0.0, 3
185, 1034.2835932572793, Server_03, 4.082246213541479, 2285.2482895365642, 0.0, 4
186, 1038.9575364952566, Server_03, 4.082246213541479, 1657.0590624784327, 0.0, 4
187, 1044.2751493516726, Server_03, 4.082246213541479, 1456.4806068300506, 0.0, 4
188, 1047.6169566999924, Server_03, 3.7761233727051735, 1475.2496137991266, 0.0, 3
189, 1050.8478608357925, Server_03, 3.7761233727051735, 1525.8886654583998, 0.0, 3
190, 1058.2674597475777, Server_03, 3.7761233727051735, 2037.5277803223075, 0.0, 3
191, 1062.9142758778667, Server_03, 4.082246213541479, 1666.7326149439095, 0.0, 4
192, 1068.222627903644, Server_03, 4.082246213541479, 1459.0215498878495, 0.0, 4
193, 1071.5461716438672, Server_03, 3.7761233727051735, 1483.3564367860483, 0.0, 3
194, 1074.2787265659676, Server_03, 3.7761233727051735, 1804.1723370780062, 0.0, 3
195, 1083.4485990503078, Server_03, 4.082246213541479, 1857.370945774973, 0.0, 4
196, 1088.7712824317512, Server_03, 4.082246213541479, 1455.093125960058, 0.0, 4
197, 1092.1593817307203, Server_03, 3.7761233727051735, 1455.0931259600454, 0.0, 3
198, 1095.4512966351435, Server_03, 3.7761233727051735, 1497.6085783310134, 0.0, 3
199, 1103.0520278506185, Server_03, 3.7761233727051735, 1895.6207279957682, 0.0, 3
200, 1107.7440736670565, Server_03, 4.082246213541479, 1650.6658935141795, 0.0, 4
201, 1112.9964812651276, Server_03, 4.082246213541479, 1474.5618757470756, 0.0, 4
202, 1116.3755620817742, Server_03, 3.7761233727051735, 1458.9766470553207, 0.0, 3
203, 1119.5520827298233, Server_03, 3.7761233727051735, 1552.0125779846192, 0.0, 3
204, 1127.198574898545, Server_03, 4.082246213541479, 2926.515366845258, 0.0, 4
205, 1134.7794099452562, Server_03, 4.3882382694953606, 1604.7044850656125, 0.0, 5
206, 1140.1020933266996, Server_03, 4.082246213541479, 1455.093125960058, 0.0, 4
207, 1143.2109648140156, Server_03, 3.7761233727051735, 1585.7844301747534, 0.0, 3
208, 1147.7289152049516, Server_03, 4.082246213541479, 1714.2729179891353, 0.0, 4
209, 1152.910979188656, Server_03, 4.082246213541479, 1494.5782268136772, 0.0, 4
210, 1156.2985321689662, Server_03, 3.7761233727051735, 1455.3277922604282, 0.0, 3
211, 1159.3937018426834, Server_03, 3.7761233727051735, 1592.804440371493, 0.0, 3
212, 1168.681056262294, Server_03, 4.082246213541479, 1806.4753323340422, 0.0, 4
213, 1173.9498842316896, Server_03, 4.082246213541479, 1469.9663843624433, 0.0, 4
214, 1177.3379835306587, Server_03, 3.7761233727051735, 1455.0931259600454, 0.0, 3
215, 1180.7260828296278, Server_03, 3.7761233727051735, 1455.0931259600454, 0.0, 3
216, 1186.5822792522358, Server_03, 3.7761233727051735, 5758.0245254737965, 0.0, 3
217, 1189.4617652304873, Server_03, 4.694143310325732, 6634.864744714231, 0.0, 6
218, 1212.2325469922675, Server_03, 4.9999536060530145, 1688.1643363895957, 0.0, 7
219, 1216.3293919964776, Server_03, 4.082246213541479, 1890.4791350517116, 0.0, 4
220, 1221.4290130631775, Server_03, 4.082246213541479, 1518.7402943670047, 0.0, 4
221, 1224.8090202826731, Server_03, 3.7761233727051735, 1458.5767662164021, 0.0, 3
222, 1227.9214972232085, Server_03, 3.7761233727051735, 1583.947477905519, 0.0, 3
223, 1231.9493379163941, Server_03, 4.082246213541479, 1922.8665158239814, 0.0, 4
224, 1235.8643522560874, Server_03, 4.082246213541479, 1978.281387497255, 0.0, 4
225, 1240.4947342027185, Server_03, 4.082246213541479, 1672.6481938784618, 0.0, 4
226, 1245.6480964214102, Server_03, 4.082246213541479, 1502.9023133495778, 0.0, 4
227, 1248.799435082229, Server_03, 3.7761233727051735, 1564.4145331936984, 0.0, 3
228, 1251.8194624225928, Server_03, 4.082246213541479, 2564.5463193279716, 0.0, 4
229, 1254.0386781722943, Server_03, 4.3882382694953606, 5481.666215479924, 0.0, 5
230, 1263.615420144421, Server_03, 4.694143310325732, 1994.937323737605, 0.0, 6
231, 1268.9381035258643, Server_03, 4.082246213541479, 1455.093125960058, 0.0, 4
232, 1272.1995409400756, Server_03, 3.7761233727051735, 1511.6034355030608, 0.0, 3
233, 1275.342346381223, Server_03, 3.7761233727051735, 1568.6621689824087, 0.0, 3
234, 1280.2202915377834, Server_03, 4.082246213541479, 1587.758728608031, 0.0, 4
235, 1285.4846194124732, Server_03, 4.082246213541479, 1471.2229527414033, 0.0, 4
236, 1288.8064348720186, Server_03, 3.7761233727051735, 1484.128200389156, 0.0, 3
237, 1290.6333166483719, Server_03, 3.7761233727051735, 2698.587321748321, 0.0, 3
238, 1303.4056084645154, Server_03, 4.3882382694953606, 1565.1754061437352, 0.0, 5
239, 1308.7282918459587, Server_03, 4.082246213541479, 1455.093125960058, 0.0, 4
240, 1311.8311762933374, Server_03, 3.7761233727051735, 1588.8442137008192, 0.0, 3
241, 1316.028188775286, Server_03, 4.082246213541479, 1845.3602492990735, 0.0, 4
242, 1321.1228927075872, Server_03, 4.082246213541479, 1520.2061008679152, 0.0, 4
243, 1324.4408797442352, Server_03, 3.7761233727051735, 1485.8406454114872, 0.0, 3
244, 1327.2780011973061, Server_03, 3.7761233727051735, 1737.676754960096, 0.0, 3
245, 1330.872292669557, Server_03, 4.082246213541479, 2154.8057690351175, 0.0, 4
246, 1340.529126581377, Server_03, 4.082246213541479, 1663.1471395923106, 0.0, 4
247, 1345.1262260446588, Server_03, 4.082246213541479, 1684.7579787780332, 0.0, 4
248, 1350.2391696638174, Server_03, 4.082246213541479, 1514.7829854760882, 0.0, 4
249, 1353.5977474411745, Server_03, 3.7761233727051735, 1467.883231181089, 0.0, 3
250, 1356.6197478770514, Server_03, 3.7761233727051735, 1631.369718373159, 0.0, 3
251, 1360.595002908628, Server_03, 4.082246213541479, 1948.3026720246285, 0.0, 4
252, 1369.2661586700247, Server_03, 4.082246213541479, 2109.6898370374365, 0.0, 4
253, 1374.2448473722468, Server_03, 4.082246213541479, 1555.6305009676876, 0.0, 4
254, 1379.5499164858973, Server_03, 4.082246213541479, 1459.9244296500037, 0.0, 4
255, 1382.8370916809465, Server_03, 3.7761233727051735, 1499.767948913999, 0.0, 3
256, 1385.8730984808556, Server_03, 3.7761233727051735, 1623.8435303068804, 0.0, 3
257, 1393.3838206567673, Server_03, 4.082246213541479, 3084.7698221279866, 0.0, 4
258, 1400.9381496168928, Server_03, 4.3882382694953606, 1610.3349568454394, 0.0, 5
259, 1405.955490178404, Server_03, 4.082246213541479, 1543.6464607192645, 0.0, 4
260, 1408.8625495101571, Server_03, 3.7761233727051735, 1695.8718200728931, 0.0, 3
261, 1414.1318726123845, Server_03, 4.082246213541479, 1469.8282587237968, 0.0, 4
262, 1417.4585918585299, Server_03, 3.7761233727051735, 1481.940505112474, 0.0, 3
263, 1420.2993014633084, Server_03, 3.7761233727051735, 1735.481864005699, 0.0, 3
264, 1430.3683812740824, Server_03, 4.082246213541479, 1527.8907196407945, 0.0, 4
265, 1433.731852751232, Server_03, 3.7761233727051735, 1465.7475270692169, 0.0, 3
266, 1437.0164347077819, Server_03, 3.7761233727051735, 1500.952043583222, 0.0, 3
267, 1439.6264915396202, Server_03, 3.7761233727051735, 1888.8477598886448, 0.0, 3
268, 1448.690905550001, Server_03, 4.082246213541479, 1905.5637492191834, 0.0, 4
269, 1453.9637573683929, Server_03, 4.082246213541479, 1468.84461516349, 0.0, 4
270, 1457.304617799194, Server_03, 3.7761233727051735, 1475.6677515013414, 0.0, 3
271, 1460.4079539729976, Server_03, 3.7761233727051735, 1588.6129390737146, 0.0, 3
272, 1468.6994342459418, Server_03, 4.082246213541479, 2353.0446357717656, 0.0, 4
273, 1473.5111357361652, Server_03, 4.082246213541479, 1609.6177237379682, 0.0, 4
274, 1478.8310401880995, Server_03, 4.082246213541479, 1455.8532150298372, 0.0, 4
275, 1482.2191394870686, Server_03, 3.7761233727051735, 1455.0931259600454, 0.0, 3
276, 1484.9809088725176, Server_03, 3.7761233727051735, 1785.0874971584276, 0.0, 3
277, 1494.743030407926, Server_03, 4.082246213541479, 1626.3759634046885, 0.0, 4
278, 1499.9974426722185, Server_03, 4.082246213541479, 1473.9993000992192, 0.0, 4
279, 1503.1025876512763, Server_03, 3.7761233727051735, 1587.687542208098, 0.0, 3
280, 1507.2124755726543, Server_03, 4.082246213541479, 1884.4796131090552, 0.0, 4
281, 1511.8591786479858, Server_03, 4.082246213541479, 1666.7731667893238, 0.0, 4
282, 1516.7502905591016, Server_03, 4.082246213541479, 1583.4845206461796, 0.0, 4
283, 1522.0012844529053, Server_03, 4.082246213541479, 1474.9588661946857, 0.0, 4
284, 1525.1447700030944, Server_03, 3.7761233727051735, 1568.3227809663174, 0.0, 3
285, 1531.8989644711933, Server_03, 4.082246213541479, 4415.131925705998, 0.0, 4
286, 1542.62661529847, Server_03, 4.694143310325732, 1780.9118051663927, 0.0, 6
287, 1547.9492986799132, Server_03, 4.082246213541479, 1455.093125960058, 0.0, 4
288, 1551.3373979788823, Server_03, 3.7761233727051735, 1455.0931259600454, 0.0, 3
289, 1554.6158717545313, Server_03, 3.7761233727051735, 1503.748493160993, 0.0, 3
290, 1557.4154965217303, Server_03, 3.7761233727051735, 1760.9502736798495, 0.0, 3
291, 1561.4018210986897, Server_03, 4.082246213541479, 1942.892469109413, 0.0, 4
292, 1566.3368542911871, Server_03, 4.082246213541479, 1569.3916733476858, 0.0, 4
293, 1571.5032335041062, Server_03, 4.082246213541479, 1499.1156631771823, 0.0, 4
294, 1574.1581502716433, Server_03, 3.7761233727051735, 1856.9320365449573, 0.0, 3
295, 1584.1119615739929, Server_03, 4.082246213541479, 1563.4426762130834, 0.0, 4
296, 1589.4071135147265, Server_03, 4.082246213541479, 1462.6586898140997, 0.0, 4
297, 1592.6136634145125, Server_03, 3.7761233727051735, 1537.4780228210122, 0.0, 3
298, 1595.6620924725391, Server_03, 3.7761233727051735, 1617.2264160188176, 0.0, 3
299, 1604.6433431007576, Server_03, 4.082246213541479, 1945.368609829436, 0.0, 4
300, 1609.2500476058274, Server_03, 4.082246213541479, 1681.245235390406, 0.0, 4
301, 1614.2790873116892, Server_03, 4.082246213541479, 1540.0554485526322, 0.0, 4
302, 1617.6671866106583, Server_03, 3.7761233727051735, 1455.0931259600454, 0.0, 3
303, 1621.0328680379796, Server_03, 3.7761233727051735, 1464.7850981914564, 0.0, 3
304, 1624.0431010460222, Server_03, 3.7761233727051735, 1637.7469740143713, 0.0, 3
305, 1631.9617158228966, Server_03, 4.082246213541479, 2653.6561321375507, 0.0, 4
306, 1639.6851971651108, Server_03, 4.3882382694953606, 1575.0669239672802, 0.0, 5
307, 1645.0078805465541, Server_03, 4.082246213541479, 1455.093125960058, 0.0, 4
308, 1648.0801343468409, Server_03, 3.7761233727051735, 1604.6851336110024, 0.0, 3
309, 1650.7738253420669, Server_03, 4.082246213541479, 2875.2369940451085, 0.0, 4
310, 1663.08392186875, Server_03, 4.3882382694953606, 1664.1367122302288, 0.0, 5
311, 1668.3790380294179, Server_03, 4.082246213541479, 1462.6685732656408, 0.0, 4
312, 1671.535460140144, Server_03, 3.7761233727051735, 1561.8950276792073, 0.0, 3
313, 1675.14224752645, Server_03, 4.082246213541479, 2147.3403254668374, 0.0, 4
314, 1679.2766533005613, Server_03, 4.082246213541479, 1873.3042722844473, 0.0, 4
315, 1684.2840997940511, Server_03, 4.082246213541479, 1546.6965069061096, 0.0, 4
316, 1687.6147986926676, Server_03, 3.7761233727051735, 1480.169823230762, 0.0, 3
317, 1690.7582375184327, Server_03, 3.7761233727051735, 1568.3460926904079, 0.0, 3
318, 1699.3935531943139, Server_03, 4.082246213541479, 2130.4889837723954, 0.0, 4
319, 1704.5376063249494, Server_03, 4.082246213541479, 1505.6220850197947, 0.0, 4
320, 1707.9257056239185, Server_03, 3.7761233727051735, 1455.0931259600454, 0.0, 3
321, 1711.3079024241385, Server_03, 3.7761233727051735, 1457.6325066829984, 0.0, 3
322, 1714.4248309048883, Server_03, 3.7761233727051735, 1581.6853131048351, 0.0, 3
323, 1721.6963065727487, Server_03, 4.082246213541479, 3409.677730466465, 0.0, 4
324, 1727.328917864919, Server_03, 4.3882382694953606, 2159.744276497465, 0.0, 5
325, 1732.6088728159298, Server_03, 4.082246213541479, 1466.8685759368843, 0.0, 4
326, 1735.9969721148989, Server_03, 3.7761233727051735, 1455.0931259600454, 0.0, 3
327, 1739.2688387730486, Server_03, 3.7761233727051735, 1506.78512149023, 0.0, 3
328, 1747.2130137058218, Server_03, 3.7761233727051735, 1674.4928927698961, 0.0, 3
329, 1752.0483278157653, Server_03, 4.082246213541479, 1601.7573675457627, 0.0, 4
330, 1757.2301363753147, Server_03, 4.082246213541479, 1494.6518982695723, 0.0, 4
331, 1760.4307636281055, Server_03, 3.7761233727051735, 1540.3230712671248, 0.0, 3
332, 1766.2457616253444, Server_03, 3.7761233727051735, 6049.094619499135, 0.0, 3
333, 1780.0498020007212, Server_03, 4.9999536060530145, 2173.2767497198047, 0.0, 7
334, 1785.3724853821645, Server_03, 4.082246213541479, 1455.093125960058, 0.0, 4
335, 1788.5556839342162, Server_03, 3.7761233727051735, 1548.7566733223462, 0.0, 3
336, 1791.2725685276296, Server_03, 3.7761233727051735, 1814.57836374497, 0.0, 3
337, 1795.5181233284547, Server_03, 4.082246213541479, 1824.2609890454517, 0.0, 4
338, 1800.4208513407732, Server_03, 4.082246213541479, 1579.732748898194, 0.0, 4
339, 1805.7435347222165, Server_03, 4.082246213541479, 1455.093125960058, 0.0, 4
340, 1808.9030298700195, Server_03, 3.7761233727051735, 1560.375873160668, 0.0, 3
341, 1812.4942637032923, Server_03, 4.082246213541479, 2156.640408163505, 0.0, 4
342, 1815.088398463238, Server_03, 4.082246213541479, 2985.581211733958, 0.0, 4
343, 1828.1086823615299, Server_03, 4.3882382694953606, 1516.7792255572033, 0.0, 5
344, 1831.459272540155, Server_03, 3.7761233727051735, 1471.382573568821, 0.0, 3
345, 1834.7419661356148, Server_03, 3.7761233727051735, 1501.815462405229, 0.0, 3
346, 1837.5183810677752, Server_03, 3.7761233727051735, 1775.6711876505717, 0.0, 3
347, 1839.4871044695594, Server_03, 4.082246213541479, 3934.02140340321, 0.0, 4
348, 1857.3134634347455, Server_03, 4.694143310325732, 1489.5107841481563, 0.0, 6
349, 1859.9295253616042, Server_03, 3.7761233727051735, 1884.511964103151, 0.0, 3
350, 1863.3994814797124, Server_03, 4.082246213541479, 2232.0166988804463, 0.0, 4
351, 1868.2553856212353, Server_03, 4.082246213541479, 1594.965587103027, 0.0, 4
352, 1873.3865525259607, Server_03, 4.082246213541479, 1509.4032495546805, 0.0, 4
353, 1876.6360006585874, Server_03, 3.7761233727051735, 1517.1807023166464, 0.0, 3
354, 1879.4717604280129, Server_03, 3.7761233727051735, 1738.5111578047165, 0.0, 3
355, 1883.693109369924, Server_03, 4.082246213541479, 1834.7215798970478, 0.0, 4
356, 1887.799482199085, Server_03, 4.082246213541479, 1886.0927446722721, 0.0, 4
357, 1892.695718267947, Server_03, 4.082246213541479, 1581.827324310396, 0.0, 4
358, 1897.9805300410044, Server_03, 4.082246213541479, 1465.5205015030203, 0.0, 4
359, 1901.0441026785163, Server_03, 3.7761233727051735, 1609.2322863948448, 0.0, 3
360, 1904.2828939762642, Server_03, 4.082246213541479, 2391.3241972045503, 0.0, 4
361, 1914.0251733896002, Server_03, 4.082246213541479, 1633.1808661926996, 0.0, 4
362, 1919.3478567710436, Server_03, 4.082246213541479, 1455.093125960058, 0.0, 4
363, 1922.38122246474, Server_03, 3.7761233727051735, 1625.2573866200764, 0.0, 3
364, 1926.275420617944, Server_03, 4.082246213541479, 1988.8561637849566, 0.0, 4
365, 1931.0432477161996, Server_03, 4.082246213541479, 1624.4297119821545, 0.0, 4
366, 1936.365931097643, Server_03, 4.082246213541479, 1455.093125960058, 0.0, 4
367, 1939.4381572529264, Server_03, 3.7761233727051735, 1604.6995731488025, 0.0, 3
368, 1947.7275665939626, Server_03, 4.082246213541479, 2354.5260552948785, 0.0, 4
369, 1953.0055699096397, Server_03, 4.082246213541479, 1467.4109766083807, 0.0, 4
370, 1956.3936692086088, Server_03, 3.7761233727051735, 1455.0931259600454, 0.0, 3
371, 1959.777514886864, Server_03, 3.7761233727051735, 1456.9222325002468, 0.0, 3
372, 1967.5156298453414, Server_03, 3.7761233727051735, 1800.5087714584263, 0.0, 3
373, 1972.357743211905, Server_03, 4.082246213541479, 1599.508192741175, 0.0, 4
374, 1977.529831097478, Server_03, 4.082246213541479, 1497.4610198724065, 0.0, 4
375, 1980.9179303964472, Server_03, 3.7761233727051735, 1455.0931259600454, 0.0, 3
376, 1987.0551197368932, Server_03, 3.7761233727051735, 4335.2499224682015, 0.0, 3
377, 1991.8109393839695, Server_03, 4.694143310325732, 4017.1834547478766, 0.0, 6
378, 2004.6098739735867, Server_03, 4.694143310325732, 1492.702370359679, 0.0, 6
379, 2007.34672718622, Server_03, 3.7761233727051735, 1801.3388431805572, 0.0, 3
380, 2011.2491535655709, Server_03, 4.082246213541479, 1984.6626808853325, 0.0, 4
381, 2016.2924278324072, Server_03, 4.082246213541479, 1535.7086666750947, 0.0, 4
382, 2019.6258803684896, Server_03, 3.7761233727051735, 1478.9471116315688, 0.0, 3
383, 2022.8710531848064, Server_03, 3.7761233727051735, 1519.1794949137159, 0.0, 3
384, 2025.6684171566105, Server_03, 3.7761233727051735, 1762.3734521827428, 0.0, 3
385, 2033.8134057110933, Server_03, 4.082246213541479, 2462.6480719494166, 0.0, 4
386, 2041.5773601290841, Server_03, 4.3882382694953606, 1566.856185014556, 0.0, 5
387, 2046.8157473365782, Server_03, 4.082246213541479, 1478.5084976001763, 0.0, 4
388, 2049.9971084924914, Server_03, 3.7761233727051735, 1549.651158227209, 0.0, 3
389, 2054.3504209166276, Server_03, 4.082246213541479, 1779.1050228922531, 0.0, 4
390, 2058.7914983818428, Server_03, 4.082246213541479, 1743.9461618634082, 0.0, 4
391, 2063.418595024574, Server_03, 4.082246213541479, 1673.8357976953846, 0.0, 4
392, 2068.492788623751, Server_03, 4.082246213541479, 1526.350906527574, 0.0, 4
393, 2071.837875501307, Server_03, 3.7761233727051735, 1473.8032764046743, 0.0, 3
394, 2075.026194407243, Server_03, 3.7761233727051735, 1546.2694120154995, 0.0, 3
395, 2080.6333195381712, Server_03, 3.7761233727051735, 8120.237079403061, 0.0, 3
396, 2105.127131210363, Server_03, 4.9999536060530145, 1538.949924441677, 0.0, 7
397, 2107.2249352186686, Server_03, 3.7761233727051735, 2350.076546942152, 0.0, 3
398, 2111.701259565143, Server_03, 4.082246213541479, 1730.214211599724, 0.0, 4
399, 2116.8200335508645, Server_03, 4.082246213541479, 1513.0576230957486, 0.0, 4
400, 2120.172488968527, Server_03, 3.7761233727051735, 1470.5639257799678, 0.0, 3
401, 2123.01265317965, Server_03, 3.7761233727051735, 1735.8151267072906, 0.0, 3
402, 2126.0668305745567, Server_03, 4.082246213541479, 2535.8710377845173, 0.0, 4
403, 2132.5196230981605, Server_03, 4.3882382694953606, 1885.230302307297, 0.0, 5
404, 2137.842306479604, Server_03, 4.082246213541479, 1455.093125960058, 0.0, 4
405, 2141.218847315698, Server_03, 3.7761233727051735, 1460.0741526060885, 0.0, 3
406, 2144.4346273879805, Server_03, 3.7761233727051735, 1533.0650384000655, 0.0, 3
407, 2146.7963635708347, Server_03, 3.7761233727051735, 2087.4473769724796, 0.0, 3
408, 2149.144589131876, Server_03, 4.082246213541479, 3298.2351135664494, 0.0, 4
409, 2155.8369212221564, Server_03, 4.3882382694953606, 1817.7519937582642, 0.0, 5
410, 2161.1403818443637, Server_03, 4.082246213541479, 1460.3672114711808, 0.0, 4
411, 2164.211588086224, Server_03, 3.7761233727051735, 1605.2324760234844, 0.0, 3
412, 2167.1810084358963, Server_03, 4.082246213541479, 2608.2531564971646, 0.0, 4
413, 2170.8090998480516, Server_03, 4.3882382694953606, 3353.0026170904207, 0.0, 5
414, 2184.09350663298, Server_03, 4.3882382694953606, 1468.4213747364117, 0.0, 5
415, 2186.8226049305504, Server_03, 3.7761233727051735, 1806.45746779759, 0.0, 3
416, 2189.7988552444353, Server_03, 4.082246213541479, 2602.2676801973203, 0.0, 4
417, 2195.4622989011123, Server_03, 4.3882382694953606, 2147.9864085269164, 0.0, 5
418, 2200.7849822825556, Server_03, 4.082246213541479, 1455.093125960058, 0.0, 4
419, 2204.131273789956, Server_03, 3.7761233727051735, 1473.2727226832897, 0.0, 3
420, 2206.93119550536, Server_03, 3.7761233727051735, 1760.7635145216934, 0.0, 3
421, 2209.457394987398, Server_03, 4.082246213541479, 3065.8703143077705, 0.0, 4
422, 2222.5897182623844, Server_03, 4.3882382694953606, 1495.8824912208465, 0.0, 5
423, 2225.9778175613533, Server_03, 3.7761233727051735, 1455.0931259601432, 0.0, 3
424, 2229.2207338917115, Server_03, 3.7761233727051735, 1520.2365703513155, 0.0, 3
425, 2231.920319827746, Server_03, 3.7761233727051735, 1826.205987441838, 0.0, 3
426, 2235.4844408293347, Server_03, 4.082246213541479, 2173.0463125543497, 0.0, 4
427, 2244.0863005590036, Server_03, 4.082246213541479, 2150.2780733529858, 0.0, 4
428, 2249.1678061499942, Server_03, 4.082246213541479, 1524.1545761027216, 0.0, 4
429, 2252.555905448963, Server_03, 3.7761233727051735, 1455.0931259601432, 0.0, 3
430, 2255.6318237186574, Server_03, 3.7761233727051735, 1602.7734054487712, 0.0, 3
431, 2264.9389248769266, Server_03, 4.082246213541479, 1798.1931966307131, 0.0, 4
432, 2269.9551412498545, Server_03, 4.082246213541479, 1543.9924086606843, 0.0, 4
433, 2273.3372414285336, Server_03, 3.7761233727051735, 1457.6741490624283, 0.0, 3
434, 2276.316501847672, Server_03, 3.7761233727051735, 1654.7731001728637, 0.0, 3
435, 2279.6892232432647, Server_03, 4.082246213541479, 2296.365187507311, 0.0, 4
436, 2288.7146733933614, Server_03, 4.082246213541479, 1924.0084242041573, 0.0, 4
437, 2293.953728249543, Server_03, 4.082246213541479, 1478.3200811233348, 0.0, 4
438, 2297.341827548512, Server_03, 3.7761233727051735, 1455.0931259601432, 0.0, 3
439, 2300.7215139149166, Server_03, 3.7761233727051735, 1458.7152373089875, 0.0, 3
440, 2306.843918744083, Server_03, 3.7761233727051735, 4392.354587124357, 0.0, 3
441, 2316.7286362493983, Server_03, 4.694143310325732, 1932.781588318224, 0.0, 6
442, 2322.0513196308416, Server_03, 4.082246213541479, 1455.093125960058, 0.0, 4
443, 2325.2093046356176, Server_03, 3.7761233727051735, 1561.1220422339, 0.0, 3
444, 2328.9380617561274, Server_03, 4.082246213541479, 2077.0996205140996, 0.0, 4
445, 2333.277345734063, Server_03, 4.082246213541479, 1784.8566812823146, 0.0, 4
446, 2338.3036604687422, Server_03, 4.082246213541479, 1540.89037571868, 0.0, 4
447, 2341.689864664324, Server_03, 3.7761233727051735, 1455.9074749339031, 0.0, 3
448, 2344.6745243817827, Server_03, 3.7761233727051735, 1651.779588527976, 0.0, 3
449, 2353.018908993379, Server_03, 4.082246213541479, 2315.8221614659883, 0.0, 4
450, 2357.989481995544, Server_03, 4.082246213541479, 1558.170455725404, 0.0, 4
451, 2363.312165376987, Server_03, 4.082246213541479, 1455.093125960058, 0.0, 4
452, 2366.675936673265, Server_03, 3.7761233727051735, 1465.6168822938225, 0.0, 3
453, 2369.8624104333803, Server_03, 3.7761233727051735, 1547.1647881454546, 0.0, 3
454, 2377.688088952204, Server_03, 3.7761233727051735, 1744.7136916524896, 0.0, 3
455, 2382.3026544824165, Server_03, 4.082246213541479, 1678.3811930488052, 0.0, 4
456, 2387.395027770935, Server_03, 4.082246213541479, 1520.901858758515, 0.0, 4
457, 2390.717526377884, Server_03, 3.7761233727051735, 1483.823045008626, 0.0, 3
458, 2398.14503603467, Server_03, 3.7761233727051735, 2030.8879044904422, 0.0, 3
459, 2402.8976956351407, Server_03, 4.082246213541479, 1629.613869091867, 0.0, 4
460, 2408.1580356869927, Server_03, 4.082246213541479, 1472.3382754073737, 0.0, 4
461, 2411.5050157450924, Server_03, 3.7761233727051735, 1472.9696366338976, 0.0, 3
462, 2414.071226415681, Server_03, 3.7761233727051735, 1921.1205286077504, 0.0, 3
463, 2423.3504373458427, Server_03, 4.082246213541479, 1809.913118656958, 0.0, 4
464, 2428.6384953411693, Server_03, 4.082246213541479, 1464.620850763112, 0.0, 4
465, 2432.0265946401382, Server_03, 3.7761233727051735, 1455.0931259601432, 0.0, 3
466, 2435.2940919769476, Server_03, 3.7761233727051735, 1508.8000055767586, 0.0, 3
467, 2442.770662900076, Server_03, 3.7761233727051735, 1990.6556900751489, 0.0, 3
468, 2447.3360342998835, Server_03, 4.082246213541479, 1696.4665788913303, 0.0, 4
469, 2452.5494975088222, Server_03, 4.082246213541479, 1485.5768017545124, 0.0, 4
470, 2455.874558845251, Server_03, 3.7761233727051735, 1482.6794158614746, 0.0, 3
471, 2462.6535076631094, Server_03, 3.7761233727051735, 2771.2995171696225, 0.0, 3
472, 2469.0582135472287, Server_03, 4.3882382694953606, 1899.3846431205563, 0.0, 5
473, 2474.380896928672, Server_03, 4.082246213541479, 1455.093125960058, 0.0, 4
474, 2477.6798799067874, Server_03, 3.7761233727051735, 1494.3999507437043, 0.0, 3
475, 2480.296506848058, Server_03, 3.7761233727051735, 1884.105037000808, 0.0, 3
476, 2489.6378364863494, Server_03, 4.082246213541479, 1784.0156461945426, 0.0, 4
477, 2494.875832939742, Server_03, 4.082246213541479, 1478.6187942116283, 0.0, 4
478, 2498.263932238711, Server_03, 3.7761233727051735, 1455.0931259601432, 0.0, 3
479, 2501.5354099249116, Server_03, 3.7761233727051735, 1506.9642751331933, 0.0, 3
480, 2504.0357305043367, Server_03, 3.7761233727051735, 1971.7471593716991, 0.0, 3
481, 2513.5265008845736, Server_03, 4.082246213541479, 1724.6484109017088, 0.0, 4
482, 2518.823013462814, Server_03, 4.082246213541479, 1462.2829428969744, 0.0, 4
483, 2522.2111127617827, Server_03, 3.7761233727051735, 1455.0931259601432, 0.0, 3
484, 2525.3958143492514, Server_03, 3.7761233727051735, 1548.0257300711644, 0.0, 3
485, 2532.8845350243705, Server_03, 3.7761233727051735, 1980.937454848784, 0.0, 3
486, 2537.334409105584, Server_03, 4.082246213541479, 1740.4986879735636, 0.0, 4
487, 2542.588824711644, Server_03, 4.082246213541479, 1473.998362647174, 0.0, 4
488, 2545.806025464706, Server_03, 3.7761233727051735, 1532.388053592133, 0.0, 3
489, 2553.2908506905706, Server_03, 3.7761233727051735, 1984.0429615266214, 0.0, 3
490, 2558.23367613776, Server_03, 4.082246213541479, 1566.917562181721, 0.0, 4
491, 2563.475621178991, Server_03, 4.082246213541479, 1477.5049984464351, 0.0, 4
492, 2565.959121429833, Server_03, 3.7761233727051735, 1985.1014705266687, 0.0, 3
493, 2568.20757526455, Server_03, 4.082246213541479, 3444.589290833466, 0.0, 4
494, 2580.206536727291, Server_03, 4.3882382694953606, 1738.115013886016, 0.0, 5
495, 2585.5292201087345, Server_03, 4.082246213541479, 1455.093125960058, 0.0, 4
496, 2588.9173194077034, Server_03, 3.7761233727051735, 1455.0931259601432, 0.0, 3
497, 2592.301170217233, Server_03, 3.7761233727051735, 1456.920023222114, 0.0, 3
498, 2595.513467648978, Server_03, 3.7761233727051735, 1534.7271243566177, 0.0, 3
499, 2603.0099792204464, Server_03, 3.7761233727051735, 1974.7555173958124, 0.0, 3
500, 2608.1197621551, Server_03, 4.082246213541479, 1515.7199628725625, 0.0, 4
501, 2611.451211960055, Server_03, 3.7761233727051735, 1479.836194040072, 0.0, 3
502, 2614.3290435862787, Server_03, 3.7761233727051735, 1713.095358003665, 0.0, 3
503, 2622.8902052201006, Server_03, 4.082246213541479, 2174.852139942844, 0.0, 4
504, 2627.9461909182755, Server_03, 4.082246213541479, 1531.847687543048, 0.0, 4
505, 2631.3342902172444, Server_03, 3.7761233727051735, 1455.0931259601432, 0.0, 3
506, 2634.6809571955014, Server_03, 3.7761233727051735, 1473.107432567934, 0.0, 3
507, 2641.010845172374, Server_03, 3.7761233727051735, 3707.079156842415, 0.0, 3
508, 2647.502424052778, Server_03, 4.3882382694953606, 1873.966291424404, 0.0, 5
509, 2652.8131546389554, Server_03, 4.082246213541479, 1458.3680859576475, 0.0, 4
510, 2656.2012539379243, Server_03, 3.7761233727051735, 1455.0931259601432, 0.0, 3
511, 2659.221756219632, Server_03, 3.7761233727051735, 1632.1788696722356, 0.0, 3
512, 2668.271005739017, Server_03, 4.082246213541479, 1912.700109717278, 0.0, 4
513, 2673.4286269786303, Server_03, 4.082246213541479, 1501.6612582005744, 0.0, 4
514, 2676.816726277599, Server_03, 3.7761233727051735, 1455.0931259601432, 0.0, 3
515, 2680.174095042442, Server_03, 3.7761233727051735, 1468.4118264354483, 0.0, 3
516, 2686.5322907251757, Server_03, 3.7761233727051735, 3629.8156905319643, 0.0, 3
517, 2692.7851071409696, Server_03, 4.3882382694953606, 1945.5232955940749, 0.0, 5
518, 2698.0343577393605, Server_03, 4.082246213541479, 1475.448705454077, 0.0, 4
519, 2701.4224570383294, Server_03, 3.7761233727051735, 1455.0931259601432, 0.0, 3
520, 2704.523277049063, Server_03, 3.7761233727051735, 1589.9020204122664, 0.0, 3
521, 2712.7851894751825, Server_03, 4.082246213541479, 2374.3739831831017, 0.0, 4
522, 2717.8839453661167, Server_03, 4.082246213541479, 1518.9979998397207, 0.0, 4
523, 2721.2720446650856, Server_03, 3.7761233727051735, 1455.0931259601432, 0.0, 3
524, 2724.658998315217, Server_03, 3.7761233727051735, 1455.5853162645212, 0.0, 3
525, 2731.958382308613, Server_03, 3.7761233727051735, 2144.052500217083, 0.0, 3
526, 2736.1449924979734, Server_03, 4.082246213541479, 1849.9453375628532, 0.0, 4
527, 2741.2268903366153, Server_03, 4.082246213541479, 1524.036933821909, 0.0, 4
528, 2744.546490013628, Server_03, 3.7761233727051735, 1485.118833496328, 0.0, 3
529, 2751.273573411063, Server_03, 3.7761233727051735, 2854.523416369048, 0.0, 3
530, 2756.507213646488, Server_03, 4.3882382694953606, 2324.3859823720513, 0.0, 5
531, 2761.6293153355064, Server_03, 4.082246213541479, 1512.074626828427, 0.0, 4
532, 2765.0174146344752, Server_03, 3.7761233727051735, 1455.0931259601432, 0.0, 3
533, 2771.4533221455113, Server_03, 3.7761233727051735, 3433.3687665182265, 0.0, 3
534, 2775.673948556435, Server_03, 4.3882382694953606, 2882.273581124156, 0.0, 5
535, 2788.9692380006722, Server_03, 4.3882382694953606, 1466.4949405051645, 0.0, 5
536, 2791.9795846385086, Server_03, 3.7761233727051735, 1637.6851549372761, 0.0, 3
537, 2795.3670797250743, Server_03, 4.082246213541479, 2286.3501797288586, 0.0, 4
538, 2798.041368960571, Server_03, 4.082246213541479, 2896.0966140825867, 0.0, 4
539, 2803.970006023898, Server_03, 4.3882382694953606, 2051.9049943620366, 0.0, 5
540, 2809.292689405341, Server_03, 4.082246213541479, 1455.093125960058, 0.0, 4
541, 2812.650504057546, Server_03, 3.7761233727051735, 1468.2168346494684, 0.0, 3
542, 2815.488472478404, Server_03, 3.7761233727051735, 1737.15815995918, 0.0, 3
543, 2824.416210204511, Server_03, 4.082246213541479, 1971.873006825408, 0.0, 4
544, 2828.915889372335, Server_03, 4.082246213541479, 1721.2338282654239, 0.0, 4
545, 2833.9010688459066, Server_03, 4.082246213541479, 1553.6050489374747, 0.0, 4
546, 2839.0641025677182, Server_03, 4.082246213541479, 1500.0870451960513, 0.0, 4
547, 2841.3739424694804, Server_03, 3.7761233727051735, 2134.347058529415, 0.0, 3
548, 2843.094721715837, Server_03, 4.082246213541479, 4500.8678576286275, 0.0, 4
549, 2861.0562418308596, Server_03, 4.694143310325732, 1473.9783474823168, 0.0, 6
550, 2864.175827320018, Server_03, 3.7761233727051735, 1580.3381625967008, 0.0, 3
551, 2868.275621916744, Server_03, 4.082246213541479, 1889.11903200831, 0.0, 4
552, 2872.47588298964, Server_03, 4.082246213541479, 1843.932999779, 0.0, 4
553, 2877.5325115320634, Server_03, 4.082246213541479, 1531.6529452424918, 0.0, 4
554, 2880.9009003301426, Server_03, 3.7761233727051735, 1463.6077648789549, 0.0, 3
555, 2883.870710735632, Server_03, 3.7761233727051735, 1660.0386310476288, 0.0, 3
556, 2887.959322615647, Server_03, 4.082246213541479, 1894.28594038418, 0.0, 4
557, 2893.0343888616303, Server_03, 4.082246213541479, 1526.0884537477757, 0.0, 4
558, 2896.3445057505696, Server_03, 3.7761233727051735, 1489.3733863216382, 0.0, 3
559, 2899.301496818586, Server_03, 3.7761233727051735, 1667.2353370708122, 0.0, 3
560, 2908.7653198503745, Server_03, 4.082246213541479, 1735.0598231259353, 0.0, 4
561, 2914.0756914536387, Server_03, 4.082246213541479, 1458.4666721325548, 0.0, 4
562, 2917.4637907526076, Server_03, 3.7761233727051735, 1455.0931259601432, 0.0, 3
563, 2920.834792472347, Server_03, 3.7761233727051735, 1462.47329721948, 0.0, 3
564, 2927.598127501388, Server_03, 3.7761233727051735, 2795.838521215108, 0.0, 3
565, 2933.524456366063, Server_03, 4.3882382694953606, 2052.704174503582, 0.0, 5
566, 2938.8160796212924, Server_03, 4.082246213541479, 1463.634054511765, 0.0, 4
567, 2942.2041789202613, Server_03, 3.7761233727051735, 1455.0931259601432, 0.0, 3
568, 2945.403251105289, Server_03, 3.7761233727051735, 1541.071821721627, 0.0, 3
569, 2952.115964342575, Server_03, 3.7761233727051735, 2878.473694646658, 0.0, 3
570, 2958.1954887604616, Server_03, 4.3882382694953606, 2000.9788864749307, 0.0, 5
571, 2963.518172141905, Server_03, 4.082246213541479, 1455.093125960058, 0.0, 4
572, 2966.5910868059855, Server_03, 3.7761233727051735, 1604.340028581637, 0.0, 3
573, 2970.765495871534, Server_03, 4.082246213541479, 1855.3524291425774, 0.0, 4
574, 2980.927699378699, Server_03, 4.082246213541479, 1500.3282976446203, 0.0, 4
575, 2984.293412500105, Server_03, 3.7761233727051735, 1464.771304673783, 0.0, 3
576, 2987.0437943480006, Server_03, 3.7761233727051735, 1792.4783803283553, 0.0, 3
577, 2989.2957744720557, Server_03, 4.082246213541479, 3439.1955405244807, 0.0, 4
578, 3002.578196519237, Server_03, 4.3882382694953606, 1468.7732562650824, 0.0, 5
579, 3005.9662958182057, Server_03, 3.7761233727051735, 1455.0931259601432, 0.0, 3
580, 3009.3026842935155, Server_03, 3.7761233727051735, 1477.6456748017565, 0.0, 3
581, 3011.830930400586, Server_03, 3.7761233727051735, 1949.9683935881906, 0.0, 3
582, 3013.858042529101, Server_03, 4.082246213541479, 3820.7062604246503, 0.0, 4
583, 3027.004716478474, Server_03, 4.3882382694953606, 1493.247437616696, 0.0, 5
584, 3030.392815777443, Server_03, 3.7761233727051735, 1455.0931259601432, 0.0, 3
585, 3033.6477337249107, Server_03, 3.7761233727051735, 1514.6311149980104, 0.0, 3
586, 3036.16653016728, Server_03, 3.7761233727051735, 1957.2840095654453, 0.0, 3
587, 3039.178082443894, Server_03, 4.082246213541479, 2571.7634258399376, 0.0, 4
588, 3052.511903289895, Server_03, 4.3882382694953606, 1459.7146044766364, 0.0, 5
589, 3055.88005441487, Server_03, 3.7761233727051735, 1463.711044152459, 0.0, 3
590, 3058.9553683900845, Server_03, 3.7761233727051735, 1603.0883479648471, 0.0, 3
591, 3061.94190562204, Server_03, 4.082246213541479, 2593.3043516517096, 0.0, 4
592, 3067.2366946787647, Server_03, 4.3882382694953606, 2297.5419548677896, 0.0, 5
593, 3072.461321780038, Server_03, 4.082246213541479, 1482.402447078492, 0.0, 4
594, 3075.849421079007, Server_03, 3.7761233727051735, 1455.0931259601432, 0.0, 3
595, 3082.5390984575884, Server_03, 3.7761233727051735, 2917.7167561647743, 0.0, 3
596, 3084.435354886737, Server_03, 4.3882382694953606, 6415.271591438335, 0.0, 5
597, 3109.450129861915, Server_03, 4.9999536060530145, 1498.892694881953, 0.0, 7
598, 3111.9315276694715, Server_03, 3.7761233727051735, 1986.7834109413695, 0.0, 3
599, 3115.9389780282877, Server_03, 4.082246213541479, 1932.650265513931, 0.0, 4
600, 3120.7498421534283, Server_03, 4.082246213541479, 1609.897889139335, 0.0, 4
601, 3125.813237068823, Server_03, 4.082246213541479, 1529.606149512842, 0.0, 4
602, 3129.186302270558, Server_03, 3.7761233727051735, 1461.5786251224758, 0.0, 3
603, 3132.4321351298686, Server_03, 3.7761233727051735, 1518.8705684146064, 0.0, 3
604, 3135.0621289934197, Server_03, 3.7761233727051735, 1874.529088574866, 0.0, 3
605, 3138.2092010796314, Server_03, 4.082246213541479, 2461.017665891206, 0.0, 4
606, 3142.912194458065, Server_03, 4.3882382694953606, 2586.650463040032, 0.0, 5
607, 3151.054266867688, Server_03, 4.3882382694953606, 1494.0913551226288, 0.0, 5
608, 3154.2094316878643, Server_03, 3.7761233727051735, 1562.5174217442911, 0.0, 3
609, 3158.134285618638, Server_03, 4.082246213541479, 1973.3218449924025, 0.0, 4
610, 3162.4132379949706, Server_03, 4.082246213541479, 1810.0224818669233, 0.0, 4
611, 3167.369142498938, Server_03, 4.082246213541479, 1562.7823324279086, 0.0, 4
612, 3172.5600684055944, Server_03, 4.082246213541479, 1492.026690280499, 0.0, 4
613, 3175.765392658088, Server_03, 3.7761233727051735, 1538.0659214632838, 0.0, 3
614, 3177.9474899686684, Server_03, 3.7761233727051735, 2259.2942927409936, 0.0, 3
615, 3180.034106749125, Server_03, 4.082246213541479, 3711.7500791426555, 0.0, 4
616, 3193.091782815039, Server_03, 4.3882382694953606, 1509.7405133299867, 0.0, 5
617, 3196.479882114008, Server_03, 3.7761233727051735, 1455.0931259601432, 0.0, 3
618, 3199.5816235319935, Server_03, 3.7761233727051735, 1589.4297220952321, 0.0, 3
619, 3203.303779152307, Server_03, 4.082246213541479, 2080.783500220134, 0.0, 4
620, 3207.707601359254, Server_03, 4.082246213541479, 1758.6995196541184, 0.0, 4
621, 3212.724174766955, Server_03, 4.082246213541479, 1543.8825211070832, 0.0, 4
622, 3216.080069610491, Server_03, 3.7761233727051735, 1469.0567582878186, 0.0, 3
623, 3219.300027095666, Server_03, 3.7761233727051735, 1531.0761159731435, 0.0, 3
624, 3225.3108238164123, Server_03, 3.7761233727051735, 4877.3407143224895, 0.0, 3
625, 3243.2473219456297, Server_03, 4.694143310325732, 1476.8293404573599, 0.0, 6
626, 3246.589240476671, Server_03, 3.7761233727051735, 1475.200533528228, 0.0, 3
627, 3249.2040216243918, Server_03, 3.7761233727051735, 1885.4350408244582, 0.0, 3
628, 3251.5706416875933, Server_03, 4.082246213541479, 3272.5996540073425, 0.0, 4
629, 3256.9637660124736, Server_03, 4.3882382694953606, 2255.6498361958234, 0.0, 5
630, 3262.221614866485, Server_03, 4.082246213541479, 1473.0358774179538, 0.0, 4
631, 3265.3062657036635, Server_03, 3.7761233727051735, 1598.2359950047903, 0.0, 3
632, 3268.2958648411677, Server_03, 4.082246213541479, 2590.648325670065, 0.0, 4
633, 3273.434754362982, Server_03, 4.3882382694953606, 2367.2429516844845, 0.0, 5
634, 3278.601765137448, Server_03, 4.082246213541479, 1498.9324269021054, 0.0, 4
635, 3281.989864436417, Server_03, 3.7761233727051735, 1455.0931259601432, 0.0, 3
636, 3285.323794648357, Server_03, 3.7761233727051735, 1478.7352123761368, 0.0, 3
637, 3291.9358829519692, Server_03, 3.7761233727051735, 3058.14513321188, 0.0, 3
638, 3296.522651962649, Server_03, 4.3882382694953606, 2652.1937275836754, 0.0, 5
639, 3304.6685577957564, Server_03, 4.3882382694953606, 1493.3882430309598, 0.0, 5
640, 3308.0275792339435, Server_03, 3.7761233727051735, 1467.6893526052872, 0.0, 3
641, 3310.9610663364238, Server_03, 3.7761233727051735, 1680.5937192741187, 0.0, 3
642, 3314.846446568422, Server_03, 4.082246213541479, 1993.3698988366214, 0.0, 4
643, 3323.5939314582247, Server_03, 4.082246213541479, 2066.71947392632, 0.0, 4
644, 3328.815602828104, Server_03, 4.082246213541479, 1483.2415622086135, 0.0, 4
645, 3332.203702127073, Server_03, 3.7761233727051735, 1455.0931259601432, 0.0, 3
646, 3335.516125368529, Server_03, 3.7761233727051735, 1488.3363751042777, 0.0, 3
647, 3342.5019801251015, Server_03, 3.7761233727051735, 2482.5581949958487, 0.0, 3
648, 3348.7054292677585, Server_03, 4.3882382694953606, 1961.0058405007705, 0.0, 5
649, 3352.6421958638157, Server_03, 4.082246213541479, 1967.3505682955479, 0.0, 4
650, 3357.12251286292, Server_03, 4.082246213541479, 1728.6723242013036, 0.0, 4
651, 3362.379183635052, Server_03, 4.082246213541479, 1473.3660021205058, 0.0, 4
652, 3365.4806151211637, Server_03, 3.7761233727051735, 1589.588556792745, 0.0, 3
653, 3373.54914179426, Server_03, 4.082246213541479, 2524.012604454674, 0.0, 4
654, 3380.9270132360966, Server_03, 4.3882382694953606, 1648.8495490742055, 0.0, 5
655, 3386.151186066773, Server_03, 4.082246213541479, 1482.5313501347991, 0.0, 4
656, 3388.985507601435, Server_03, 3.7761233727051735, 1739.393339714217, 0.0, 3
657, 3391.412406800536, Server_03, 4.082246213541479, 3191.3150751666553, 0.0, 4
658, 3396.591973065759, Server_03, 4.3882382694953606, 2348.6522571743267, 0.0, 5
659, 3401.611589083128, Server_03, 4.082246213541479, 1542.9467061226155, 0.0, 4
660, 3404.999670771212, Server_03, 3.7761233727051735, 1455.1006893779188, 0.0, 3
661, 3412.9046014448386, Server_03, 3.7761233727051735, 1697.1145111168598, 0.0, 3
662, 3417.855980116197, Server_03, 4.082246213541479, 1564.2108014888263, 0.0, 4
663, 3422.94936458832, Server_03, 4.082246213541479, 1520.5999159085106, 0.0, 4
664, 3425.865276289107, Server_03, 3.7761233727051735, 1690.7233503227294, 0.0, 3
665, 3432.3743459961015, Server_03, 4.082246213541479, 5132.301022346416, 0.0, 4
666, 3443.3172878840305, Server_03, 4.694143310325732, 1745.874207837513, 0.0, 6
667, 3448.639971265474, Server_03, 4.082246213541479, 1455.093125960058, 0.0, 4
668, 3452.0280705644427, Server_03, 3.7761233727051735, 1455.0931259601432, 0.0, 3
669, 3454.763510969076, Server_03, 3.7761233727051735, 1802.2692037632075, 0.0, 3
670, 3458.2619259044814, Server_03, 4.082246213541479, 2213.8597459144517, 0.0, 4
671, 3462.7190040945243, Server_03, 4.082246213541479, 1737.68546787047, 0.0, 4
672, 3467.819104082899, Server_03, 4.082246213541479, 1518.5976780169926, 0.0, 4
673, 3471.2072033818677, Server_03, 3.7761233727051735, 1455.0931259601432, 0.0, 3
674, 3474.495149028293, Server_03, 3.7761233727051735, 1499.4165141872381, 0.0, 3
675, 3480.506967691339, Server_03, 3.7761233727051735, 4872.414573929613, 0.0, 3
676, 3498.390768854502, Server_03, 4.694143310325732, 1482.869826850845, 0.0, 6
677, 3501.007577760309, Server_03, 3.7761233727051735, 1883.9740223521533, 0.0, 3
678, 3505.3113687803766, Server_03, 4.082246213541479, 1799.5762256778798, 0.0, 4
679, 3510.477471507802, Server_03, 4.082246213541479, 1499.1958945926492, 0.0, 4
680, 3513.838368241286, Server_03, 3.7761233727051735, 1466.8704191007585, 0.0, 3
681, 3516.6772562155425, Server_03, 3.7761233727051735, 1736.5954714331833, 0.0, 3
682, 3519.7010419629632, Server_03, 4.082246213541479, 2561.3587227885723, 0.0, 4
683, 3523.712845475105, Server_03, 4.3882382694953606, 3032.3020464941533, 0.0, 5
684, 3530.738734486879, Server_03, 4.3882382694953606, 1731.4534829135632, 0.0, 5
685, 3536.055373970043, Server_03, 4.082246213541479, 1456.7472600926833, 0.0, 4
686, 3539.3088116979716, Server_03, 3.7761233727051735, 1515.3202281019246, 0.0, 3
687, 3541.9577218427266, Server_03, 3.7761233727051735, 1861.1427834808119, 0.0, 3
688, 3545.4888061965876, Server_03, 4.082246213541479, 2193.377224628326, 0.0, 4
689, 3555.642398858581, Server_03, 4.082246213541479, 1502.8351109542273, 0.0, 4
690, 3558.993015264894, Server_03, 3.7761233727051735, 1471.3710559977778, 0.0, 3
691, 3562.1727026162507, Server_03, 3.7761233727051735, 1550.4669029476843, 0.0, 3
692, 3564.85066283795, Server_03, 4.082246213541479, 2892.1266033911975, 0.0, 4
693, 3576.9564538822, Server_03, 4.3882382694953606, 1711.9839190660996, 0.0, 5
694, 3582.06443798578, Server_03, 4.082246213541479, 1516.2537398211668, 0.0, 4
695, 3585.1295774746227, Server_03, 3.7761233727051735, 1608.4096720378998, 0.0, 3
696, 3589.2046647571347, Server_03, 4.082246213541479, 1900.5727885234005, 0.0, 4
697, 3593.6076548674264, Server_03, 4.082246213541479, 1759.0318865119643, 0.0, 4
698, 3598.207112448968, Server_03, 4.082246213541479, 1683.8942120222925, 0.0, 4
699, 3602.512295740251, Server_03, 4.082246213541479, 1798.9942532021832, 0.0, 4
700, 3606.3762855716313, Server_03, 4.082246213541479, 2004.4048607739412, 0.0, 4
701, 3609.7050466386354, Server_03, 4.082246213541479, 2326.6914759282035, 0.0, 4
702, 3617.5529075897034, Server_03, 4.082246213541479, 2719.585026472393, 0.0, 4
703, 3622.717609487739, Server_03, 4.3882382694953606, 2355.411839863749, 0.0, 5
704, 3626.050833485653, Server_03, 4.082246213541479, 2323.5762147539053, 0.0, 4
705, 3628.803542534858, Server_03, 4.082246213541479, 2813.5919421767803, 0.0, 4
706, 3638.458893772331, Server_03, 4.3882382694953606, 2613.1218418233143, 0.0, 5
707, 3643.2602458465226, Server_03, 4.3882382694953606, 2533.6613129018237, 0.0, 5
708, 3647.7976927455634, Server_03, 4.3882382694953606, 2681.0231107215095, 0.0, 5
709, 3651.7365305642497, Server_03, 4.3882382694953606, 3088.4744587064943, 0.0, 5
710, 3655.303127373763, Server_03, 4.3882382694953606, 3410.8144681653907, 0.0, 5
711, 3661.651561188196, Server_03, 4.3882382694953606, 9021.577380951878, 0.0, 5
712, 3667.375689149952, Server_03, 4.9999536060530145, 5240.972983209943, 0.0, 7
713, 3672.979197366389, Server_03, 4.694143310325732, 3409.471220896583, 0.0, 6
714, 3676.5473645051648, Server_03, 4.3882382694953606, 3409.313388882994, 0.0, 5
715, 3679.7819027194464, Server_03, 4.3882382694953606, 3760.9696327862584, 0.0, 5
716, 3686.6068765376363, Server_03, 4.3882382694953606, 6665.849054243535, 0.0, 5
717, 3693.4138413884093, Server_03, 4.9999536060530145, 4407.250611348896, 0.0, 7
718, 3698.348394094574, Server_03, 4.694143310325732, 3871.67817178904, 0.0, 6
719, 3703.2191055172543, Server_03, 4.694143310325732, 3922.4249482401633, 0.0, 6
