0, 437.43097925473757, Server_00, 4.9999536060530145, 4525.441324157318, 0.0, 7
1, 441.53650467618326, Server_00, 4.694143310325732, 4887.25962745759, 0.0, 6
2, 445.10962400926996, Server_00, 4.694143310325732, 5512.121651101115, 0.0, 6
3, 448.8615376440869, Server_00, 4.694143310325732, 5384.666237499493, 0.0, 6
4, 452.53677342529045, Server_00, 4.694143310325732, 5432.225276206076, 0.0, 6
5, 455.0116826331815, Server_00, 4.694143310325732, 8167.305201978264, 0.0, 6
6, 458.99631243560316, Server_00, 4.9999536060530145, 7873.593924895548, 0.0, 7
7, 464.4116358847201, Server_00, 4.9999536060530145, 5626.657901827363, 0.0, 7
8, 468.9595668463081, Server_00, 4.694143310325732, 4256.380227014645, 0.0, 6
9, 473.47024071129067, Server_00, 4.694143310325732, 4347.99052729572, 0.0, 6
10, 477.9882162875752, Server_00, 4.694143310325732, 4284.179263065839, 0.0, 6
11, 482.44079292944303, Server_00, 4.694143310325732, 4347.943200490626, 0.0, 6
12, 486.86236460424715, Server_00, 4.694143310325732, 4378.840979893315, 0.0, 6
13, 490.86042234595857, Server_00, 4.694143310325732, 4851.826831248799, 0.0, 6
14, 494.4849401088796, Server_00, 4.694143310325732, 5463.555177834882, 0.0, 6
15, 496.95740879458236, Server_00, 4.694143310325732, 7914.500409915695, 0.0, 6
16, 500.8178744120016, Server_00, 4.9999536060530145, 7916.247580207928, 0.0, 7
17, 506.92658008013944, Server_00, 4.9999536060530145, 5082.832215151953, 0.0, 7
18, 511.4344871672408, Server_00, 4.694143310325732, 4293.8739590075575, 0.0, 6
19, 516.0010042082592, Server_00, 4.694143310325732, 4384.807023179267, 0.0, 6
20, 520.4139797250228, Server_00, 4.694143310325732, 4397.709246740372, 0.0, 6
21, 524.7189074579073, Server_00, 4.694143310325732, 4499.123419104105, 0.0, 6
22, 528.7018599116739, Server_00, 4.694143310325732, 4965.895335607662, 0.0, 6
23, 531.9769178358259, Server_00, 4.694143310325732, 5982.7671398413495, 0.0, 6
24, 534.8360698635709, Server_00, 4.694143310325732, 7073.47632756162, 0.0, 6
25, 539.5213212163633, Server_00, 4.9999536060530145, 6610.45543850866, 0.0, 7
26, 546.5046498901788, Server_00, 4.9999536060530145, 4398.400331688004, 0.0, 7
27, 551.0120782608947, Server_00, 4.694143310325732, 4327.728182605144, 0.0, 6
28, 555.4442646673219, Server_00, 4.694143310325732, 4368.213629019576, 0.0, 6
29, 559.9405038845334, Server_00, 4.694143310325732, 4305.163687462198, 0.0, 6
30, 564.1580456344442, Server_00, 4.694143310325732, 4594.233402029723, 0.0, 6
31, 567.903288180534, Server_00, 4.694143310325732, 5202.388596751964, 0.0, 6
32, 571.5618601219138, Server_00, 4.694143310325732, 5344.516296175983, 0.0, 6
33, 579.3493230867244, Server_00, 4.694143310325732, 7619.20950954869, 0.0, 6
34, 586.1606839887127, Server_00, 4.9999536060530145, 4614.39704438744, 0.0, 7
35, 590.6486859479645, Server_00, 4.694143310325732, 4313.169802924743, 0.0, 6
36, 595.1656652648609, Server_00, 4.694143310325732, 4285.136584292983, 0.0, 6
37, 599.624527169079, Server_00, 4.694143310325732, 4341.732746949659, 0.0, 6
38, 604.0174764745938, Server_00, 4.694143310325732, 4407.7567880993765, 0.0, 6
39, 608.1719573791912, Server_00, 4.694143310325732, 4664.3796301977445, 0.0, 6
40, 611.9231061227734, Server_00, 4.694143310325732, 5375.119158087395, 0.0, 6
41, 620.1042406897861, Server_00, 4.694143310325732, 6118.319295570181, 0.0, 6
42, 626.8466517619178, Server_00, 4.9999536060530145, 4540.566499888228, 0.0, 7
43, 631.4204477466566, Server_00, 4.694143310325732, 4350.830587071308, 0.0, 6
44, 636.2186429037216, Server_00, 4.694143310325732, 4324.402999566014, 0.0, 6
45, 640.6692240770876, Server_00, 4.694143310325732, 4349.918635883655, 0.0, 6
46, 644.7290020469494, Server_00, 4.694143310325732, 4774.778210592386, 0.0, 6
47, 647.698993220481, Server_00, 4.694143310325732, 6602.470546618832, 0.0, 6
48, 651.9771755804549, Server_00, 4.9999536060530145, 7180.486516193663, 0.0, 7
49, 663.9737925743132, Server_00, 4.9999536060530145, 4360.533822032272, 0.0, 7
50, 668.4301372034604, Server_00, 4.694143310325732, 4346.967727455614, 0.0, 6
51, 672.910826746287, Server_00, 4.694143310325732, 4320.302019749982, 0.0, 6
52, 677.3583070785277, Server_00, 4.694143310325732, 4352.991911194563, 0.0, 6
53, 681.438164425996, Server_00, 4.694143310325732, 4752.487334297241, 0.0, 6
54, 684.6940989879789, Server_00, 4.694143310325732, 5975.186829643445, 0.0, 6
55, 686.955653577792, Server_00, 4.694143310325732, 8672.227342242822, 0.0, 6
56, 698.6352588781821, Server_00, 4.9999536060530145, 4530.996341814367, 0.0, 7
57, 702.9563206554927, Server_00, 4.694143310325732, 4482.093795312587, 0.0, 6
58, 707.5582700257866, Server_00, 4.694143310325732, 4347.049820993936, 0.0, 6
59, 711.9344686399422, Server_00, 4.694143310325732, 4424.857042112666, 0.0, 6
60, 716.0648471447504, Server_00, 4.694143310325732, 4691.989487644831, 0.0, 6
61, 720.0921056668313, Server_00, 4.694143310325732, 4830.723573558934, 0.0, 6
62, 723.7156115123842, Server_00, 4.694143310325732, 5426.038544070447, 0.0, 6
63, 726.4745825218015, Server_00, 4.694143310325732, 7074.809653504299, 0.0, 6
64, 738.1695036145286, Server_00, 4.9999536060530145, 4698.377146409958, 0.0, 7
65, 742.5773019117189, Server_00, 4.694143310325732, 4392.708056884629, 0.0, 6
66, 747.2557132705306, Server_00, 4.694143310325732, 4327.17694693291, 0.0, 6
67, 751.5660968504225, Server_00, 4.694143310325732, 4494.348394969411, 0.0, 6
68, 755.9241202841936, Server_00, 4.694143310325732, 4545.086314822898, 0.0, 6
69, 760.0017905856326, Server_00, 4.694143310325732, 4753.521865356936, 0.0, 6
70, 763.6724081112988, Server_00, 4.694143310325732, 5465.473953763328, 0.0, 6
71, 766.5835623481338, Server_00, 4.694143310325732, 6722.673294219249, 0.0, 6
72, 778.3520219200664, Server_00, 4.9999536060530145, 4595.395493650964, 0.0, 7
73, 782.7731721827031, Server_00, 4.694143310325732, 4379.263960373299, 0.0, 6
74, 787.505914910182, Server_00, 4.694143310325732, 4449.01817885304, 0.0, 6
75, 791.6742412726624, Server_00, 4.694143310325732, 4648.66578412571, 0.0, 6
76, 795.465019603075, Server_00, 4.694143310325732, 5143.3866131919, 0.0, 6
77, 798.6615503946607, Server_00, 4.694143310325732, 6136.968345753045, 0.0, 6
78, 803.1699398398858, Server_00, 4.9999536060530145, 6741.808701243726, 0.0, 7
79, 809.8385478506976, Server_00, 4.9999536060530145, 4538.534647995066, 0.0, 7
80, 814.0961665545763, Server_00, 4.694143310325732, 4567.538984558477, 0.0, 6
81, 818.3809693658606, Server_00, 4.694143310325732, 4520.8564952861, 0.0, 6
82, 822.5017161943443, Server_00, 4.694143310325732, 4704.72576930953, 0.0, 6
83, 826.3789225753512, Server_00, 4.694143310325732, 5003.062092654676, 0.0, 6
84, 833.9120735904074, Server_00, 4.694143310325732, 8187.7485972560935, 0.0, 6
85, 838.8072523077213, Server_00, 4.9999536060530145, 6483.482145572664, 0.0, 7
86, 845.7182884607483, Server_00, 4.9999536060530145, 4377.969898837127, 0.0, 7
87, 850.093210065542, Server_00, 4.694143310325732, 4518.782517241742, 0.0, 6
88, 854.5409321196142, Server_00, 4.694143310325732, 4352.752182160138, 0.0, 6
89, 859.0682097005844, Server_00, 4.694143310325732, 4324.797249180143, 0.0, 6
90, 863.3142367599863, Server_00, 4.694143310325732, 4570.594455151155, 0.0, 6
91, 867.5238031498809, Server_00, 4.694143310325732, 4672.020280714553, 0.0, 6
92, 871.1312173653141, Server_00, 4.694143310325732, 5392.021496254135, 0.0, 6
93, 879.1645631572255, Server_00, 4.694143310325732, 6928.736830698795, 0.0, 6
94, 886.0388930069341, Server_00, 4.9999536060530145, 4530.640735658667, 0.0, 7
95, 890.5583831282032, Server_00, 4.694143310325732, 4324.660065947055, 0.0, 6
96, 895.0608639906987, Server_00, 4.694143310325732, 4299.116951987542, 0.0, 6
97, 899.457934915677, Server_00, 4.694143310325732, 4403.569398999413, 0.0, 6
98, 903.8386371541649, Server_00, 4.694143310325732, 4420.246406094186, 0.0, 6
99, 907.9042689194276, Server_00, 4.694143310325732, 4767.8029249628935, 0.0, 6
100, 911.8410999448868, Server_00, 4.694143310325732, 4978.201481537878, 0.0, 6
101, 919.1987135235396, Server_00, 4.694143310325732, 8309.8869591766, 0.0, 6
102, 924.116286620552, Server_00, 4.9999536060530145, 6176.609598341348, 0.0, 7
103, 930.9880314863993, Server_00, 4.9999536060530145, 4403.217370795435, 0.0, 7
104, 935.5762384260281, Server_00, 4.694143310325732, 4368.812759014001, 0.0, 6
105, 940.1548091289427, Server_00, 4.694143310325732, 4308.90792298599, 0.0, 6
106, 944.6312421210115, Server_00, 4.694143310325732, 4324.464548285999, 0.0, 6
107, 948.7368060563423, Server_00, 4.694143310325732, 4721.565682959146, 0.0, 6
108, 952.3461524976502, Server_00, 4.694143310325732, 5380.475454849029, 0.0, 6
109, 960.4518882698728, Server_00, 4.694143310325732, 6269.70919384375, 0.0, 6
110, 967.1039435561087, Server_00, 4.9999536060530145, 4663.318033584337, 0.0, 7
111, 971.570439195858, Server_00, 4.694143310325732, 4334.213688265493, 0.0, 6
112, 976.1250545344419, Server_00, 4.694143310325732, 4539.581691527288, 0.0, 6
113, 980.4676542836829, Server_00, 4.694143310325732, 4459.5601873166315, 0.0, 6
114, 984.4091848668173, Server_00, 4.694143310325732, 4942.6058847337945, 0.0, 6
115, 987.8055146462481, Server_00, 4.694143310325732, 5972.76552300315, 0.0, 6
116, 990.6146498169358, Server_00, 4.694143310325732, 7223.061165034017, 0.0, 6
117, 1002.5544064381248, Server_00, 4.9999536060530145, 4368.457317180468, 0.0, 7
118, 1007.0519102882071, Server_00, 4.694143310325732, 4349.60550362539, 0.0, 6
119, 1011.6117879600648, Server_00, 4.694143310325732, 4364.0224674449255, 0.0, 6
120, 1015.9951690801354, Server_00, 4.694143310325732, 4423.322853151206, 0.0, 6
121, 1020.3973863134379, Server_00, 4.694143310325732, 4516.936973315327, 0.0, 6
122, 1024.2251835445109, Server_00, 4.694143310325732, 5108.643658692941, 0.0, 6
123, 1026.800455080713, Server_00, 4.694143310325732, 7591.210139513815, 0.0, 6
124, 1038.3193045146359, Server_00, 4.9999536060530145, 4814.05261307912, 0.0, 7
125, 1042.7346078158628, Server_00, 4.694143310325732, 4385.1411253684255, 0.0, 6
126, 1047.432915969441, Server_00, 4.694143310325732, 4301.853940745084, 0.0, 6
127, 1051.8746696037035, Server_00, 4.694143310325732, 4358.679130776681, 0.0, 6
128, 1056.164391940393, Server_00, 4.694143310325732, 4531.412440880751, 0.0, 6
129, 1060.5919326629821, Server_00, 4.694143310325732, 4499.354516083693, 0.0, 6
130, 1064.803300309172, Server_00, 4.694143310325732, 4600.485411417338, 0.0, 6
131, 1068.4576278053523, Server_00, 4.694143310325732, 5319.980062951819, 0.0, 6
132, 1071.5947646502402, Server_00, 4.694143310325732, 6309.830318538934, 0.0, 6
133, 1083.165140698689, Server_00, 4.9999536060530145, 4869.3554497786745, 0.0, 7
134, 1087.6447078888814, Server_00, 4.694143310325732, 4321.3988028340145, 0.0, 6
135, 1092.2178398380731, Server_00, 4.694143310325732, 4288.836284609592, 0.0, 6
136, 1096.7063559838055, Server_00, 4.694143310325732, 4312.669173569111, 0.0, 6
137, 1101.008674977351, Server_00, 4.694143310325732, 4503.741141408581, 0.0, 6
138, 1104.8498678677279, Server_00, 4.694143310325732, 5160.40350514963, 0.0, 6
139, 1108.3726011008669, Server_00, 4.694143310325732, 5718.8025090053825, 0.0, 6
140, 1111.0716553983661, Server_00, 4.694143310325732, 7235.346612145697, 0.0, 6
141, 1122.6068045796617, Server_00, 4.9999536060530145, 4668.503934517521, 0.0, 7
142, 1127.0546459832176, Server_00, 4.694143310325732, 4376.832574648718, 0.0, 6
143, 1131.6230557463314, Server_00, 4.694143310325732, 4385.581677248858, 0.0, 6
144, 1136.0171831728505, Server_00, 4.694143310325732, 4406.559054936232, 0.0, 6
145, 1140.1568600069154, Server_00, 4.694143310325732, 4681.299398498389, 0.0, 6
146, 1143.935414138057, Server_00, 4.694143310325732, 5135.740081943678, 0.0, 6
147, 1147.3849468114283, Server_00, 4.694143310325732, 5859.252542310524, 0.0, 6
148, 1155.16627838201, Server_00, 4.694143310325732, 7176.096548937945, 0.0, 6
149, 1162.0813073625393, Server_00, 4.9999536060530145, 4488.631603357762, 0.0, 7
150, 1166.5571188621102, Server_00, 4.694143310325732, 4325.072983904471, 0.0, 6
151, 1171.1585878983842, Server_00, 4.694143310325732, 4377.083418506342, 0.0, 6
152, 1175.4843876683578, Server_00, 4.694143310325732, 4477.117263874661, 0.0, 6
153, 1179.5586842769144, Server_00, 4.694143310325732, 4795.376810375844, 0.0, 6
154, 1183.1951020868728, Server_00, 4.694143310325732, 5527.8932342468, 0.0, 6
155, 1186.6600594133765, Server_00, 4.694143310325732, 5803.27285082753, 0.0, 6
156, 1194.2029258002813, Server_00, 4.694143310325732, 7712.593245696816, 0.0, 6
157, 1200.5948080722062, Server_00, 4.9999536060530145, 4831.686379585801, 0.0, 7
158, 1205.0833725580792, Server_00, 4.694143310325732, 4312.622113948909, 0.0, 6
159, 1209.7153585572587, Server_00, 4.694143310325732, 4335.788875689048, 0.0, 6
160, 1214.1315148458484, Server_00, 4.694143310325732, 4384.282749135132, 0.0, 6
161, 1218.456170336044, Server_00, 4.694143310325732, 4523.473266234003, 0.0, 6
162, 1222.5198557336578, Server_00, 4.694143310325732, 4827.244096374487, 0.0, 6
163, 1226.3874220327357, Server_00, 4.694143310325732, 5124.4281116229095, 0.0, 6
164, 1233.6389023925665, Server_00, 4.694143310325732, 8778.880397089499, 0.0, 6
165, 1238.217419204369, Server_00, 4.9999536060530145, 6645.316922592627, 0.0, 7
166, 1245.0727228660694, Server_00, 4.9999536060530145, 4413.868653164006, 0.0, 7
167, 1249.5778345444598, Server_00, 4.694143310325732, 4296.573374879866, 0.0, 6
168, 1254.0742028881018, Server_00, 4.694143310325732, 4305.038421002496, 0.0, 6
169, 1258.509665428035, Server_00, 4.694143310325732, 4364.944010412335, 0.0, 6
170, 1262.6155548735678, Server_00, 4.694143310325732, 4720.379067585318, 0.0, 6
171, 1266.473717254529, Server_00, 4.694143310325732, 5039.79105538905, 0.0, 6
172, 1274.16615504979, Server_00, 4.694143310325732, 7298.15893817216, 0.0, 6
173, 1279.9738379799646, Server_00, 4.9999536060530145, 5293.473913130391, 0.0, 7
174, 1284.466413024425, Server_00, 4.694143310325732, 4308.721368243538, 0.0, 6
175, 1288.9209452425507, Server_00, 4.694143310325732, 4346.008996847409, 0.0, 6
176, 1293.3670526363292, Server_00, 4.694143310325732, 4354.354031999922, 0.0, 6
177, 1297.5793913071502, Server_00, 4.694143310325732, 4599.409964487732, 0.0, 6
178, 1301.4995260126489, Server_00, 4.694143310325732, 5070.309128774404, 0.0, 6
179, 1309.7569136621862, Server_00, 4.694143310325732, 6061.868468424402, 0.0, 6
180, 1316.659225359112, Server_00, 4.9999536060530145, 4475.646122677768, 0.0, 7
181, 1321.147125056965, Server_00, 4.694143310325732, 4638.859681280541, 0.0, 6
182, 1325.3487668211362, Server_00, 4.694143310325732, 4611.285009130669, 0.0, 6
183, 1329.1118781286032, Server_00, 4.694143310325732, 5241.753734062886, 0.0, 6
184, 1332.5436918464118, Server_00, 4.694143310325732, 5925.575890776186, 0.0, 6
185, 1335.2146210861874, Server_00, 4.694143310325732, 7508.632648869261, 0.0, 6
186, 1346.809582822674, Server_00, 4.9999536060530145, 4589.670642102612, 0.0, 7
187, 1351.4005951735762, Server_00, 4.694143310325732, 4305.314103922523, 0.0, 6
188, 1356.1055534859001, Server_00, 4.694143310325732, 4335.854796389111, 0.0, 6
189, 1360.327522906638, Server_00, 4.694143310325732, 4588.770701550164, 0.0, 6
190, 1364.260239272379, Server_00, 4.694143310325732, 5007.01889437229, 0.0, 6
191, 1367.3725044680532, Server_00, 4.694143310325732, 6256.3033859698635, 0.0, 6
192, 1378.781395382357, Server_00, 4.9999536060530145, 4777.404091190021, 0.0, 7
193, 1383.2267486344983, Server_00, 4.694143310325732, 4355.1025943918785, 0.0, 6
194, 1387.7348657873379, Server_00, 4.694143310325732, 4293.671243831475, 0.0, 6
195, 1392.2522896924302, Server_00, 4.694143310325732, 4284.709319686026, 0.0, 6
196, 1396.5803257593052, Server_00, 4.694143310325732, 4474.772215411604, 0.0, 6
197, 1399.9538192634197, Server_00, 4.694143310325732, 5763.287114803508, 0.0, 6
198, 1402.436732429741, Server_00, 4.694143310325732, 7880.40375443117, 0.0, 6
199, 1407.2751798653314, Server_00, 4.9999536060530145, 6308.844901395899, 0.0, 7
200, 1419.1269327327147, Server_00, 4.9999536060530145, 4454.559941442095, 0.0, 7
201, 1423.6341602499126, Server_00, 4.694143310325732, 4353.328084753155, 0.0, 6
202, 1428.014820115998, Server_00, 4.694143310325732, 4432.035495727279, 0.0, 6
203, 1431.979748024214, Server_00, 4.694143310325732, 4930.532562837244, 0.0, 6
204, 1435.1503806018436, Server_00, 4.694143310325732, 6418.414672101477, 0.0, 6
205, 1439.4303494297171, Server_00, 4.9999536060530145, 7750.371685004266, 0.0, 7
206, 1445.2680725598593, Server_00, 4.9999536060530145, 5343.6143531413645, 0.0, 7
207, 1449.7436403756863, Server_00, 4.694143310325732, 4325.311594847096, 0.0, 6
208, 1454.1735699523522, Server_00, 4.694143310325732, 4370.46882170497, 0.0, 6
209, 1458.7339313376224, Server_00, 4.694143310325732, 4287.7507039707325, 0.0, 6
210, 1463.0289423767022, Server_00, 4.694143310325732, 4512.864388359855, 0.0, 6
211, 1467.1654167629183, Server_00, 4.694143310325732, 4702.3723005830525, 0.0, 6
212, 1475.3970144930329, Server_00, 4.694143310325732, 6190.519180693323, 0.0, 6
213, 1479.0915440767205, Server_00, 4.9999536060530145, 8381.72357374074, 0.0, 7
214, 1483.6742120313957, Server_00, 4.9999536060530145, 6737.265586844584, 0.0, 7
215, 1490.49862303395, Server_00, 4.9999536060530145, 4434.022191493932, 0.0, 7
216, 1494.9808087887716, Server_00, 4.694143310325732, 4372.338516298214, 0.0, 6
217, 1499.4626088566583, Server_00, 4.694143310325732, 4319.217342609181, 0.0, 6
218, 1503.4091105250257, Server_00, 4.694143310325732, 4915.549922682552, 0.0, 6
219, 1507.4155188254083, Server_00, 4.694143310325732, 4841.636620175294, 0.0, 6
220, 1515.1930711049988, Server_00, 4.694143310325732, 7089.37744867973, 0.0, 6
221, 1520.0467011133778, Server_00, 4.9999536060530145, 6596.112925979258, 0.0, 7
222, 1526.4913976675075, Server_00, 4.9999536060530145, 4731.248039359937, 0.0, 7
223, 1530.9473043331602, Server_00, 4.694143310325732, 4344.6506002058795, 0.0, 6
224, 1535.430600563604, Server_00, 4.694143310325732, 4476.638674321075, 0.0, 6
225, 1539.7784726428247, Server_00, 4.694143310325732, 4454.078611200613, 0.0, 6
226, 1543.6040488352546, Server_00, 4.694143310325732, 5084.882873775853, 0.0, 6
227, 1547.0760146692476, Server_00, 4.694143310325732, 5701.872664511571, 0.0, 6
228, 1555.4730484046995, Server_00, 4.694143310325732, 5722.649232606813, 0.0, 6
229, 1560.0992310399592, Server_00, 4.694143310325732, 4263.40321074674, 0.0, 6
230, 1564.6467178708965, Server_00, 4.694143310325732, 4310.215945498058, 0.0, 6
231, 1569.1647356167616, Server_00, 4.694143310325732, 4284.138751092235, 0.0, 6
232, 1573.6827506750815, Server_00, 4.694143310325732, 4284.141332972276, 0.0, 6
233, 1578.004590597525, Server_00, 4.694143310325732, 4481.275714571028, 0.0, 6
234, 1581.8538418875157, Server_00, 4.694143310325732, 5064.5324185604695, 0.0, 6
235, 1589.2230316231137, Server_00, 4.694143310325732, 8358.650507240412, 0.0, 6
236, 1594.2194029229324, Server_00, 4.9999536060530145, 6106.285654275327, 0.0, 7
237, 1600.8797176165572, Server_00, 4.9999536060530145, 4544.236074907477, 0.0, 7
238, 1605.0448566100597, Server_00, 4.694143310325732, 4719.434022939432, 0.0, 6
239, 1609.3910672408067, Server_00, 4.694143310325732, 4455.804543851964, 0.0, 6
240, 1613.5934424725403, Server_00, 4.694143310325732, 4610.468800988389, 0.0, 6
241, 1617.1413128848326, Server_00, 4.694143310325732, 5475.270358189344, 0.0, 6
242, 1624.4894888505032, Server_00, 4.694143310325732, 8344.139420915337, 0.0, 6
243, 1629.1316647681754, Server_00, 4.9999536060530145, 6545.029593097448, 0.0, 7
244, 1635.853477463796, Server_00, 4.9999536060530145, 4531.849198925279, 0.0, 7
245, 1640.3177511594527, Server_00, 4.694143310325732, 4336.39956514685, 0.0, 6
246, 1644.7569436675055, Server_00, 4.694143310325732, 4361.227413271658, 0.0, 6
247, 1649.0925603723601, Server_00, 4.694143310325732, 4469.0251421539215, 0.0, 6
248, 1653.132682664524, Server_00, 4.694143310325732, 4798.471068636079, 0.0, 6
249, 1656.8624223926774, Server_00, 4.694143310325732, 5208.251680761248, 0.0, 6
250, 1664.1671270758532, Server_00, 4.694143310325732, 8505.628581575002, 0.0, 6
251, 1669.0523284726369, Server_00, 4.9999536060530145, 6215.482838179938, 0.0, 7
252, 1675.9438465208316, Server_00, 4.9999536060530145, 4390.475388736751, 0.0, 7
253, 1680.3747230013782, Server_00, 4.694143310325732, 4369.522321215174, 0.0, 6
254, 1684.8160311438044, Server_00, 4.694143310325732, 4359.122174561467, 0.0, 6
255, 1689.2231343933736, Server_00, 4.694143310325732, 4393.410161147783, 0.0, 6
256, 1693.2687018734591, Server_00, 4.694143310325732, 4791.796408328898, 0.0, 6
257, 1696.9464794116102, Server_00, 4.694143310325732, 5278.743434861053, 0.0, 6
258, 1704.4572543294114, Server_00, 4.694143310325732, 7816.949269316941, 0.0, 6
259, 1710.2264227069534, Server_00, 4.9999536060530145, 5427.338608344137, 0.0, 7
260, 1714.737508977729, Server_00, 4.694143310325732, 4290.808066260157, 0.0, 6
261, 1719.2150098441361, Server_00, 4.694143310325732, 4333.9118298646345, 0.0, 6
262, 1723.5975590807084, Server_00, 4.694143310325732, 4421.149595051524, 0.0, 6
263, 1727.8532164463907, Server_00, 4.694143310325732, 4617.284965948805, 0.0, 6
264, 1731.8567888415832, Server_00, 4.694143310325732, 4855.745322036526, 0.0, 6
265, 1739.9129470414632, Server_00, 4.694143310325732, 6486.244784585128, 0.0, 6
266, 1744.2925182742442, Server_00, 4.9999536060530145, 7028.073388585592, 0.0, 7
267, 1750.056214990892, Server_00, 4.9999536060530145, 5289.977588595273, 0.0, 7
268, 1754.5672204921204, Server_00, 4.694143310325732, 4290.885903362649, 0.0, 6
269, 1759.0084903956822, Server_00, 4.694143310325732, 4359.160207494229, 0.0, 6
270, 1763.4659271662804, Server_00, 4.694143310325732, 4343.139362440472, 0.0, 6
271, 1767.7817437317979, Server_00, 4.694143310325732, 4487.616001465524, 0.0, 6
272, 1771.6776676533239, Server_00, 4.694143310325732, 4978.658712286636, 0.0, 6
273, 1779.0865320192509, Server_00, 4.694143310325732, 8388.725101214453, 0.0, 6
274, 1784.2727093740232, Server_00, 4.9999536060530145, 5898.170633572876, 0.0, 7
275, 1788.77551694966, Server_00, 4.694143310325732, 4327.653016397287, 0.0, 6
276, 1793.2973306638999, Server_00, 4.694143310325732, 4393.582890479375, 0.0, 6
277, 1797.8058788935061, Server_00, 4.694143310325732, 4369.6405449722615, 0.0, 6
278, 1802.1380467451947, Server_00, 4.694143310325732, 4470.445957216741, 0.0, 6
279, 1810.6561016827097, Server_00, 4.694143310325732, 5864.98405247059, 0.0, 6
280, 1813.647900027313, Server_00, 4.694143310325732, 6754.369563082124, 0.0, 6
281, 1818.1409928744285, Server_00, 4.9999536060530145, 6765.064000721956, 0.0, 7
282, 1825.2373954292118, Server_00, 4.9999536060530145, 4387.883447192527, 0.0, 7
283, 1829.7061471549266, Server_00, 4.694143310325732, 4331.996477308862, 0.0, 6
284, 1834.105678728993, Server_00, 4.694143310325732, 4401.073275401428, 0.0, 6
285, 1838.3586774980888, Server_00, 4.694143310325732, 4554.824311276008, 0.0, 6
286, 1842.4284968284373, Server_00, 4.694143310325732, 4781.530833668702, 0.0, 6
287, 1850.3312808752423, Server_00, 4.694143310325732, 6717.086604046819, 0.0, 6
288, 1856.5414073040413, Server_00, 4.9999536060530145, 4876.794747372416, 0.0, 7
289, 1860.9442956748142, Server_00, 4.694143310325732, 4397.672644508664, 0.0, 6
290, 1865.3784036036172, Server_00, 4.694143310325732, 4366.295334078646, 0.0, 6
291, 1869.7585928638223, Server_00, 4.694143310325732, 4420.771088431506, 0.0, 6
292, 1874.17811561024, Server_00, 4.694143310325732, 4380.898301004686, 0.0, 6
293, 1877.6954700468639, Server_00, 4.694143310325732, 5523.576927281825, 0.0, 6
294, 1880.1531544486024, Server_00, 4.694143310325732, 7963.272157572886, 0.0, 6
295, 1891.7949046004123, Server_00, 4.9999536060530145, 4594.850414976039, 0.0, 7
296, 1896.256031011525, Server_00, 4.694143310325732, 4406.394060180065, 0.0, 6
297, 1901.0754203740626, Server_00, 4.694143310325732, 4352.286819117409, 0.0, 6
298, 1905.4447722784496, Server_00, 4.694143310325732, 4431.884893883232, 0.0, 6
299, 1909.7443991789034, Server_00, 4.694143310325732, 4509.880074079005, 0.0, 6
300, 1914.0566584542896, Server_00, 4.694143310325732, 4609.4821430304855, 0.0, 6
301, 1917.6328787394825, Server_00, 4.694143310325732, 5439.111417507359, 0.0, 6
302, 1920.5251396232848, Server_00, 4.694143310325732, 6754.92143927398, 0.0, 6
303, 1932.182612483703, Server_00, 4.9999536060530145, 4799.512212006416, 0.0, 7
304, 1936.6320742548382, Server_00, 4.694143310325732, 4351.027586218838, 0.0, 6
305, 1941.207863223257, Server_00, 4.694143310325732, 4295.626161328101, 0.0, 6
306, 1945.6604432977922, Server_00, 4.694143310325732, 4347.939803830779, 0.0, 6
307, 1950.0004255566676, Server_00, 4.694143310325732, 4491.285353583921, 0.0, 6
308, 1954.3570839217261, Server_00, 4.694143310325732, 4494.355593174788, 0.0, 6
309, 1958.081318830861, Server_00, 4.694143310325732, 5211.842920043888, 0.0, 6
310, 1961.1647710977036, Server_00, 4.694143310325732, 6315.896096855275, 0.0, 6
311, 1972.3428089572783, Server_00, 4.9999536060530145, 5066.735407770642, 0.0, 7
312, 1976.817081495964, Server_00, 4.694143310325732, 4326.580350038289, 0.0, 6
313, 1981.4597138428026, Server_00, 4.694143310325732, 4391.813485463091, 0.0, 6
314, 1985.9092499095618, Server_00, 4.694143310325732, 4389.163658120697, 0.0, 6
315, 1990.2587085727143, Server_00, 4.694143310325732, 4454.2753166134125, 0.0, 6
316, 1994.2505920657406, Server_00, 4.694143310325732, 4866.949691704059, 0.0, 6
317, 1998.1057323218702, Server_00, 4.694143310325732, 5153.391463608329, 0.0, 6
318, 2001.494702811932, Server_00, 4.694143310325732, 5791.5305997539, 0.0, 6
319, 2009.0433488635285, Server_00, 4.694143310325732, 7875.901863136766, 0.0, 6
320, 2015.7477502731247, Server_00, 4.9999536060530145, 4571.253725620144, 0.0, 7
321, 2020.183111451883, Server_00, 4.694143310325732, 4418.496502132521, 0.0, 6
322, 2024.7249363905266, Server_00, 4.694143310325732, 4293.778476098485, 0.0, 6
323, 2029.1182340741261, Server_00, 4.694143310325732, 4407.40254277576, 0.0, 6
324, 2033.3034042264119, Server_00, 4.694143310325732, 4655.267185207125, 0.0, 6
325, 2036.907477109732, Server_00, 4.694143310325732, 5394.0033356380245, 0.0, 6
326, 2044.671999056303, Server_00, 4.694143310325732, 7060.296660771803, 0.0, 6
327, 2048.7774280831754, Server_00, 4.9999536060530145, 7413.110877601888, 0.0, 7
328, 2055.4990936865306, Server_00, 4.9999536060530145, 4639.396429331862, 0.0, 7
329, 2059.9221527642812, Server_00, 4.694143310325732, 4377.348694415423, 0.0, 6
330, 2064.2811858894415, Server_00, 4.694143310325732, 4442.518952261332, 0.0, 6
331, 2068.614721259954, Server_00, 4.694143310325732, 4469.015914463761, 0.0, 6
332, 2072.812748897595, Server_00, 4.694143310325732, 4615.311059955558, 0.0, 6
333, 2076.7640679288793, Server_00, 4.694143310325732, 4907.8112026186855, 0.0, 6
334, 2084.0237647371846, Server_00, 4.694143310325732, 8679.546739081125, 0.0, 6
335, 2088.2411822195327, Server_00, 4.9999536060530145, 7307.081744745171, 0.0, 7
336, 2094.9737344894993, Server_00, 4.9999536060530145, 4542.26334190533, 0.0, 7
337, 2099.5069805965745, Server_00, 4.694143310325732, 4316.4383691562425, 0.0, 6
338, 2103.928425716828, Server_00, 4.694143310325732, 4378.967996840152, 0.0, 6
339, 2108.438462893401, Server_00, 4.694143310325732, 4291.819291639799, 0.0, 6
340, 2112.7060307678103, Server_00, 4.694143310325732, 4539.058249399496, 0.0, 6
341, 2116.519617655809, Server_00, 4.694143310325732, 5087.8260668837265, 0.0, 6
342, 2123.8637354661846, Server_00, 4.694143310325732, 8462.033445888545, 0.0, 6
343, 2128.341925632842, Server_00, 4.9999536060530145, 6787.875240827981, 0.0, 7
344, 2135.1275762538125, Server_00, 4.9999536060530145, 4471.975125018916, 0.0, 7
345, 2139.6707768330834, Server_00, 4.694143310325732, 4348.262687359213, 0.0, 6
346, 2143.84000645423, Server_00, 4.694143310325732, 4650.87497026713, 0.0, 6
347, 2147.8680879813237, Server_00, 4.694143310325732, 4812.904446048293, 0.0, 6
348, 2152.09776588505, Server_00, 4.694143310325732, 4629.574087335419, 0.0, 6
349, 2160.328337168013, Server_00, 4.694143310325732, 6022.963965529764, 0.0, 6
350, 2163.9660988982564, Server_00, 4.9999536060530145, 8381.722108781043, 0.0, 7
351, 2168.360963622822, Server_00, 4.9999536060530145, 6918.309051347464, 0.0, 7
352, 2175.303377715832, Server_00, 4.9999536060530145, 4383.433131654795, 0.0, 7
353, 2179.7375646514874, Server_00, 4.694143310325732, 4366.2164959889415, 0.0, 6
354, 2184.107032193336, Server_00, 4.694143310325732, 4431.766011691375, 0.0, 6
355, 2188.4789108421037, Server_00, 4.694143310325732, 4429.288702360988, 0.0, 6
356, 2192.768671110104, Server_00, 4.694143310325732, 4515.251243415892, 0.0, 6
357, 2196.8461133221567, Server_00, 4.694143310325732, 4753.791647794311, 0.0, 6
358, 2204.1985435188058, Server_00, 4.694143310325732, 8514.352994534902, 0.0, 6
359, 2208.2291778844224, Server_00, 4.9999536060530145, 7552.700163215475, 0.0, 7
360, 2215.1445051095807, Server_00, 4.9999536060530145, 4387.095748803104, 0.0, 7
361, 2219.6467901273945, Server_00, 4.694143310325732, 4352.924378154536, 0.0, 6
362, 2224.0391767550836, Server_00, 4.694143310325732, 4408.329062588873, 0.0, 6
363, 2228.3482505164134, Server_00, 4.694143310325732, 4496.2908242866415, 0.0, 6
364, 2232.5195440084913, Server_00, 4.694143310325732, 4645.3120186658725, 0.0, 6
365, 2236.3372502359093, Server_00, 4.694143310325732, 5082.250758667621, 0.0, 6
366, 2244.1807948103747, Server_00, 4.694143310325732, 6859.965141526757, 0.0, 6
367, 2249.427404078624, Server_00, 4.9999536060530145, 5782.503540597489, 0.0, 7
368, 2253.8956197534753, Server_00, 4.694143310325732, 4332.523085897709, 0.0, 6
369, 2258.2465970222192, Server_00, 4.694143310325732, 4451.620432486383, 0.0, 6
370, 2262.6815365045536, Server_00, 4.694143310325732, 4367.520209272209, 0.0, 6
371, 2266.998815251216, Server_00, 4.694143310325732, 4486.075236558789, 0.0, 6
372, 2275.9185417749545, Server_00, 4.694143310325732, 4947.967321023871, 0.0, 6
373, 2279.6397818894934, Server_00, 4.694143310325732, 5279.332130661565, 0.0, 6
374, 2282.6136479009747, Server_00, 4.694143310325732, 6553.309198115326, 0.0, 6
375, 2286.0854616950865, Server_00, 4.9999536060530145, 8816.46479714542, 0.0, 7
376, 2298.1165627952064, Server_00, 4.9999536060530145, 4340.187789339395, 0.0, 7
377, 2302.6851912678885, Server_00, 4.694143310325732, 4329.195331528333, 0.0, 6
378, 2307.103566063751, Server_00, 4.694143310325732, 4382.0517989328555, 0.0, 6
379, 2311.557871676184, Server_00, 4.694143310325732, 4404.2882744611115, 0.0, 6
380, 2315.8182176549026, Server_00, 4.694143310325732, 4548.981293062532, 0.0, 6
381, 2319.8034168552754, Server_00, 4.694143310325732, 4868.542638238638, 0.0, 6
382, 2323.266645102568, Server_00, 4.694143310325732, 5639.267826996849, 0.0, 6
383, 2325.693389844375, Server_00, 4.694143310325732, 8067.309383887427, 0.0, 6
384, 2337.851837991249, Server_00, 4.9999536060530145, 4452.094239777666, 0.0, 7
385, 2342.3448086156736, Server_00, 4.694143310325732, 4308.337001926338, 0.0, 6
386, 2346.7980253825335, Server_00, 4.694143310325732, 4347.309881950621, 0.0, 6
387, 2351.298519200921, Server_00, 4.694143310325732, 4301.040102243932, 0.0, 6
388, 2355.5715510182295, Server_00, 4.694143310325732, 4533.1735103635865, 0.0, 6
389, 2359.6246401179014, Server_00, 4.694143310325732, 4782.773583991278, 0.0, 6
390, 2363.5252479489113, Server_00, 4.694143310325732, 5080.553436044652, 0.0, 6
391, 2366.4888714629647, Server_00, 4.694143310325732, 6618.369320504722, 0.0, 6
392, 2377.7398341844364, Server_00, 4.9999536060530145, 4895.7983088710325, 0.0, 7
393, 2382.1941126569986, Server_00, 4.694143310325732, 4346.259872044352, 0.0, 6
394, 2386.769398607059, Server_00, 4.694143310325732, 4385.972235698579, 0.0, 6
395, 2391.1959568494462, Server_00, 4.694143310325732, 4373.842051256664, 0.0, 6
396, 2395.5138990523483, Server_00, 4.694143310325732, 4485.376472281735, 0.0, 6
397, 2399.771418797366, Server_00, 4.694143310325732, 4599.688773784063, 0.0, 6
398, 2403.3097609748925, Server_00, 4.694143310325732, 5500.056041476691, 0.0, 6
399, 2406.3113130568718, Server_00, 4.694143310325732, 6492.560017277313, 0.0, 6
400, 2417.2638873261894, Server_00, 4.9999536060530145, 5138.310450455429, 0.0, 7
401, 2421.7666393878562, Server_00, 4.694143310325732, 4298.854606660499, 0.0, 6
402, 2426.4560353150596, Server_00, 4.694143310325732, 4390.700833543169, 0.0, 6
403, 2430.89516404817, Server_00, 4.694143310325732, 4361.290906413922, 0.0, 6
404, 2435.115999675492, Server_00, 4.694143310325732, 4590.0206666473205, 0.0, 6
405, 2438.9100868056553, Server_00, 4.694143310325732, 5166.755404057515, 0.0, 6
406, 2442.5494046620383, Server_00, 4.694143310325732, 5479.80421558049, 0.0, 6
407, 2445.920720973509, Server_00, 4.694143310325732, 5767.0748155317815, 0.0, 6
408, 2453.4435759705757, Server_00, 4.694143310325732, 7752.677229220661, 0.0, 6
409, 2459.9528291389884, Server_00, 4.9999536060530145, 4688.469311306757, 0.0, 7
410, 2464.380672232694, Server_00, 4.694143310325732, 4372.555863726005, 0.0, 6
411, 2468.8390356272885, Server_00, 4.694143310325732, 4342.224675334655, 0.0, 6
412, 2473.1941985060625, Server_00, 4.694143310325732, 4446.52062134287, 0.0, 6
413, 2477.346220730443, Server_00, 4.694143310325732, 4667.181213617643, 0.0, 6
414, 2485.5508671445286, Server_00, 4.694143310325732, 6187.310934713971, 0.0, 6
415, 2489.3037530297547, Server_00, 4.9999536060530145, 8120.5283789514315, 0.0, 7
416, 2494.5522470173482, Server_00, 4.9999536060530145, 5799.130327101011, 0.0, 7
417, 2499.023067775244, Server_00, 4.694143310325732, 4329.965090194519, 0.0, 6
418, 2503.561323192942, Server_00, 4.694143310325732, 4316.677917372843, 0.0, 6
419, 2508.0680968496727, Server_00, 4.694143310325732, 4351.774892562313, 0.0, 6
420, 2512.461555786167, Server_00, 4.694143310325732, 4407.277445387305, 0.0, 6
421, 2516.6695440087997, Server_00, 4.694143310325732, 4616.442668269671, 0.0, 6
422, 2524.636736837199, Server_00, 4.694143310325732, 6568.344167851218, 0.0, 6
423, 2528.2792895659677, Server_00, 4.9999536060530145, 8568.075328014276, 0.0, 7
424, 2533.564924059386, Server_00, 4.9999536060530145, 5814.391240502183, 0.0, 7
425, 2537.993245292146, Server_00, 4.694143310325732, 4396.11364869167, 0.0, 6
426, 2542.480053318877, Server_00, 4.694143310325732, 4356.521161181809, 0.0, 6
427, 2547.1436395146875, Server_00, 4.694143310325732, 4307.166133739243, 0.0, 6
428, 2555.9081993196833, Server_00, 4.694143310325732, 5155.133210543427, 0.0, 6
429, 2559.078940361287, Server_00, 4.694143310325732, 6138.752104495851, 0.0, 6
430, 2563.6144817624763, Server_00, 4.9999536060530145, 6700.921178321751, 0.0, 7
431, 2569.699059319306, Server_00, 4.9999536060530145, 5015.638741719899, 0.0, 7
432, 2573.991180717288, Server_00, 4.694143310325732, 4512.733019086568, 0.0, 6
433, 2578.448577718004, Server_00, 4.694143310325732, 4343.178628626319, 0.0, 6
434, 2582.89379103598, Server_00, 4.694143310325732, 4355.241521614249, 0.0, 6
435, 2587.17286419525, Server_00, 4.694143310325732, 4526.684642071925, 0.0, 6
436, 2594.686266151211, Server_00, 4.694143310325732, 7782.530853216411, 0.0, 6
437, 2599.6362838545597, Server_00, 4.9999536060530145, 6133.122235244387, 0.0, 7
438, 2606.5623166356995, Server_00, 4.9999536060530145, 4368.409665378413, 0.0, 7
439, 2611.093070176526, Server_00, 4.694143310325732, 4301.020781744982, 0.0, 6
440, 2615.660875931223, Server_00, 4.694143310325732, 4284.062498202831, 0.0, 6
441, 2619.9622354736634, Server_00, 4.694143310325732, 4502.907164311359, 0.0, 6
442, 2624.3324255157536, Server_00, 4.694143310325732, 4502.3998906498555, 0.0, 6
443, 2628.3670768433753, Server_00, 4.694143310325732, 4806.146324292603, 0.0, 6
444, 2631.422630156446, Server_00, 4.694143310325732, 6536.759769794794, 0.0, 6
445, 2641.7725388997023, Server_00, 4.9999536060530145, 5702.958159224429, 0.0, 7
446, 2646.282467902163, Server_00, 4.694143310325732, 4311.715033682552, 0.0, 6
447, 2650.826310468159, Server_00, 4.694143310325732, 4308.7222573026675, 0.0, 6
448, 2655.320654167616, Server_00, 4.694143310325732, 4307.182358566819, 0.0, 6
449, 2659.765192413166, Server_00, 4.694143310325732, 4357.033740457267, 0.0, 6
450, 2664.2027497591266, Server_00, 4.694143310325732, 4362.975029258775, 0.0, 6
451, 2668.307643514889, Server_00, 4.694143310325732, 4721.540616782314, 0.0, 6
452, 2671.6592093638806, Server_00, 4.694143310325732, 5801.663844870801, 0.0, 6
453, 2680.2872203567204, Server_00, 4.694143310325732, 6028.7793234022965, 0.0, 6
454, 2686.977074560951, Server_00, 4.9999536060530145, 4523.993539746115, 0.0, 7
455, 2691.4774688484918, Server_00, 4.694143310325732, 4323.075062828464, 0.0, 6
456, 2695.898031779666, Server_00, 4.694143310325732, 4381.031739752338, 0.0, 6
457, 2700.3036253923656, Server_00, 4.694143310325732, 4394.935898389779, 0.0, 6
458, 2704.6671651707534, Server_00, 4.694143310325732, 4437.868332828531, 0.0, 6
459, 2708.5856994390883, Server_00, 4.694143310325732, 4949.4956259918545, 0.0, 6
460, 2712.0388202487225, Server_00, 4.694143310325732, 5628.096431305922, 0.0, 6
461, 2719.728915560103, Server_00, 4.694143310325732, 7259.979000734752, 0.0, 6
462, 2726.1974698536123, Server_00, 4.9999536060530145, 4763.947888787103, 0.0, 7
463, 2730.57673372487, Server_00, 4.694143310325732, 4424.483285449025, 0.0, 6
464, 2735.4979974469347, Server_00, 4.694143310325732, 4310.510887105629, 0.0, 6
465, 2739.947637909294, Server_00, 4.694143310325732, 4350.850525516693, 0.0, 6
466, 2744.135110033436, Server_00, 4.694143310325732, 4627.110003538613, 0.0, 6
467, 2747.8735165405164, Server_00, 4.694143310325732, 5208.975352918391, 0.0, 6
468, 2750.9798902256452, Server_00, 4.694143310325732, 6277.150718157964, 0.0, 6
469, 2762.20466932459, Server_00, 4.9999536060530145, 4876.912924373966, 0.0, 7
470, 2766.713788790667, Server_00, 4.694143310325732, 4292.704266746213, 0.0, 6
471, 2771.1588615803785, Server_00, 4.694143310325732, 4355.381047581585, 0.0, 6
472, 2775.6390904419322, Server_00, 4.694143310325732, 4320.752138368837, 0.0, 6
473, 2779.889308349568, Server_00, 4.694143310325732, 4557.846096530086, 0.0, 6
474, 2783.34728074792, Server_00, 4.694143310325732, 5620.064134701347, 0.0, 6
475, 2785.9129279910503, Server_00, 4.694143310325732, 7637.575602777912, 0.0, 6
476, 2797.80197809282, Server_00, 4.9999536060530145, 4445.534597026998, 0.0, 7
477, 2802.2921288359826, Server_00, 4.694143310325732, 4311.0784458828075, 0.0, 6
478, 2806.8100430321274, Server_00, 4.694143310325732, 4284.238231836893, 0.0, 6
479, 2811.23410510288, Server_00, 4.694143310325732, 4376.342983055796, 0.0, 6
480, 2815.4639608299017, Server_00, 4.694143310325732, 4580.095142814113, 0.0, 6
481, 2818.8823465731116, Server_00, 4.694143310325732, 5686.281422299437, 0.0, 6
482, 2822.394008014023, Server_00, 4.694143310325732, 5684.910449545357, 0.0, 6
483, 2830.5038599592863, Server_00, 4.694143310325732, 6383.699516224178, 0.0, 6
484, 2836.835057802249, Server_00, 4.9999536060530145, 4782.665444917078, 0.0, 7
485, 2841.224048686607, Server_00, 4.694143310325732, 4411.785878449268, 0.0, 6
486, 2845.8067002297785, Server_00, 4.694143310325732, 4359.29006581024, 0.0, 6
487, 2849.9705582384117, Server_00, 4.694143310325732, 4653.725540494114, 0.0, 6
488, 2854.0698653778004, Server_00, 4.694143310325732, 4908.854260097549, 0.0, 6
489, 2857.974455988613, Server_00, 4.694143310325732, 5033.316469214076, 0.0, 6
490, 2861.3028293843186, Server_00, 4.694143310325732, 5844.985608115591, 0.0, 6
491, 2869.26136534048, Server_00, 4.694143310325732, 7065.619438178216, 0.0, 6
492, 2876.230264076717, Server_00, 4.9999536060530145, 4512.202274135306, 0.0, 7
493, 2880.6961259487753, Server_00, 4.694143310325732, 4334.836943792836, 0.0, 6
494, 2885.191708882366, Server_00, 4.694143310325732, 4305.800465523149, 0.0, 6
495, 2889.709352565415, Server_00, 4.694143310325732, 4284.498136950102, 0.0, 6
496, 2893.8601795835093, Server_00, 4.694143310325732, 4668.544326985576, 0.0, 6
497, 2897.754532945437, Server_00, 4.694143310325732, 4980.69720834498, 0.0, 6
498, 2901.232201494566, Server_00, 4.694143310325732, 5657.5190870030765, 0.0, 6
499, 2908.5116364198534, Server_00, 4.694143310325732, 8658.738858950426, 0.0, 6
500, 2914.737393010805, Server_00, 4.9999536060530145, 5119.463336639928, 0.0, 7
501, 2919.1365855755225, Server_00, 4.694143310325732, 4401.417004064755, 0.0, 6
502, 2923.6336393096612, Server_00, 4.694143310325732, 4304.37364087033, 0.0, 6
503, 2928.1008424279153, Server_00, 4.694143310325732, 4377.053935923051, 0.0, 6
504, 2932.4827401186444, Server_00, 4.694143310325732, 4419.024161726971, 0.0, 6
505, 2936.3518462771685, Server_00, 4.694143310325732, 5051.710473948186, 0.0, 6
506, 2944.981986932321, Server_00, 4.694143310325732, 5702.351868371502, 0.0, 6
507, 2947.3014522230574, Server_00, 4.694143310325732, 8450.098872692375, 0.0, 6
508, 2959.0324263889024, Server_00, 4.9999536060530145, 4577.0654565690365, 0.0, 7
509, 2963.505896702456, Server_00, 4.694143310325732, 4327.366522225815, 0.0, 6
510, 2967.8991919459068, Server_00, 4.694143310325732, 4407.405023822303, 0.0, 6
511, 2972.322178436858, Server_00, 4.694143310325732, 4377.4214958798, 0.0, 6
512, 2976.670060691038, Server_00, 4.694143310325732, 4454.068045449385, 0.0, 6
513, 2981.0222324551064, Server_00, 4.694143310325732, 4506.67995285679, 0.0, 6
514, 2984.910191947614, Server_00, 4.694143310325732, 5010.058545572104, 0.0, 6
515, 2987.9784638199903, Server_00, 4.694143310325732, 6347.752075228584, 0.0, 6
516, 2992.1553295241733, Server_00, 4.9999536060530145, 7538.277606348051, 0.0, 7
517, 3004.250126081721, Server_00, 4.9999536060530145, 4316.664721261553, 0.0, 7
518, 3008.8259384574217, Server_00, 4.694143310325732, 4382.521745723612, 0.0, 6
519, 3013.3438028779856, Server_00, 4.694143310325732, 4284.286053135767, 0.0, 6
520, 3017.789912835724, Server_00, 4.694143310325732, 4354.351487447229, 0.0, 6
521, 3022.223213700026, Server_00, 4.694143310325732, 4367.1008377623875, 0.0, 6
522, 3026.3688757303967, Server_00, 4.694143310325732, 4675.716070345493, 0.0, 6
523, 3030.165756010375, Server_00, 4.694143310325732, 5118.952873039381, 0.0, 6
524, 3032.844460670211, Server_00, 4.694143310325732, 7322.120157033758, 0.0, 6
525, 3036.357886030068, Server_00, 4.9999536060530145, 8712.186134889304, 0.0, 7
526, 3048.344712986607, Server_00, 4.9999536060530145, 4335.9416725382725, 0.0, 7
527, 3052.8898435665565, Server_00, 4.694143310325732, 4413.146913542995, 0.0, 6
528, 3057.4086576686313, Server_00, 4.694143310325732, 4338.119970643923, 0.0, 6
529, 3061.894606841174, Server_00, 4.694143310325732, 4315.1696243323895, 0.0, 6
530, 3066.2118608099895, Server_00, 4.694143310325732, 4486.101337259051, 0.0, 6
531, 3070.0605919566383, Server_00, 4.694143310325732, 5066.918420339427, 0.0, 6
532, 3073.141156981235, Server_00, 4.694143310325732, 6585.382917109714, 0.0, 6
533, 3077.9726227892743, Server_00, 4.9999536060530145, 6315.94537592316, 0.0, 7
534, 3084.8006849186354, Server_00, 4.9999536060530145, 4483.77721525826, 0.0, 7
535, 3089.569809642387, Server_00, 4.694143310325732, 4518.255439082979, 0.0, 6
536, 3093.7305033612465, Server_00, 4.694143310325732, 4657.315302140343, 0.0, 6
537, 3098.0605670220916, Server_00, 4.694143310325732, 4523.947267096202, 0.0, 6
538, 3102.1869499648124, Server_00, 4.694143310325732, 4740.66207592244, 0.0, 6
539, 3109.815454142139, Server_00, 4.694143310325732, 7433.970223555152, 0.0, 6
540, 3115.7147482341775, Server_00, 4.9999536060530145, 5301.869765495801, 0.0, 7
541, 3120.185713152623, Server_00, 4.694143310325732, 4329.823623570658, 0.0, 6
542, 3124.597276983065, Server_00, 4.694143310325732, 4388.908190884062, 0.0, 6
543, 3128.82312640288, Server_00, 4.694143310325732, 4584.498293227101, 0.0, 6
544, 3133.0851854345433, Server_00, 4.694143310325732, 4545.006833827496, 0.0, 6
545, 3137.0520181767374, Server_00, 4.694143310325732, 4888.329944016284, 0.0, 6
546, 3144.741567664902, Server_00, 4.694143310325732, 7261.485142249433, 0.0, 6
547, 3148.2920692644198, Server_00, 4.9999536060530145, 8591.172067872312, 0.0, 7
548, 3154.3728716988626, Server_00, 4.9999536060530145, 5031.3052946366515, 0.0, 7
549, 3158.8966295406726, Server_00, 4.694143310325732, 4278.631428519977, 0.0, 6
550, 3163.4844277317816, Server_00, 4.694143310325732, 4311.335103360732, 0.0, 6
551, 3167.96566809756, Server_00, 4.694143310325732, 4319.763949339302, 0.0, 6
552, 3172.319509753366, Server_00, 4.694143310325732, 4447.888360440436, 0.0, 6
553, 3180.90403788665, Server_00, 4.694143310325732, 5429.94310133274, 0.0, 6
554, 3184.0529318867575, Server_00, 4.694143310325732, 6592.863206201947, 0.0, 6
555, 3187.768533922139, Server_00, 4.9999536060530145, 8328.700316583489, 0.0, 7
556, 3193.553414050461, Server_00, 4.9999536060530145, 5316.694151445924, 0.0, 7
557, 3198.0819716478513, Server_00, 4.694143310325732, 4274.037171875827, 0.0, 6
558, 3202.4694069462907, Server_00, 4.694143310325732, 4413.371252879026, 0.0, 6
559, 3206.914419185309, Server_00, 4.694143310325732, 4355.441169161943, 0.0, 6
560, 3215.9244137407936, Server_00, 4.694143310325732, 4834.934555467288, 0.0, 6
561, 3219.782697790426, Server_00, 4.694143310325732, 5068.540097007676, 0.0, 6
562, 3223.1070982069446, Server_00, 4.694143310325732, 5986.031654986831, 0.0, 6
563, 3226.129638450223, Server_00, 4.694143310325732, 6445.691855722276, 0.0, 6
564, 3237.3643517306186, Server_00, 4.9999536060530145, 4857.380602019053, 0.0, 7
565, 3241.7359201819513, Server_00, 4.694143310325732, 4429.607261721745, 0.0, 6
566, 3246.1400900673384, Server_00, 4.694143310325732, 4396.375781131789, 0.0, 6
567, 3250.6117241945667, Server_00, 4.694143310325732, 4329.167041318874, 0.0, 6
568, 3254.8841612471756, Server_00, 4.694143310325732, 4533.813339658562, 0.0, 6
569, 3258.4212589580625, Server_00, 4.694143310325732, 5492.226678125659, 0.0, 6
570, 3261.465217206336, Server_00, 4.694143310325732, 6399.449058198923, 0.0, 6
571, 3273.0445566087615, Server_00, 4.9999536060530145, 4669.609262095569, 0.0, 7
572, 3277.506962505271, Server_00, 4.694143310325732, 4338.2387520781085, 0.0, 6
573, 3282.0500118047926, Server_00, 4.694143310325732, 4287.481485922113, 0.0, 6
574, 3286.5235532622905, Server_00, 4.694143310325732, 4327.296790364018, 0.0, 6
575, 3290.8664159134, Server_00, 4.694143310325732, 4467.526021405121, 0.0, 6
576, 3295.027769030046, Server_00, 4.694143310325732, 4744.33358144697, 0.0, 6
577, 3298.4849316306954, Server_00, 4.694143310325732, 5865.505439167564, 0.0, 6
578, 3300.8201517156117, Server_00, 4.694143310325732, 8407.255931891583, 0.0, 6
579, 3312.0746843094635, Server_00, 4.9999536060530145, 4841.843135671891, 0.0, 7
580, 3316.5526456239995, Server_00, 4.694143310325732, 4322.969062036652, 0.0, 6
581, 3321.0611931172334, Server_00, 4.694143310325732, 4293.256021552363, 0.0, 6
582, 3325.5627296166426, Server_00, 4.694143310325732, 4300.030734368912, 0.0, 6
583, 3329.8765757818196, Server_00, 4.694143310325732, 4489.693974270045, 0.0, 6
584, 3333.9930553735103, Server_00, 4.694143310325732, 4739.720580848452, 0.0, 6
585, 3337.2966161236486, Server_00, 4.694143310325732, 5966.503886578695, 0.0, 6
586, 3345.5874037558474, Server_00, 4.694143310325732, 5910.756763641476, 0.0, 6
587, 3349.801776073711, Server_00, 4.694143310325732, 4644.358405723488, 0.0, 6
588, 3354.2964293671666, Server_00, 4.694143310325732, 4325.305086456588, 0.0, 6
589, 3358.640317227522, Server_00, 4.694143310325732, 4458.61912251893, 0.0, 6
590, 3363.003098632638, Server_00, 4.694143310325732, 4438.650251015744, 0.0, 6
591, 3367.366496760655, Server_00, 4.694143310325732, 4438.014360039009, 0.0, 6
592, 3375.9093027127187, Server_00, 4.694143310325732, 5531.15923466497, 0.0, 6
593, 3378.938258222192, Server_00, 4.694143310325732, 6449.466186681775, 0.0, 6
594, 3382.4161667644858, Server_00, 4.9999536060530145, 8773.562573540843, 0.0, 7
595, 3394.285515944017, Server_00, 4.9999536060530145, 4415.001381332703, 0.0, 7
596, 3398.8010545334046, Server_00, 4.694143310325732, 4286.521758857661, 0.0, 6
597, 3403.3438413414706, Server_00, 4.694143310325732, 4285.18762448975, 0.0, 6
598, 3407.800232396895, Server_00, 4.694143310325732, 4344.172069514631, 0.0, 6
599, 3412.008828808033, Server_00, 4.694143310325732, 4608.295049992689, 0.0, 6
600, 3415.742194265249, Server_00, 4.694143310325732, 5277.821098193688, 0.0, 6
601, 3419.224691272815, Server_00, 4.694143310325732, 5720.2008248168195, 0.0, 6
602, 3421.940731652637, Server_00, 4.694143310325732, 7189.099986799701, 0.0, 6
603, 3433.5679494629126, Server_00, 4.9999536060530145, 4635.021132739593, 0.0, 7
604, 3438.010677698142, Server_00, 4.694143310325732, 4357.710199354762, 0.0, 6
605, 3442.487271609652, Server_00, 4.694143310325732, 4380.61934205293, 0.0, 6
606, 3446.8473651911736, Server_00, 4.694143310325732, 4447.495326188452, 0.0, 6
607, 3450.739396774792, Server_00, 4.694143310325732, 4983.713802896808, 0.0, 6
608, 3454.682017400926, Server_00, 4.694143310325732, 5076.508297064144, 0.0, 6
609, 3457.954873981346, Server_00, 4.694143310325732, 5943.729947145564, 0.0, 6
610, 3460.6055385560016, Server_00, 4.694143310325732, 7466.6718552327175, 0.0, 6
611, 3472.6262847190314, Server_00, 4.9999536060530145, 4465.869753780203, 0.0, 7
612, 3477.0920330263466, Server_00, 4.694143310325732, 4439.903309828013, 0.0, 6
613, 3481.589871587487, Server_00, 4.694143310325732, 4303.612666491951, 0.0, 6
614, 3485.9978097831863, Server_00, 4.694143310325732, 4392.566765150113, 0.0, 6
615, 3490.388933229985, Server_00, 4.694143310325732, 4409.614328879817, 0.0, 6
616, 3494.406621104731, Server_00, 4.694143310325732, 4825.539417095294, 0.0, 6
617, 3497.9319880421117, Server_00, 4.694143310325732, 5598.85139933638, 0.0, 6
618, 3500.8757563693325, Server_00, 4.694143310325732, 6628.667088023569, 0.0, 6
619, 3512.4630955114294, Server_00, 4.9999536060530145, 4839.444828451522, 0.0, 7
620, 3516.857448768073, Server_00, 4.694143310325732, 4406.329539763528, 0.0, 6
621, 3521.5375824338926, Server_00, 4.694143310325732, 4349.089984482567, 0.0, 6
622, 3525.9299975442323, Server_00, 4.694143310325732, 4412.328899444832, 0.0, 6
623, 3530.205368774066, Server_00, 4.694143310325732, 4563.73512590153, 0.0, 6
624, 3534.600667632254, Server_00, 4.694143310325732, 4537.12124677107, 0.0, 6
625, 3538.350255351692, Server_00, 4.694143310325732, 5177.484389069426, 0.0, 6
626, 3541.2941239437623, Server_00, 4.694143310325732, 6623.194767253494, 0.0, 6
627, 3552.6376963273474, Server_00, 4.9999536060530145, 4910.372200064805, 0.0, 7
628, 3557.0138401717754, Server_00, 4.694143310325732, 4424.9131724349145, 0.0, 6
629, 3561.4869242358145, Server_00, 4.694143310325732, 4452.830664074318, 0.0, 6
630, 3565.917957439034, Server_00, 4.694143310325732, 4421.229118595806, 0.0, 6
631, 3570.3265008826647, Server_00, 4.694143310325732, 4391.955594368893, 0.0, 6
632, 3574.5593343962514, Server_00, 4.694143310325732, 4578.085293949941, 0.0, 6
633, 3578.197291462069, Server_00, 4.694143310325732, 5350.680490457695, 0.0, 6
634, 3581.395549400496, Server_00, 4.694143310325732, 6299.197377212868, 0.0, 6
635, 3591.768165900459, Server_00, 4.9999536060530145, 5649.583970047693, 0.0, 7
636, 3595.7838195993777, Server_00, 4.694143310325732, 4828.020015022354, 0.0, 6
637, 3599.6141094363084, Server_00, 4.694143310325732, 5153.047228532229, 0.0, 6
638, 3602.8536236489253, Server_00, 4.694143310325732, 6171.400724214267, 0.0, 6
639, 3606.6383592976895, Server_00, 4.9999536060530145, 8051.117837985315, 0.0, 7
640, 3616.486652371374, Server_00, 4.9999536060530145, 6294.449308911427, 0.0, 7
641, 3621.7906475576824, Server_00, 4.9999536060530145, 5719.242187887878, 0.0, 7
642, 3625.126785698407, Server_00, 4.694143310325732, 5828.972413512139, 0.0, 6
643, 3627.5175197381454, Server_00, 4.694143310325732, 8191.874532666581, 0.0, 6
644, 3630.9799414411914, Server_00, 4.9999536060530145, 8813.480221875672, 0.0, 7
645, 3639.4223922659335, Server_00, 4.9999536060530145, 8865.49494984406, 0.0, 7
646, 3642.999291908297, Server_00, 4.9999536060530145, 8526.71292392681, 0.0, 7
647, 3646.8437279400378, Server_00, 4.9999536060530145, 7924.1583417166685, 0.0, 7
648, 3655.300844738416, Server_00, 4.9999536060530145, 8854.41957515347, 0.0, 7
649, 3658.743295563158, Server_00, 4.9999536060530145, 8865.49494984406, 0.0, 7
650, 3662.1857463879, Server_00, 4.9999536060530145, 8865.49494984406, 0.0, 7
651, 3670.628197212642, Server_00, 4.9999536060530145, 8865.49494984406, 0.0, 7
652, 3674.070648037384, Server_00, 4.9999536060530145, 8865.49494984406, 0.0, 7
653, 3677.5130988621263, Server_00, 4.9999536060530145, 8865.49494984406, 0.0, 7
654, 3680.9555496868684, Server_00, 4.9999536060530145, 8865.49494984406, 0.0, 7
655, 3689.3980005116105, Server_00, 4.9999536060530145, 8865.49494984406, 0.0, 7
656, 3692.8404513363525, Server_00, 4.9999536060530145, 8865.49494984406, 0.0, 7
657, 3696.2829021610946, Server_00, 4.9999536060530145, 8865.49494984406, 0.0, 7
658, 3704.7253529858367, Server_00, 4.9999536060530145, 8865.49494984406, 0.0, 7
659, 3708.167803810579, Server_00, 4.9999536060530145, 8865.49494984406, 0.0, 7
660, 3711.610254635321, Server_00, 4.9999536060530145, 8865.49494984406, 0.0, 7
661, 3720.052705460063, Server_00, 4.9999536060530145, 8865.49494984406, 0.0, 7
662, 3723.495156284805, Server_00, 4.9999536060530145, 8865.49494984406, 0.0, 7
663, 3726.937607109547, Server_00, 4.9999536060530145, 8865.49494984406, 0.0, 7
664, 3735.380057934289, Server_00, 4.9999536060530145, 8865.49494984406, 0.0, 7
665, 3738.8225087590313, Server_00, 4.9999536060530145, 8865.49494984406, 0.0, 7
666, 3742.2649595837734, Server_00, 4.9999536060530145, 8865.49494984406, 0.0, 7
667, 3750.7074104085154, Server_00, 4.9999536060530145, 8865.49494984406, 0.0, 7
668, 3754.1498612332575, Server_00, 4.9999536060530145, 8865.49494984406, 0.0, 7
669, 3757.5923120579996, Server_00, 4.9999536060530145, 8865.49494984406, 0.0, 7
670, 3761.0631253913534, Server_00, 4.9999536060530145, 8865.49494984406, 0.0, 7
671, 3769.5055762160955, Server_00, 4.9999536060530145, 8865.49494984406, 0.0, 7
672, 3772.9480270408376, Server_00, 4.9999536060530145, 8865.49494984406, 0.0, 7
673, 3776.3904778655797, Server_00, 4.9999536060530145, 8865.49494984406, 0.0, 7
674, 3784.8329286903218, Server_00, 4.9999536060530145, 8865.49494984406, 0.0, 7
675, 3788.275379515064, Server_00, 4.9999536060530145, 8865.49494984406, 0.0, 7
676, 3791.717830339806, Server_00, 4.9999536060530145, 8865.49494984406, 0.0, 7
677, 3800.160281164548, Server_00, 4.9999536060530145, 8865.49494984406, 0.0, 7
678, 3803.60273198929, Server_00, 4.9999536060530145, 8865.49494984406, 0.0, 7
679, 3807.045182814032, Server_00, 4.9999536060530145, 8865.49494984406, 0.0, 7
680, 3815.4876336387742, Server_00, 4.9999536060530145, 8865.49494984406, 0.0, 7
681, 3818.9300844635163, Server_00, 4.9999536060530145, 8865.49494984406, 0.0, 7
682, 3822.3725352882584, Server_00, 4.9999536060530145, 8865.49494984406, 0.0, 7
683, 3830.8149861130005, Server_00, 4.9999536060530145, 8865.49494984406, 0.0, 7
684, 3834.2574369377426, Server_00, 4.9999536060530145, 8865.49494984406, 0.0, 7
685, 3837.6998877624847, Server_00, 4.9999536060530145, 8865.49494984406, 0.0, 7
686, 3841.1423385872267, Server_00, 4.9999536060530145, 8865.49494984406, 0.0, 7
687, 3849.584789411969, Server_00, 4.9999536060530145, 8865.49494984406, 0.0, 7
688, 3853.027240236711, Server_00, 4.9999536060530145, 8865.49494984406, 0.0, 7
689, 3856.469691061453, Server_00, 4.9999536060530145, 8865.49494984406, 0.0, 7
690, 3864.912141886195, Server_00, 4.9999536060530145, 8865.49494984406, 0.0, 7
691, 3868.354592710937, Server_00, 4.9999536060530145, 8865.49494984406, 0.0, 7
692, 3871.797043535679, Server_00, 4.9999536060530145, 8865.49494984406, 0.0, 7
693, 3880.2394943604213, Server_00, 4.9999536060530145, 8865.49494984406, 0.0, 7
694, 3883.6819451851634, Server_00, 4.9999536060530145, 8865.49494984406, 0.0, 7
695, 3887.1243960099055, Server_00, 4.9999536060530145, 8865.49494984406, 0.0, 7
696, 3895.5668468346475, Server_00, 4.9999536060530145, 8865.49494984406, 0.0, 7
697, 3899.0092976593896, Server_00, 4.9999536060530145, 8865.49494984406, 0.0, 7
698, 3902.4517484841317, Server_00, 4.9999536060530145, 8865.49494984406, 0.0, 7
699, 3905.894199308874, Server_00, 4.9999536060530145, 8865.49494984406, 0.0, 7
700, 3914.336650133616, Server_00, 4.9999536060530145, 8865.49494984406, 0.0, 7
701, 3917.779100958358, Server_00, 4.9999536060530145, 8865.49494984406, 0.0, 7
702, 3921.2215517831, Server_00, 4.9999536060530145, 8865.49494984406, 0.0, 7
703, 3929.664002607842, Server_00, 4.9999536060530145, 8865.49494984406, 0.0, 7
704, 3933.106453432584, Server_00, 4.9999536060530145, 8865.49494984406, 0.0, 7
705, 3936.5489042573263, Server_00, 4.9999536060530145, 8865.49494984406, 0.0, 7
706, 3944.9913550820684, Server_00, 4.9999536060530145, 8865.49494984406, 0.0, 7
707, 3948.4338059068104, Server_00, 4.9999536060530145, 8865.49494984406, 0.0, 7
708, 3951.8762567315525, Server_00, 4.9999536060530145, 8865.49494984406, 0.0, 7
709, 3960.3187075562946, Server_00, 4.9999536060530145, 8865.49494984406, 0.0, 7
710, 3963.7611583810367, Server_00, 4.9999536060530145, 8865.49494984406, 0.0, 7
711, 3967.203609205779, Server_00, 4.9999536060530145, 8865.49494984406, 0.0, 7
712, 3975.646060030521, Server_00, 4.9999536060530145, 8865.49494984406, 0.0, 7
713, 3979.088510855263, Server_00, 4.9999536060530145, 8865.49494984406, 0.0, 7
714, 3982.530961680005, Server_00, 4.9999536060530145, 8865.49494984406, 0.0, 7
715, 3985.973412504747, Server_00, 4.9999536060530145, 8865.49494984406, 0.0, 7
716, 3994.415863329489, Server_00, 4.9999536060530145, 8865.49494984406, 0.0, 7
717, 3997.8583141542313, Server_00, 4.9999536060530145, 8865.49494984406, 0.0, 7
718, 4001.3007649789733, Server_00, 4.9999536060530145, 8865.49494984406, 0.0, 7
719, 4009.7432158037154, Server_00, 4.9999536060530145, 8865.49494984406, 0.0, 7
