0, Client_5, 4.9999536060530145, 253687.40306918166, 0.0, 7
1, Client_5, 4.9999536060530145, 253687.40306918166, 0.0, 7
2, Client_5, 4.9999536060530145, 253687.40306918175, 0.0, 7
3, Client_5, 4.9999536060530145, 253687.4030691816, 0.0, 7
4, Client_5, 4.9999536060530145, 253687.4030691816, 0.0, 7
5, Client_5, 4.9999536060530145, 253687.4030691816, 0.0, 7
6, Client_5, 4.9999536060530145, 253687.4030691816, 0.0, 7
7, Client_5, 4.9999536060530145, 253687.4030691828, 0.0, 7
8, Client_5, 4.9999536060530145, 253687.40306918471, 0.0, 7
9, Client_5, 4.9999536060530145, 253687.4030691809, 0.0, 7
10, Client_5, 4.9999536060530145, 253687.4030691809, 0.0, 7
11, Client_5, 4.9999536060530145, 253687.4030691809, 0.0, 7
12, Client_5, 4.9999536060530145, 253687.4030691809, 0.0, 7
13, Client_5, 4.9999536060530145, 253687.4030691809, 0.0, 7
14, Client_5, 4.9999536060530145, 253687.4030691809, 0.0, 7
15, Client_5, 4.9999536060530145, 253687.4030691809, 0.0, 7
16, Client_5, 4.9999536060530145, 253687.4030691809, 0.0, 7
17, Client_5, 4.9999536060530145, 253687.4030691809, 0.0, 7
18, Client_5, 4.9999536060530145, 253687.4030691809, 0.0, 7
19, Client_5, 4.9999536060530145, 253687.40306916565, 0.0, 7
20, Client_5, 4.9999536060530145, 253687.40306916565, 0.0, 7
21, Client_5, 4.9999536060530145, 253687.40306916565, 0.0, 7
22, Client_5, 4.9999536060530145, 253687.40306916565, 0.0, 7
23, Client_5, 4.9999536060530145, 253687.40306916565, 0.0, 7
24, Client_5, 4.9999536060530145, 253687.40306916565, 0.0, 7
25, Client_5, 4.9999536060530145, 253687.40306916565, 0.0, 7
26, Client_5, 4.9999536060530145, 253687.40306916565, 0.0, 7
27, Client_5, 4.9999536060530145, 253687.40306916565, 0.0, 7
28, Client_5, 4.9999536060530145, 253687.40306916565, 0.0, 7
29, Client_5, 4.9999536060530145, 253687.40306916565, 0.0, 7
30, Client_5, 4.9999536060530145, 253687.40306916565, 0.0, 7
31, Client_5, 4.9999536060530145, 253687.40306919615, 0.0, 7
32, Client_5, 4.9999536060530145, 253687.40306919615, 0.0, 7
33, Client_5, 4.9999536060530145, 253687.40306919615, 0.0, 7
34, Client_5, 4.9999536060530145, 253687.40306919615, 0.0, 7
35, Client_5, 4.9999536060530145, 253687.40306919615, 0.0, 7
36, Client_5, 4.9999536060530145, 253687.40306919615, 0.0, 7
37, Client_5, 4.9999536060530145, 253687.40306919615, 0.0, 7
38, Client_5, 4.9999536060530145, 253687.40306919615, 0.0, 7
39, Client_5, 4.9999536060530145, 253687.40306919615, 0.0, 7
40, Client_5, 4.9999536060530145, 253687.40306919615, 0.0, 7
41, Client_5, 4.9999536060530145, 253687.40306919615, 0.0, 7
42, Client_5, 4.9999536060530145, 253687.40306919615, 0.0, 7
43, Client_5, 4.9999536060530145, 253687.40306919615, 0.0, 7
44, Client_5, 4.9999536060530145, 253687.40306919615, 0.0, 7
45, Client_5, 4.9999536060530145, 253687.40306919615, 0.0, 7
46, Client_5, 4.9999536060530145, 253687.40306919615, 0.0, 7
47, Client_5, 4.9999536060530145, 253687.40306919615, 0.0, 7
48, Client_5, 4.9999536060530145, 253687.40306919615, 0.0, 7
49, Client_5, 4.9999536060530145, 253687.40306919615, 0.0, 7
50, Client_5, 4.9999536060530145, 253687.40306919615, 0.0, 7
51, Client_5, 4.9999536060530145, 253687.40306919615, 0.0, 7
52, Client_5, 4.9999536060530145, 253687.40306919615, 0.0, 7
53, Client_5, 4.9999536060530145, 253687.40306919615, 0.0, 7
54, Client_5, 4.9999536060530145, 253687.40306919615, 0.0, 7
55, Client_5, 4.9999536060530145, 253687.40306919615, 0.0, 7
56, Client_5, 4.9999536060530145, 253687.40306919615, 0.0, 7
57, Client_5, 4.9999536060530145, 253687.4030690742, 0.0, 7
58, Client_5, 4.9999536060530145, 253687.4030690742, 0.0, 7
59, Client_5, 4.9999536060530145, 253687.4030690742, 0.0, 7
60, Client_5, 4.9999536060530145, 253687.4030690742, 0.0, 7
61, Client_5, 4.9999536060530145, 253687.4030690742, 0.0, 7
62, Client_5, 4.9999536060530145, 253687.4030690742, 0.0, 7
63, Client_5, 4.9999536060530145, 253687.4030690742, 0.0, 7
64, Client_5, 4.9999536060530145, 253687.4030690742, 0.0, 7
65, Client_5, 4.9999536060530145, 253687.4030690742, 0.0, 7
66, Client_5, 4.9999536060530145, 253687.4030690742, 0.0, 7
67, Client_5, 4.9999536060530145, 253687.4030690742, 0.0, 7
68, Client_5, 4.9999536060530145, 253687.4030690742, 0.0, 7
69, Client_5, 4.9999536060530145, 253687.4030690742, 0.0, 7
70, Client_5, 4.9999536060530145, 253687.4030690742, 0.0, 7
71, Client_5, 4.9999536060530145, 253687.4030690742, 0.0, 7
72, Client_5, 4.9999536060530145, 253687.4030690742, 0.0, 7
73, Client_5, 4.9999536060530145, 253687.4030690742, 0.0, 7
74, Client_5, 4.9999536060530145, 253687.4030690742, 0.0, 7
75, Client_5, 4.9999536060530145, 253687.4030690742, 0.0, 7
76, Client_5, 4.9999536060530145, 253687.4030690742, 0.0, 7
77, Client_5, 4.9999536060530145, 253687.4030690742, 0.0, 7
78, Client_5, 4.9999536060530145, 253687.4030690742, 0.0, 7
79, Client_5, 4.9999536060530145, 253687.4030690742, 0.0, 7
80, Client_5, 4.9999536060530145, 253687.4030690742, 0.0, 7
81, Client_5, 4.9999536060530145, 253687.4030690742, 0.0, 7
82, Client_5, 4.9999536060530145, 253687.4030690742, 0.0, 7
83, Client_5, 4.9999536060530145, 253687.4030690742, 0.0, 7
84, Client_5, 4.9999536060530145, 253687.4030690742, 0.0, 7
85, Client_5, 4.9999536060530145, 253687.4030690742, 0.0, 7
86, Client_5, 4.9999536060530145, 253687.4030690742, 0.0, 7
87, Client_5, 4.9999536060530145, 253687.4030690742, 0.0, 7
88, Client_5, 4.9999536060530145, 253687.4030690742, 0.0, 7
89, Client_5, 4.9999536060530145, 253687.4030690742, 0.0, 7
90, Client_5, 4.9999536060530145, 253687.4030690742, 0.0, 7
91, Client_5, 4.9999536060530145, 253687.4030690742, 0.0, 7
92, Client_5, 4.9999536060530145, 253687.4030690742, 0.0, 7
93, Client_5, 4.9999536060530145, 253687.4030690742, 0.0, 7
94, Client_5, 4.9999536060530145, 253687.4030690742, 0.0, 7
95, Client_5, 4.9999536060530145, 253687.4030690742, 0.0, 7
96, Client_5, 4.9999536060530145, 253687.4030690742, 0.0, 7
97, Client_5, 4.9999536060530145, 253687.4030690742, 0.0, 7
98, Client_5, 4.9999536060530145, 253687.4030690742, 0.0, 7
99, Client_5, 4.9999536060530145, 253687.4030690742, 0.0, 7
100, Client_5, 4.9999536060530145, 253687.4030690742, 0.0, 7
101, Client_5, 4.9999536060530145, 253687.4030690742, 0.0, 7
102, Client_5, 4.9999536060530145, 253687.4030690742, 0.0, 7
103, Client_5, 4.9999536060530145, 253687.4030690742, 0.0, 7
104, Client_5, 4.9999536060530145, 253687.4030690742, 0.0, 7
105, Client_5, 4.9999536060530145, 253687.4030690742, 0.0, 7
106, Client_5, 4.9999536060530145, 253687.4030690742, 0.0, 7
107, Client_5, 4.9999536060530145, 253687.4030690742, 0.0, 7
108, Client_5, 4.9999536060530145, 253687.40306944, 0.0, 7
109, Client_5, 4.9999536060530145, 253687.40306944, 0.0, 7
110, Client_5, 4.9999536060530145, 253687.40306944, 0.0, 7
111, Client_5, 4.9999536060530145, 253687.40306944, 0.0, 7
112, Client_5, 4.9999536060530145, 253687.40306944, 0.0, 7
113, Client_5, 4.9999536060530145, 253687.40306944, 0.0, 7
114, Client_5, 4.9999536060530145, 253687.40306944, 0.0, 7
115, Client_5, 4.9999536060530145, 253687.40306944, 0.0, 7
116, Client_5, 4.9999536060530145, 253687.40306944, 0.0, 7
117, Client_5, 4.9999536060530145, 253687.40306944, 0.0, 7
118, Client_5, 4.9999536060530145, 253687.40306944, 0.0, 7
119, Client_5, 4.9999536060530145, 253687.40306944, 0.0, 7
120, Client_5, 4.9999536060530145, 253687.40306944, 0.0, 7
121, Client_5, 4.9999536060530145, 253687.40306944, 0.0, 7
122, Client_5, 4.9999536060530145, 253687.40306944, 0.0, 7
123, Client_5, 4.9999536060530145, 253687.40306944, 0.0, 7
124, Client_5, 4.9999536060530145, 253687.40306944, 0.0, 7
125, Client_5, 4.9999536060530145, 253687.40306944, 0.0, 7
126, Client_5, 4.9999536060530145, 253687.40306944, 0.0, 7
127, Client_5, 4.9999536060530145, 253687.40306944, 0.0, 7
128, Client_5, 4.9999536060530145, 253687.40306944, 0.0, 7
129, Client_5, 4.9999536060530145, 253687.40306944, 0.0, 7
130, Client_5, 4.9999536060530145, 253687.40306944, 0.0, 7
131, Client_5, 4.9999536060530145, 253687.40306944, 0.0, 7
132, Client_5, 4.9999536060530145, 253687.40306944, 0.0, 7
133, Client_5, 4.9999536060530145, 253687.40306944, 0.0, 7
134, Client_5, 4.9999536060530145, 253687.40306944, 0.0, 7
135, Client_5, 4.9999536060530145, 253687.40306944, 0.0, 7
136, Client_5, 4.9999536060530145, 253687.40306944, 0.0, 7
137, Client_5, 4.9999536060530145, 253687.40306944, 0.0, 7
138, Client_5, 4.9999536060530145, 253687.40306944, 0.0, 7
139, Client_5, 4.9999536060530145, 253687.40306944, 0.0, 7
140, Client_5, 4.9999536060530145, 253687.40306944, 0.0, 7
141, Client_5, 4.9999536060530145, 253687.40306944, 0.0, 7
142, Client_5, 4.9999536060530145, 253687.40306944, 0.0, 7
143, Client_5, 4.9999536060530145, 253687.40306944, 0.0, 7
144, Client_5, 4.9999536060530145, 253687.40306944, 0.0, 7
145, Client_5, 4.9999536060530145, 253687.40306944, 0.0, 7
146, Client_5, 4.9999536060530145, 253687.40306944, 0.0, 7
147, Client_5, 4.9999536060530145, 253687.40306944, 0.0, 7
148, Client_5, 4.9999536060530145, 253687.40306944, 0.0, 7
149, Client_5, 4.9999536060530145, 253687.40306944, 0.0, 7
150, Client_5, 4.9999536060530145, 253687.40306944, 0.0, 7
151, Client_5, 4.9999536060530145, 253687.40306944, 0.0, 7
152, Client_5, 4.9999536060530145, 253687.40306944, 0.0, 7
153, Client_5, 4.9999536060530145, 253687.40306944, 0.0, 7
154, Client_5, 4.9999536060530145, 253687.40306944, 0.0, 7
155, Client_5, 4.9999536060530145, 253687.40306944, 0.0, 7
156, Client_5, 4.9999536060530145, 253687.40306944, 0.0, 7
157, Client_5, 4.9999536060530145, 253687.40306944, 0.0, 7
158, Client_5, 4.9999536060530145, 253687.40306944, 0.0, 7
159, Client_5, 4.9999536060530145, 253687.40306944, 0.0, 7
160, Client_5, 4.9999536060530145, 253687.40306944, 0.0, 7
161, Client_5, 4.9999536060530145, 253687.40306944, 0.0, 7
162, Client_5, 4.9999536060530145, 253687.40306944, 0.0, 7
163, Client_5, 4.9999536060530145, 253687.40306944, 0.0, 7
164, Client_5, 4.9999536060530145, 253687.40306944, 0.0, 7
165, Client_5, 4.9999536060530145, 253687.40306944, 0.0, 7
166, Client_5, 4.9999536060530145, 253687.40306944, 0.0, 7
167, Client_5, 4.9999536060530145, 253687.40306944, 0.0, 7
168, Client_5, 4.9999536060530145, 253687.40306944, 0.0, 7
169, Client_5, 4.9999536060530145, 253687.40306944, 0.0, 7
170, Client_5, 4.9999536060530145, 253687.40306944, 0.0, 7
171, Client_5, 4.9999536060530145, 253687.40306944, 0.0, 7
172, Client_5, 4.9999536060530145, 253687.40306944, 0.0, 7
173, Client_5, 4.9999536060530145, 253687.40306944, 0.0, 7
174, Client_5, 4.9999536060530145, 253687.40306944, 0.0, 7
175, Client_5, 4.9999536060530145, 253687.40306944, 0.0, 7
176, Client_5, 4.9999536060530145, 253687.40306944, 0.0, 7
177, Client_5, 4.9999536060530145, 253687.40306944, 0.0, 7
178, Client_5, 4.9999536060530145, 253687.40306944, 0.0, 7
179, Client_5, 4.9999536060530145, 253687.40306944, 0.0, 7
180, Client_5, 4.9999536060530145, 253687.40306944, 0.0, 7
181, Client_5, 4.9999536060530145, 253687.40306944, 0.0, 7
182, Client_5, 4.9999536060530145, 253687.40306944, 0.0, 7
183, Client_5, 4.9999536060530145, 253687.40306944, 0.0, 7
184, Client_5, 4.9999536060530145, 253687.40306944, 0.0, 7
185, Client_5, 4.9999536060530145, 253687.40306944, 0.0, 7
186, Client_5, 4.9999536060530145, 253687.40306944, 0.0, 7
187, Client_5, 4.9999536060530145, 253687.40306944, 0.0, 7
188, Client_5, 4.9999536060530145, 253687.40306944, 0.0, 7
189, Client_5, 4.9999536060530145, 253687.40306944, 0.0, 7
190, Client_5, 4.9999536060530145, 253687.40306944, 0.0, 7
191, Client_5, 4.9999536060530145, 253687.40306944, 0.0, 7
192, Client_5, 4.9999536060530145, 253687.40306944, 0.0, 7
193, Client_5, 4.9999536060530145, 253687.40306944, 0.0, 7
194, Client_5, 4.9999536060530145, 253687.40306944, 0.0, 7
195, Client_5, 4.9999536060530145, 253687.40306944, 0.0, 7
196, Client_5, 4.9999536060530145, 253687.40306944, 0.0, 7
197, Client_5, 4.9999536060530145, 253687.40306944, 0.0, 7
198, Client_5, 4.9999536060530145, 253687.40306944, 0.0, 7
199, Client_5, 4.9999536060530145, 253687.40306944, 0.0, 7
200, Client_5, 4.9999536060530145, 253687.40306944, 0.0, 7
201, Client_5, 4.9999536060530145, 253687.40306944, 0.0, 7
202, Client_5, 4.9999536060530145, 253687.40306944, 0.0, 7
203, Client_5, 4.9999536060530145, 253687.40306944, 0.0, 7
204, Client_5, 4.9999536060530145, 253687.40306944, 0.0, 7
205, Client_5, 4.9999536060530145, 253687.40306944, 0.0, 7
206, Client_5, 4.9999536060530145, 253687.40306944, 0.0, 7
207, Client_5, 4.9999536060530145, 253687.40306944, 0.0, 7
208, Client_5, 4.9999536060530145, 253687.40306944, 0.0, 7
209, Client_5, 4.9999536060530145, 253687.40306944, 0.0, 7
210, Client_5, 4.9999536060530145, 253687.40306870837, 0.0, 7
211, Client_5, 4.9999536060530145, 253687.40306870837, 0.0, 7
212, Client_5, 4.9999536060530145, 253687.40306870837, 0.0, 7
213, Client_5, 4.9999536060530145, 253687.40306870837, 0.0, 7
214, Client_5, 4.9999536060530145, 253687.40306870837, 0.0, 7
215, Client_5, 4.9999536060530145, 253687.40306870837, 0.0, 7
216, Client_5, 4.9999536060530145, 253687.40306870837, 0.0, 7
217, Client_5, 4.9999536060530145, 253687.40306870837, 0.0, 7
218, Client_5, 4.9999536060530145, 253687.40306870837, 0.0, 7
219, Client_5, 4.9999536060530145, 253687.40306870837, 0.0, 7
220, Client_5, 4.9999536060530145, 253687.40306870837, 0.0, 7
221, Client_5, 4.9999536060530145, 253687.40306870837, 0.0, 7
222, Client_5, 4.9999536060530145, 253687.40306870837, 0.0, 7
223, Client_5, 4.9999536060530145, 253687.40306870837, 0.0, 7
224, Client_5, 4.9999536060530145, 253687.40306870837, 0.0, 7
225, Client_5, 4.9999536060530145, 253687.40306870837, 0.0, 7
226, Client_5, 4.9999536060530145, 253687.40306870837, 0.0, 7
227, Client_5, 4.9999536060530145, 253687.40306870837, 0.0, 7
228, Client_5, 4.9999536060530145, 253687.40306870837, 0.0, 7
229, Client_5, 4.9999536060530145, 253687.40306870837, 0.0, 7
230, Client_5, 4.9999536060530145, 253687.40306870837, 0.0, 7
231, Client_5, 4.9999536060530145, 253687.40306870837, 0.0, 7
232, Client_5, 4.9999536060530145, 253687.40306870837, 0.0, 7
233, Client_5, 4.9999536060530145, 253687.40306870837, 0.0, 7
234, Client_5, 4.9999536060530145, 253687.40306870837, 0.0, 7
235, Client_5, 4.9999536060530145, 253687.40306870837, 0.0, 7
236, Client_5, 4.9999536060530145, 253687.40306870837, 0.0, 7
237, Client_5, 4.9999536060530145, 253687.40306870837, 0.0, 7
238, Client_5, 4.9999536060530145, 253687.40306870837, 0.0, 7
239, Client_5, 4.9999536060530145, 253687.40306870837, 0.0, 7
240, Client_5, 4.9999536060530145, 253687.40306870837, 0.0, 7
241, Client_5, 4.9999536060530145, 253687.40306870837, 0.0, 7
242, Client_5, 4.9999536060530145, 253687.40306870837, 0.0, 7
243, Client_5, 4.9999536060530145, 253687.40306870837, 0.0, 7
244, Client_5, 4.9999536060530145, 253687.40306870837, 0.0, 7
245, Client_5, 4.9999536060530145, 253687.40306870837, 0.0, 7
246, Client_5, 4.9999536060530145, 253687.40306870837, 0.0, 7
247, Client_5, 4.9999536060530145, 253687.40306870837, 0.0, 7
248, Client_5, 4.9999536060530145, 253687.40306870837, 0.0, 7
249, Client_5, 4.9999536060530145, 253687.40306870837, 0.0, 7
250, Client_5, 4.9999536060530145, 253687.40306870837, 0.0, 7
251, Client_5, 4.9999536060530145, 253687.40306870837, 0.0, 7
252, Client_5, 4.9999536060530145, 253687.40306870837, 0.0, 7
253, Client_5, 4.9999536060530145, 253687.40306870837, 0.0, 7
254, Client_5, 4.9999536060530145, 253687.40306870837, 0.0, 7
255, Client_5, 4.9999536060530145, 253687.40306870837, 0.0, 7
256, Client_5, 4.9999536060530145, 253687.40306870837, 0.0, 7
257, Client_5, 4.9999536060530145, 253687.40306870837, 0.0, 7
258, Client_5, 4.9999536060530145, 253687.40306870837, 0.0, 7
259, Client_5, 4.9999536060530145, 253687.40306870837, 0.0, 7
260, Client_5, 4.9999536060530145, 253687.40306870837, 0.0, 7
261, Client_5, 4.9999536060530145, 253687.40306870837, 0.0, 7
262, Client_5, 4.9999536060530145, 253687.40306870837, 0.0, 7
263, Client_5, 4.9999536060530145, 253687.40306870837, 0.0, 7
264, Client_5, 4.9999536060530145, 253687.40306870837, 0.0, 7
265, Client_5, 4.9999536060530145, 253687.40306870837, 0.0, 7
266, Client_5, 4.9999536060530145, 253687.40306870837, 0.0, 7
267, Client_5, 4.9999536060530145, 253687.40306870837, 0.0, 7
268, Client_5, 4.9999536060530145, 253687.40306870837, 0.0, 7
269, Client_5, 4.9999536060530145, 253687.40306870837, 0.0, 7
270, Client_5, 4.9999536060530145, 253687.40306870837, 0.0, 7
271, Client_5, 4.9999536060530145, 253687.40306870837, 0.0, 7
272, Client_5, 4.9999536060530145, 253687.40306870837, 0.0, 7
273, Client_5, 4.9999536060530145, 253687.40306870837, 0.0, 7
274, Client_5, 4.9999536060530145, 253687.40306870837, 0.0, 7
275, Client_5, 4.9999536060530145, 253687.40306870837, 0.0, 7
276, Client_5, 4.9999536060530145, 253687.40306870837, 0.0, 7
277, Client_5, 4.9999536060530145, 253687.40306870837, 0.0, 7
278, Client_5, 4.9999536060530145, 253687.40306870837, 0.0, 7
279, Client_5, 4.9999536060530145, 253687.40306870837, 0.0, 7
280, Client_5, 4.9999536060530145, 253687.40306870837, 0.0, 7
281, Client_5, 4.9999536060530145, 253687.40306870837, 0.0, 7
282, Client_5, 4.9999536060530145, 253687.40306870837, 0.0, 7
283, Client_5, 4.9999536060530145, 253687.40306870837, 0.0, 7
284, Client_5, 4.9999536060530145, 253687.40306870837, 0.0, 7
285, Client_5, 4.9999536060530145, 253687.40306870837, 0.0, 7
286, Client_5, 4.9999536060530145, 253687.40306870837, 0.0, 7
287, Client_5, 4.9999536060530145, 253687.40306870837, 0.0, 7
288, Client_5, 4.9999536060530145, 253687.40306870837, 0.0, 7
289, Client_5, 4.9999536060530145, 253687.40306870837, 0.0, 7
290, Client_5, 4.9999536060530145, 253687.40306870837, 0.0, 7
291, Client_5, 4.9999536060530145, 253687.40306870837, 0.0, 7
292, Client_5, 4.9999536060530145, 253687.40306870837, 0.0, 7
293, Client_5, 4.9999536060530145, 253687.40306870837, 0.0, 7
294, Client_5, 4.9999536060530145, 253687.40306870837, 0.0, 7
295, Client_5, 4.9999536060530145, 253687.40306870837, 0.0, 7
296, Client_5, 4.9999536060530145, 253687.40306870837, 0.0, 7
297, Client_5, 4.9999536060530145, 253687.40306870837, 0.0, 7
298, Client_5, 4.9999536060530145, 253687.40306870837, 0.0, 7
299, Client_5, 4.9999536060530145, 253687.40306870837, 0.0, 7
300, Client_5, 4.9999536060530145, 253687.40306870837, 0.0, 7
301, Client_5, 4.9999536060530145, 253687.40306870837, 0.0, 7
302, Client_5, 4.9999536060530145, 253687.40306870837, 0.0, 7
303, Client_5, 4.9999536060530145, 253687.40306870837, 0.0, 7
304, Client_5, 4.9999536060530145, 253687.40306870837, 0.0, 7
305, Client_5, 4.9999536060530145, 253687.40306870837, 0.0, 7
306, Client_5, 4.9999536060530145, 253687.40306870837, 0.0, 7
307, Client_5, 4.9999536060530145, 253687.40306870837, 0.0, 7
308, Client_5, 4.9999536060530145, 253687.40306870837, 0.0, 7
309, Client_5, 4.9999536060530145, 253687.40306870837, 0.0, 7
310, Client_5, 4.9999536060530145, 253687.40306870837, 0.0, 7
311, Client_5, 4.9999536060530145, 253687.40306870837, 0.0, 7
312, Client_5, 4.9999536060530145, 253687.40306870837, 0.0, 7
313, Client_5, 4.9999536060530145, 253687.40306870837, 0.0, 7
314, Client_5, 4.9999536060530145, 253687.40306870837, 0.0, 7
315, Client_5, 4.9999536060530145, 253687.40306870837, 0.0, 7
316, Client_5, 4.9999536060530145, 253687.40306870837, 0.0, 7
317, Client_5, 4.9999536060530145, 253687.40306870837, 0.0, 7
318, Client_5, 4.9999536060530145, 253687.40306870837, 0.0, 7
319, Client_5, 4.9999536060530145, 253687.40306870837, 0.0, 7
320, Client_5, 4.9999536060530145, 253687.40306870837, 0.0, 7
321, Client_5, 4.9999536060530145, 253687.40306870837, 0.0, 7
322, Client_5, 4.9999536060530145, 253687.40306870837, 0.0, 7
323, Client_5, 4.9999536060530145, 253687.40306870837, 0.0, 7
324, Client_5, 4.9999536060530145, 253687.40306870837, 0.0, 7
325, Client_5, 4.9999536060530145, 253687.40306870837, 0.0, 7
326, Client_5, 4.9999536060530145, 253687.40306870837, 0.0, 7
327, Client_5, 4.9999536060530145, 253687.40306870837, 0.0, 7
328, Client_5, 4.9999536060530145, 253687.40306870837, 0.0, 7
329, Client_5, 4.9999536060530145, 253687.40306870837, 0.0, 7
330, Client_5, 4.9999536060530145, 253687.40306870837, 0.0, 7
331, Client_5, 4.9999536060530145, 253687.40306870837, 0.0, 7
332, Client_5, 4.9999536060530145, 253687.40306870837, 0.0, 7
333, Client_5, 4.9999536060530145, 253687.40306870837, 0.0, 7
334, Client_5, 4.9999536060530145, 253687.40306870837, 0.0, 7
335, Client_5, 4.9999536060530145, 253687.40306870837, 0.0, 7
336, Client_5, 4.9999536060530145, 253687.40306870837, 0.0, 7
337, Client_5, 4.9999536060530145, 253687.40306870837, 0.0, 7
338, Client_5, 4.9999536060530145, 253687.40306870837, 0.0, 7
339, Client_5, 4.9999536060530145, 253687.40306870837, 0.0, 7
340, Client_5, 4.9999536060530145, 253687.40306870837, 0.0, 7
341, Client_5, 4.9999536060530145, 253687.40306870837, 0.0, 7
342, Client_5, 4.9999536060530145, 253687.40306870837, 0.0, 7
343, Client_5, 4.9999536060530145, 253687.40306870837, 0.0, 7
344, Client_5, 4.9999536060530145, 253687.40306870837, 0.0, 7
345, Client_5, 4.9999536060530145, 253687.40306870837, 0.0, 7
346, Client_5, 4.9999536060530145, 253687.40306870837, 0.0, 7
347, Client_5, 4.9999536060530145, 253687.40306870837, 0.0, 7
348, Client_5, 4.9999536060530145, 253687.40306870837, 0.0, 7
349, Client_5, 4.9999536060530145, 253687.40306870837, 0.0, 7
350, Client_5, 4.9999536060530145, 253687.40306870837, 0.0, 7
351, Client_5, 4.9999536060530145, 253687.40306870837, 0.0, 7
352, Client_5, 4.9999536060530145, 253687.40306870837, 0.0, 7
353, Client_5, 4.9999536060530145, 253687.40306870837, 0.0, 7
354, Client_5, 4.9999536060530145, 253687.40306870837, 0.0, 7
355, Client_5, 4.9999536060530145, 253687.40306870837, 0.0, 7
356, Client_5, 4.9999536060530145, 253687.40306870837, 0.0, 7
357, Client_5, 4.9999536060530145, 253687.40306870837, 0.0, 7
358, Client_5, 4.9999536060530145, 253687.40306870837, 0.0, 7
359, Client_5, 4.9999536060530145, 253687.40306870837, 0.0, 7
360, Client_5, 4.9999536060530145, 253687.40306870837, 0.0, 7
361, Client_5, 4.9999536060530145, 253687.40306870837, 0.0, 7
362, Client_5, 4.9999536060530145, 253687.40306870837, 0.0, 7
363, Client_5, 4.9999536060530145, 253687.40306870837, 0.0, 7
364, Client_5, 4.9999536060530145, 253687.40306870837, 0.0, 7
365, Client_5, 4.9999536060530145, 253687.40306870837, 0.0, 7
366, Client_5, 4.9999536060530145, 253687.40306870837, 0.0, 7
367, Client_5, 4.9999536060530145, 253687.40306870837, 0.0, 7
368, Client_5, 4.9999536060530145, 253687.40306870837, 0.0, 7
369, Client_5, 4.9999536060530145, 253687.40306870837, 0.0, 7
370, Client_5, 4.9999536060530145, 253687.40306870837, 0.0, 7
371, Client_5, 4.9999536060530145, 253687.40306870837, 0.0, 7
372, Client_5, 4.9999536060530145, 253687.40306870837, 0.0, 7
373, Client_5, 4.9999536060530145, 253687.40306870837, 0.0, 7
374, Client_5, 4.9999536060530145, 253687.40306870837, 0.0, 7
375, Client_5, 4.9999536060530145, 253687.40306870837, 0.0, 7
376, Client_5, 4.9999536060530145, 253687.40306870837, 0.0, 7
377, Client_5, 4.9999536060530145, 253687.40306870837, 0.0, 7
378, Client_5, 4.9999536060530145, 253687.40306870837, 0.0, 7
379, Client_5, 4.9999536060530145, 253687.40306870837, 0.0, 7
380, Client_5, 4.9999536060530145, 253687.40306870837, 0.0, 7
381, Client_5, 4.9999536060530145, 253687.40306870837, 0.0, 7
382, Client_5, 4.9999536060530145, 253687.40306870837, 0.0, 7
383, Client_5, 4.9999536060530145, 253687.40306870837, 0.0, 7
384, Client_5, 4.9999536060530145, 253687.40306870837, 0.0, 7
385, Client_5, 4.9999536060530145, 253687.40306870837, 0.0, 7
386, Client_5, 4.9999536060530145, 253687.40306870837, 0.0, 7
387, Client_5, 4.9999536060530145, 253687.40306870837, 0.0, 7
388, Client_5, 4.9999536060530145, 253687.40306870837, 0.0, 7
389, Client_5, 4.9999536060530145, 253687.40306870837, 0.0, 7
390, Client_5, 4.9999536060530145, 253687.40306870837, 0.0, 7
391, Client_5, 4.9999536060530145, 253687.40306870837, 0.0, 7
392, Client_5, 4.9999536060530145, 253687.40306870837, 0.0, 7
393, Client_5, 4.9999536060530145, 253687.40306870837, 0.0, 7
394, Client_5, 4.9999536060530145, 253687.40306870837, 0.0, 7
395, Client_5, 4.9999536060530145, 253687.40306870837, 0.0, 7
396, Client_5, 4.9999536060530145, 253687.40306870837, 0.0, 7
397, Client_5, 4.9999536060530145, 253687.40306870837, 0.0, 7
398, Client_5, 4.9999536060530145, 253687.40306870837, 0.0, 7
399, Client_5, 4.9999536060530145, 253687.40306870837, 0.0, 7
400, Client_5, 4.9999536060530145, 253687.40306870837, 0.0, 7
401, Client_5, 4.9999536060530145, 253687.40306870837, 0.0, 7
402, Client_5, 4.9999536060530145, 253687.40306870837, 0.0, 7
403, Client_5, 4.9999536060530145, 253687.40306870837, 0.0, 7
404, Client_5, 4.9999536060530145, 253687.40306870837, 0.0, 7
405, Client_5, 4.9999536060530145, 253687.40306870837, 0.0, 7
406, Client_5, 4.9999536060530145, 253687.40306870837, 0.0, 7
407, Client_5, 4.9999536060530145, 253687.40306870837, 0.0, 7
408, Client_5, 4.9999536060530145, 253687.40306870837, 0.0, 7
409, Client_5, 4.9999536060530145, 253687.40306870837, 0.0, 7
410, Client_5, 4.9999536060530145, 253687.40306870837, 0.0, 7
411, Client_5, 4.9999536060530145, 253687.40306870837, 0.0, 7
412, Client_5, 4.9999536060530145, 253687.40306870837, 0.0, 7
413, Client_5, 4.9999536060530145, 253687.40306870837, 0.0, 7
414, Client_5, 4.9999536060530145, 253687.40306870837, 0.0, 7
415, Client_5, 4.9999536060530145, 253687.40306919615, 0.0, 7
416, Client_5, 4.9999536060530145, 253687.40306919615, 0.0, 7
417, Client_5, 4.9999536060530145, 253687.40306919615, 0.0, 7
418, Client_5, 4.9999536060530145, 253687.40306919615, 0.0, 7
419, Client_5, 4.9999536060530145, 253687.40306919615, 0.0, 7
420, Client_5, 4.9999536060530145, 253687.40306919615, 0.0, 7
421, Client_5, 4.9999536060530145, 253687.40306919615, 0.0, 7
422, Client_5, 4.9999536060530145, 253687.40306919615, 0.0, 7
423, Client_5, 4.9999536060530145, 253687.40306919615, 0.0, 7
424, Client_5, 4.9999536060530145, 253687.40306919615, 0.0, 7
425, Client_5, 4.9999536060530145, 253687.40306919615, 0.0, 7
426, Client_5, 4.9999536060530145, 253687.40306919615, 0.0, 7
427, Client_5, 4.9999536060530145, 253687.40306919615, 0.0, 7
428, Client_5, 4.9999536060530145, 253687.40306919615, 0.0, 7
429, Client_5, 4.9999536060530145, 253687.40306919615, 0.0, 7
430, Client_5, 4.9999536060530145, 253687.40306919615, 0.0, 7
431, Client_5, 4.9999536060530145, 253687.40306919615, 0.0, 7
432, Client_5, 4.9999536060530145, 253687.40306919615, 0.0, 7
433, Client_5, 4.9999536060530145, 253687.40306919615, 0.0, 7
434, Client_5, 4.9999536060530145, 253687.40306919615, 0.0, 7
435, Client_5, 4.9999536060530145, 253687.40306919615, 0.0, 7
436, Client_5, 4.9999536060530145, 253687.40306919615, 0.0, 7
437, Client_5, 4.9999536060530145, 253687.40306919615, 0.0, 7
438, Client_5, 4.9999536060530145, 253687.40306919615, 0.0, 7
439, Client_5, 4.9999536060530145, 253687.40306919615, 0.0, 7
440, Client_5, 4.9999536060530145, 253687.40306919615, 0.0, 7
441, Client_5, 4.9999536060530145, 253687.40306919615, 0.0, 7
442, Client_5, 4.9999536060530145, 253687.40306919615, 0.0, 7
443, Client_5, 4.9999536060530145, 253687.40306919615, 0.0, 7
444, Client_5, 4.9999536060530145, 253687.40306919615, 0.0, 7
445, Client_5, 4.9999536060530145, 253687.40306919615, 0.0, 7
446, Client_5, 4.9999536060530145, 253687.40306919615, 0.0, 7
447, Client_5, 4.9999536060530145, 253687.40306919615, 0.0, 7
448, Client_5, 4.9999536060530145, 253687.40306919615, 0.0, 7
449, Client_5, 4.9999536060530145, 253687.40306919615, 0.0, 7
450, Client_5, 4.9999536060530145, 253687.40306919615, 0.0, 7
451, Client_5, 4.9999536060530145, 253687.40306919615, 0.0, 7
452, Client_5, 4.9999536060530145, 253687.40306919615, 0.0, 7
453, Client_5, 4.9999536060530145, 253687.40306919615, 0.0, 7
454, Client_5, 4.9999536060530145, 253687.40306919615, 0.0, 7
455, Client_5, 4.9999536060530145, 253687.40306919615, 0.0, 7
456, Client_5, 4.9999536060530145, 253687.40306919615, 0.0, 7
457, Client_5, 4.9999536060530145, 253687.40306919615, 0.0, 7
458, Client_5, 4.9999536060530145, 253687.40306919615, 0.0, 7
459, Client_5, 4.9999536060530145, 253687.40306919615, 0.0, 7
460, Client_5, 4.9999536060530145, 253687.40306919615, 0.0, 7
461, Client_5, 4.9999536060530145, 253687.40306919615, 0.0, 7
462, Client_5, 4.9999536060530145, 253687.40306919615, 0.0, 7
463, Client_5, 4.9999536060530145, 253687.40306919615, 0.0, 7
464, Client_5, 4.9999536060530145, 253687.40306919615, 0.0, 7
465, Client_5, 4.9999536060530145, 253687.40306919615, 0.0, 7
466, Client_5, 4.9999536060530145, 253687.40306919615, 0.0, 7
467, Client_5, 4.9999536060530145, 253687.40306919615, 0.0, 7
468, Client_5, 4.9999536060530145, 253687.40306919615, 0.0, 7
469, Client_5, 4.9999536060530145, 253687.40306919615, 0.0, 7
470, Client_5, 4.9999536060530145, 253687.40306919615, 0.0, 7
471, Client_5, 4.9999536060530145, 253687.40306919615, 0.0, 7
472, Client_5, 4.9999536060530145, 253687.40306919615, 0.0, 7
473, Client_5, 4.9999536060530145, 253687.40306919615, 0.0, 7
474, Client_5, 4.9999536060530145, 253687.40306919615, 0.0, 7
475, Client_5, 4.9999536060530145, 253687.40306919615, 0.0, 7
476, Client_5, 4.9999536060530145, 253687.40306919615, 0.0, 7
477, Client_5, 4.9999536060530145, 253687.40306919615, 0.0, 7
478, Client_5, 4.9999536060530145, 253687.40306919615, 0.0, 7
479, Client_5, 4.9999536060530145, 253687.40306919615, 0.0, 7
480, Client_5, 4.9999536060530145, 253687.40306919615, 0.0, 7
481, Client_5, 4.9999536060530145, 253687.40306919615, 0.0, 7
482, Client_5, 4.9999536060530145, 253687.40306919615, 0.0, 7
483, Client_5, 4.9999536060530145, 253687.40306919615, 0.0, 7
484, Client_5, 4.9999536060530145, 253687.40306919615, 0.0, 7
485, Client_5, 4.9999536060530145, 253687.40306919615, 0.0, 7
486, Client_5, 4.9999536060530145, 253687.40306919615, 0.0, 7
487, Client_5, 4.9999536060530145, 253687.40306919615, 0.0, 7
488, Client_5, 4.9999536060530145, 253687.40306919615, 0.0, 7
489, Client_5, 4.9999536060530145, 253687.40306919615, 0.0, 7
490, Client_5, 4.9999536060530145, 253687.40306919615, 0.0, 7
491, Client_5, 4.9999536060530145, 253687.40306919615, 0.0, 7
492, Client_5, 4.9999536060530145, 253687.40306919615, 0.0, 7
493, Client_5, 4.9999536060530145, 253687.40306919615, 0.0, 7
494, Client_5, 4.9999536060530145, 253687.40306919615, 0.0, 7
495, Client_5, 4.9999536060530145, 253687.40306919615, 0.0, 7
496, Client_5, 4.9999536060530145, 253687.40306919615, 0.0, 7
497, Client_5, 4.9999536060530145, 253687.40306919615, 0.0, 7
498, Client_5, 4.9999536060530145, 253687.40306919615, 0.0, 7
499, Client_5, 4.9999536060530145, 253687.40306919615, 0.0, 7
500, Client_5, 4.9999536060530145, 253687.40306919615, 0.0, 7
501, Client_5, 4.9999536060530145, 253687.40306919615, 0.0, 7
502, Client_5, 4.9999536060530145, 253687.40306919615, 0.0, 7
503, Client_5, 4.9999536060530145, 253687.40306919615, 0.0, 7
504, Client_5, 4.9999536060530145, 253687.40306919615, 0.0, 7
505, Client_5, 4.9999536060530145, 253687.40306919615, 0.0, 7
506, Client_5, 4.9999536060530145, 253687.40306919615, 0.0, 7
507, Client_5, 4.9999536060530145, 253687.40306919615, 0.0, 7
508, Client_5, 4.9999536060530145, 253687.40306919615, 0.0, 7
509, Client_5, 4.9999536060530145, 253687.40306919615, 0.0, 7
510, Client_5, 4.9999536060530145, 253687.40306919615, 0.0, 7
511, Client_5, 4.9999536060530145, 253687.40306919615, 0.0, 7
512, Client_5, 4.9999536060530145, 253687.40306919615, 0.0, 7
513, Client_5, 4.9999536060530145, 253687.40306919615, 0.0, 7
514, Client_5, 4.9999536060530145, 253687.40306919615, 0.0, 7
515, Client_5, 4.9999536060530145, 253687.40306919615, 0.0, 7
516, Client_5, 4.9999536060530145, 253687.40306919615, 0.0, 7
517, Client_5, 4.9999536060530145, 253687.40306919615, 0.0, 7
518, Client_5, 4.9999536060530145, 253687.40306919615, 0.0, 7
519, Client_5, 4.9999536060530145, 253687.40306919615, 0.0, 7
520, Client_5, 4.9999536060530145, 253687.40306919615, 0.0, 7
521, Client_5, 4.9999536060530145, 253687.40306919615, 0.0, 7
522, Client_5, 4.9999536060530145, 253687.40306919615, 0.0, 7
523, Client_5, 4.9999536060530145, 253687.40306919615, 0.0, 7
524, Client_5, 4.9999536060530145, 253687.40306919615, 0.0, 7
525, Client_5, 4.9999536060530145, 253687.40306919615, 0.0, 7
526, Client_5, 4.9999536060530145, 253687.40306919615, 0.0, 7
527, Client_5, 4.9999536060530145, 253687.40306919615, 0.0, 7
528, Client_5, 4.9999536060530145, 253687.40306919615, 0.0, 7
529, Client_5, 4.9999536060530145, 253687.40306919615, 0.0, 7
530, Client_5, 4.9999536060530145, 253687.40306919615, 0.0, 7
531, Client_5, 4.9999536060530145, 253687.40306919615, 0.0, 7
532, Client_5, 4.9999536060530145, 253687.40306919615, 0.0, 7
533, Client_5, 4.9999536060530145, 253687.40306919615, 0.0, 7
534, Client_5, 4.9999536060530145, 253687.40306919615, 0.0, 7
535, Client_5, 4.9999536060530145, 253687.40306919615, 0.0, 7
536, Client_5, 4.9999536060530145, 253687.40306919615, 0.0, 7
537, Client_5, 4.9999536060530145, 253687.40306919615, 0.0, 7
538, Client_5, 4.9999536060530145, 253687.40306919615, 0.0, 7
539, Client_5, 4.9999536060530145, 253687.40306919615, 0.0, 7
540, Client_5, 4.9999536060530145, 253687.40306919615, 0.0, 7
541, Client_5, 4.9999536060530145, 253687.40306919615, 0.0, 7
542, Client_5, 4.9999536060530145, 253687.40306919615, 0.0, 7
543, Client_5, 4.9999536060530145, 253687.40306919615, 0.0, 7
544, Client_5, 4.9999536060530145, 253687.40306919615, 0.0, 7
545, Client_5, 4.9999536060530145, 253687.40306919615, 0.0, 7
546, Client_5, 4.9999536060530145, 253687.40306919615, 0.0, 7
547, Client_5, 4.9999536060530145, 253687.40306919615, 0.0, 7
548, Client_5, 4.9999536060530145, 253687.40306919615, 0.0, 7
549, Client_5, 4.9999536060530145, 253687.40306919615, 0.0, 7
550, Client_5, 4.9999536060530145, 253687.40306919615, 0.0, 7
551, Client_5, 4.9999536060530145, 253687.40306919615, 0.0, 7
552, Client_5, 4.9999536060530145, 253687.40306919615, 0.0, 7
553, Client_5, 4.9999536060530145, 253687.40306919615, 0.0, 7
554, Client_5, 4.9999536060530145, 253687.40306919615, 0.0, 7
555, Client_5, 4.9999536060530145, 253687.40306919615, 0.0, 7
556, Client_5, 4.9999536060530145, 253687.40306919615, 0.0, 7
557, Client_5, 4.9999536060530145, 253687.40306919615, 0.0, 7
558, Client_5, 4.9999536060530145, 253687.40306919615, 0.0, 7
559, Client_5, 4.9999536060530145, 253687.40306919615, 0.0, 7
560, Client_5, 4.9999536060530145, 253687.40306919615, 0.0, 7
561, Client_5, 4.9999536060530145, 253687.40306919615, 0.0, 7
562, Client_5, 4.9999536060530145, 253687.40306919615, 0.0, 7
563, Client_5, 4.9999536060530145, 253687.40306919615, 0.0, 7
564, Client_5, 4.9999536060530145, 253687.40306919615, 0.0, 7
565, Client_5, 4.9999536060530145, 253687.40306919615, 0.0, 7
566, Client_5, 4.9999536060530145, 253687.40306919615, 0.0, 7
567, Client_5, 4.9999536060530145, 253687.40306919615, 0.0, 7
568, Client_5, 4.9999536060530145, 253687.40306919615, 0.0, 7
569, Client_5, 4.9999536060530145, 253687.40306919615, 0.0, 7
570, Client_5, 4.9999536060530145, 253687.40306919615, 0.0, 7
571, Client_5, 4.9999536060530145, 253687.40306919615, 0.0, 7
572, Client_5, 4.9999536060530145, 253687.40306919615, 0.0, 7
573, Client_5, 4.9999536060530145, 253687.40306919615, 0.0, 7
574, Client_5, 4.9999536060530145, 253687.40306919615, 0.0, 7
575, Client_5, 4.9999536060530145, 253687.40306919615, 0.0, 7
576, Client_5, 4.9999536060530145, 253687.40306919615, 0.0, 7
577, Client_5, 4.9999536060530145, 253687.40306919615, 0.0, 7
578, Client_5, 4.9999536060530145, 253687.40306919615, 0.0, 7
579, Client_5, 4.9999536060530145, 253687.40306919615, 0.0, 7
580, Client_5, 4.9999536060530145, 253687.40306919615, 0.0, 7
581, Client_5, 4.9999536060530145, 253687.40306919615, 0.0, 7
582, Client_5, 4.9999536060530145, 253687.40306919615, 0.0, 7
583, Client_5, 4.9999536060530145, 253687.40306919615, 0.0, 7
584, Client_5, 4.9999536060530145, 253687.40306919615, 0.0, 7
585, Client_5, 4.9999536060530145, 253687.40306919615, 0.0, 7
586, Client_5, 4.9999536060530145, 253687.40306919615, 0.0, 7
587, Client_5, 4.9999536060530145, 253687.40306919615, 0.0, 7
588, Client_5, 4.9999536060530145, 253687.40306919615, 0.0, 7
589, Client_5, 4.9999536060530145, 253687.40306919615, 0.0, 7
590, Client_5, 4.9999536060530145, 253687.40306919615, 0.0, 7
591, Client_5, 4.9999536060530145, 253687.40306919615, 0.0, 7
592, Client_5, 4.9999536060530145, 253687.40306919615, 0.0, 7
593, Client_5, 4.9999536060530145, 253687.40306919615, 0.0, 7
594, Client_5, 4.9999536060530145, 253687.40306919615, 0.0, 7
595, Client_5, 4.9999536060530145, 253687.40306919615, 0.0, 7
596, Client_5, 4.9999536060530145, 253687.40306919615, 0.0, 7
597, Client_5, 4.9999536060530145, 253687.40306919615, 0.0, 7
598, Client_5, 4.9999536060530145, 253687.40306919615, 0.0, 7
599, Client_5, 4.9999536060530145, 253687.40306919615, 0.0, 7
600, Client_5, 4.9999536060530145, 253687.40306919615, 0.0, 7
601, Client_5, 4.9999536060530145, 253687.40306919615, 0.0, 7
602, Client_5, 4.9999536060530145, 253687.40306919615, 0.0, 7
603, Client_5, 4.9999536060530145, 253687.40306919615, 0.0, 7
604, Client_5, 4.9999536060530145, 253687.40306919615, 0.0, 7
605, Client_5, 4.9999536060530145, 253687.40306919615, 0.0, 7
606, Client_5, 4.9999536060530145, 253687.40306919615, 0.0, 7
607, Client_5, 4.9999536060530145, 253687.40306919615, 0.0, 7
608, Client_5, 4.9999536060530145, 253687.40306919615, 0.0, 7
609, Client_5, 4.9999536060530145, 253687.40306919615, 0.0, 7
610, Client_5, 4.9999536060530145, 253687.40306919615, 0.0, 7
611, Client_5, 4.9999536060530145, 253687.40306919615, 0.0, 7
612, Client_5, 4.9999536060530145, 253687.40306919615, 0.0, 7
613, Client_5, 4.9999536060530145, 253687.40306919615, 0.0, 7
614, Client_5, 4.9999536060530145, 253687.40306919615, 0.0, 7
615, Client_5, 4.9999536060530145, 253687.40306919615, 0.0, 7
616, Client_5, 4.9999536060530145, 253687.40306919615, 0.0, 7
617, Client_5, 4.9999536060530145, 253687.40306919615, 0.0, 7
618, Client_5, 4.9999536060530145, 253687.40306919615, 0.0, 7
619, Client_5, 4.9999536060530145, 253687.40306919615, 0.0, 7
620, Client_5, 4.9999536060530145, 253687.40306919615, 0.0, 7
621, Client_5, 4.9999536060530145, 253687.40306919615, 0.0, 7
622, Client_5, 4.9999536060530145, 253687.40306919615, 0.0, 7
623, Client_5, 4.9999536060530145, 253687.40306919615, 0.0, 7
624, Client_5, 4.9999536060530145, 253687.40306919615, 0.0, 7
625, Client_5, 4.9999536060530145, 253687.40306919615, 0.0, 7
626, Client_5, 4.9999536060530145, 253687.40306919615, 0.0, 7
627, Client_5, 4.9999536060530145, 253687.40306919615, 0.0, 7
628, Client_5, 4.9999536060530145, 253687.40306919615, 0.0, 7
629, Client_5, 4.9999536060530145, 253687.40306919615, 0.0, 7
630, Client_5, 4.9999536060530145, 253687.40306919615, 0.0, 7
631, Client_5, 4.9999536060530145, 253687.40306919615, 0.0, 7
632, Client_5, 4.9999536060530145, 253687.40306919615, 0.0, 7
633, Client_5, 4.9999536060530145, 253687.40306919615, 0.0, 7
634, Client_5, 4.9999536060530145, 253687.40306919615, 0.0, 7
635, Client_5, 4.9999536060530145, 253687.40306919615, 0.0, 7
636, Client_5, 4.9999536060530145, 253687.40306919615, 0.0, 7
637, Client_5, 4.9999536060530145, 253687.40306919615, 0.0, 7
638, Client_5, 4.9999536060530145, 253687.40306919615, 0.0, 7
639, Client_5, 4.9999536060530145, 253687.40306919615, 0.0, 7
640, Client_5, 4.9999536060530145, 253687.40306919615, 0.0, 7
641, Client_5, 4.9999536060530145, 253687.40306919615, 0.0, 7
642, Client_5, 4.9999536060530145, 253687.40306919615, 0.0, 7
643, Client_5, 4.9999536060530145, 253687.40306919615, 0.0, 7
644, Client_5, 4.9999536060530145, 253687.40306919615, 0.0, 7
645, Client_5, 4.9999536060530145, 253687.40306919615, 0.0, 7
646, Client_5, 4.9999536060530145, 253687.40306919615, 0.0, 7
647, Client_5, 4.9999536060530145, 253687.40306919615, 0.0, 7
648, Client_5, 4.9999536060530145, 253687.40306919615, 0.0, 7
649, Client_5, 4.9999536060530145, 253687.40306919615, 0.0, 7
650, Client_5, 4.9999536060530145, 253687.40306919615, 0.0, 7
651, Client_5, 4.9999536060530145, 253687.40306919615, 0.0, 7
652, Client_5, 4.9999536060530145, 253687.40306919615, 0.0, 7
653, Client_5, 4.9999536060530145, 253687.40306919615, 0.0, 7
654, Client_5, 4.9999536060530145, 253687.40306919615, 0.0, 7
655, Client_5, 4.9999536060530145, 253687.40306919615, 0.0, 7
656, Client_5, 4.9999536060530145, 253687.40306919615, 0.0, 7
657, Client_5, 4.9999536060530145, 253687.40306919615, 0.0, 7
658, Client_5, 4.9999536060530145, 253687.40306919615, 0.0, 7
659, Client_5, 4.9999536060530145, 253687.40306919615, 0.0, 7
660, Client_5, 4.9999536060530145, 253687.40306919615, 0.0, 7
661, Client_5, 4.9999536060530145, 253687.40306919615, 0.0, 7
662, Client_5, 4.9999536060530145, 253687.40306919615, 0.0, 7
663, Client_5, 4.9999536060530145, 253687.40306919615, 0.0, 7
664, Client_5, 4.9999536060530145, 253687.40306919615, 0.0, 7
665, Client_5, 4.9999536060530145, 253687.40306919615, 0.0, 7
666, Client_5, 4.9999536060530145, 253687.40306919615, 0.0, 7
667, Client_5, 4.9999536060530145, 253687.40306919615, 0.0, 7
668, Client_5, 4.9999536060530145, 253687.40306919615, 0.0, 7
669, Client_5, 4.9999536060530145, 253687.40306919615, 0.0, 7
670, Client_5, 4.9999536060530145, 253687.40306919615, 0.0, 7
671, Client_5, 4.9999536060530145, 253687.40306919615, 0.0, 7
672, Client_5, 4.9999536060530145, 253687.40306919615, 0.0, 7
673, Client_5, 4.9999536060530145, 253687.40306919615, 0.0, 7
674, Client_5, 4.9999536060530145, 253687.40306919615, 0.0, 7
675, Client_5, 4.9999536060530145, 253687.40306919615, 0.0, 7
676, Client_5, 4.9999536060530145, 253687.40306919615, 0.0, 7
677, Client_5, 4.9999536060530145, 253687.40306919615, 0.0, 7
678, Client_5, 4.9999536060530145, 253687.40306919615, 0.0, 7
679, Client_5, 4.9999536060530145, 253687.40306919615, 0.0, 7
680, Client_5, 4.9999536060530145, 253687.40306919615, 0.0, 7
681, Client_5, 4.9999536060530145, 253687.40306919615, 0.0, 7
682, Client_5, 4.9999536060530145, 253687.40306919615, 0.0, 7
683, Client_5, 4.9999536060530145, 253687.40306919615, 0.0, 7
684, Client_5, 4.9999536060530145, 253687.40306919615, 0.0, 7
685, Client_5, 4.9999536060530145, 253687.40306919615, 0.0, 7
686, Client_5, 4.9999536060530145, 253687.40306919615, 0.0, 7
687, Client_5, 4.9999536060530145, 253687.40306919615, 0.0, 7
688, Client_5, 4.9999536060530145, 253687.40306919615, 0.0, 7
689, Client_5, 4.9999536060530145, 253687.40306919615, 0.0, 7
690, Client_5, 4.9999536060530145, 253687.40306919615, 0.0, 7
691, Client_5, 4.9999536060530145, 253687.40306919615, 0.0, 7
692, Client_5, 4.9999536060530145, 253687.40306919615, 0.0, 7
693, Client_5, 4.9999536060530145, 253687.40306919615, 0.0, 7
694, Client_5, 4.9999536060530145, 253687.40306919615, 0.0, 7
695, Client_5, 4.9999536060530145, 253687.40306919615, 0.0, 7
696, Client_5, 4.9999536060530145, 253687.40306919615, 0.0, 7
697, Client_5, 4.9999536060530145, 253687.40306919615, 0.0, 7
698, Client_5, 4.9999536060530145, 253687.40306919615, 0.0, 7
699, Client_5, 4.9999536060530145, 253687.40306919615, 0.0, 7
700, Client_5, 4.9999536060530145, 253687.40306919615, 0.0, 7
701, Client_5, 4.9999536060530145, 253687.40306919615, 0.0, 7
702, Client_5, 4.9999536060530145, 253687.40306919615, 0.0, 7
703, Client_5, 4.9999536060530145, 253687.40306919615, 0.0, 7
704, Client_5, 4.9999536060530145, 253687.40306919615, 0.0, 7
705, Client_5, 4.9999536060530145, 253687.40306919615, 0.0, 7
706, Client_5, 4.9999536060530145, 253687.40306919615, 0.0, 7
707, Client_5, 4.9999536060530145, 253687.40306919615, 0.0, 7
708, Client_5, 4.9999536060530145, 253687.40306919615, 0.0, 7
709, Client_5, 4.9999536060530145, 253687.40306919615, 0.0, 7
710, Client_5, 4.9999536060530145, 253687.40306919615, 0.0, 7
711, Client_5, 4.9999536060530145, 253687.40306919615, 0.0, 7
712, Client_5, 4.9999536060530145, 253687.40306919615, 0.0, 7
713, Client_5, 4.9999536060530145, 253687.40306919615, 0.0, 7
714, Client_5, 4.9999536060530145, 253687.40306919615, 0.0, 7
715, Client_5, 4.9999536060530145, 253687.40306919615, 0.0, 7
716, Client_5, 4.9999536060530145, 253687.40306919615, 0.0, 7
717, Client_5, 4.9999536060530145, 253687.40306919615, 0.0, 7
718, Client_5, 4.9999536060530145, 253687.40306919615, 0.0, 7
719, Client_5, 4.9999536060530145, 253687.40306919615, 0.0, 7
