0, Server_00, 4.9999536060530145, 8714.72143752295, 0.0, 7
1, Server_00, 4.9999536060530145, 8714.72143752295, 0.0, 7
2, Server_00, 4.9999536060530145, 8714.72143752295, 0.0, 7
3, Server_00, 4.9999536060530145, 8714.721437522949, 0.0, 7
4, Server_00, 4.9999536060530145, 8714.721437522949, 0.0, 7
5, Server_00, 4.9999536060530145, 8714.721437522952, 0.0, 7
6, Server_00, 4.9999536060530145, 8714.721437522952, 0.0, 7
7, Server_00, 4.9999536060530145, 8714.721437522952, 0.0, 7
8, Server_00, 4.9999536060530145, 8714.721437522952, 0.0, 7
9, Server_00, 4.9999536060530145, 8714.721437522952, 0.0, 7
10, Server_00, 4.9999536060530145, 8714.721437522936, 0.0, 7
11, Server_00, 4.9999536060530145, 8714.721437522936, 0.0, 7
12, Server_00, 4.9999536060530145, 8714.721437522936, 0.0, 7
13, Server_00, 4.9999536060530145, 8714.721437522936, 0.0, 7
14, Server_00, 4.9999536060530145, 8714.721437522936, 0.0, 7
15, Server_00, 4.9999536060530145, 8714.721437522936, 0.0, 7
16, Server_00, 4.9999536060530145, 8714.721437522936, 0.0, 7
17, Server_00, 4.9999536060530145, 8714.721437522936, 0.0, 7
18, Server_00, 4.9999536060530145, 8714.721437522989, 0.0, 7
19, Server_00, 4.9999536060530145, 8714.721437522989, 0.0, 7
20, Server_00, 4.9999536060530145, 8714.721437522989, 0.0, 7
21, Server_00, 4.9999536060530145, 8714.721437522989, 0.0, 7
22, Server_00, 4.9999536060530145, 8714.721437522989, 0.0, 7
23, Server_00, 4.9999536060530145, 8714.721437522989, 0.0, 7
24, Server_00, 4.9999536060530145, 8714.721437522989, 0.0, 7
25, Server_00, 4.9999536060530145, 8714.721437522989, 0.0, 7
26, Server_00, 4.9999536060530145, 8714.721437522989, 0.0, 7
27, Server_00, 4.9999536060530145, 8714.721437522989, 0.0, 7
28, Server_00, 4.9999536060530145, 8714.721437522989, 0.0, 7
29, Server_00, 4.9999536060530145, 8714.721437522989, 0.0, 7
30, Server_00, 4.9999536060530145, 8714.721437522918, 0.0, 7
31, Server_00, 4.9999536060530145, 8714.721437522918, 0.0, 7
32, Server_00, 4.9999536060530145, 8714.721437522918, 0.0, 7
33, Server_00, 4.9999536060530145, 8714.721437522918, 0.0, 7
34, Server_00, 4.9999536060530145, 8714.721437522918, 0.0, 7
35, Server_00, 4.9999536060530145, 8714.721437522918, 0.0, 7
36, Server_00, 4.9999536060530145, 8714.721437522918, 0.0, 7
37, Server_00, 4.9999536060530145, 8714.721437522918, 0.0, 7
38, Server_00, 4.9999536060530145, 8714.721437522918, 0.0, 7
39, Server_00, 4.9999536060530145, 8714.721437522918, 0.0, 7
40, Server_00, 4.9999536060530145, 8714.721437522918, 0.0, 7
41, Server_00, 4.9999536060530145, 8714.721437522918, 0.0, 7
42, Server_00, 4.9999536060530145, 8714.721437522918, 0.0, 7
43, Server_00, 4.9999536060530145, 8714.721437522918, 0.0, 7
44, Server_00, 4.9999536060530145, 8714.721437522918, 0.0, 7
45, Server_00, 4.9999536060530145, 8714.721437522918, 0.0, 7
46, Server_00, 4.9999536060530145, 8714.721437522918, 0.0, 7
47, Server_00, 4.9999536060530145, 8714.721437522918, 0.0, 7
48, Server_00, 4.9999536060530145, 8714.721437522918, 0.0, 7
49, Server_00, 4.9999536060530145, 8714.721437522918, 0.0, 7
50, Server_00, 4.9999536060530145, 8714.721437522918, 0.0, 7
51, Server_00, 4.9999536060530145, 8714.721437522918, 0.0, 7
52, Server_00, 4.9999536060530145, 8714.721437522918, 0.0, 7
53, Server_00, 4.9999536060530145, 8714.721437522918, 0.0, 7
54, Server_00, 4.9999536060530145, 8714.721437522918, 0.0, 7
55, Server_00, 4.9999536060530145, 8714.721437522918, 0.0, 7
56, Server_00, 4.9999536060530145, 8714.721437522989, 0.0, 7
57, Server_00, 4.9999536060530145, 8714.721437522989, 0.0, 7
58, Server_00, 4.9999536060530145, 8714.721437522989, 0.0, 7
59, Server_00, 4.9999536060530145, 8714.721437522989, 0.0, 7
60, Server_00, 4.9999536060530145, 8714.721437522989, 0.0, 7
61, Server_00, 4.9999536060530145, 8714.721437522989, 0.0, 7
62, Server_00, 4.9999536060530145, 8714.721437522989, 0.0, 7
63, Server_00, 4.9999536060530145, 8714.721437522989, 0.0, 7
64, Server_00, 4.9999536060530145, 8714.721437522989, 0.0, 7
65, Server_00, 4.9999536060530145, 8714.721437522989, 0.0, 7
66, Server_00, 4.9999536060530145, 8714.721437522989, 0.0, 7
67, Server_00, 4.9999536060530145, 8714.721437522989, 0.0, 7
68, Server_00, 4.9999536060530145, 8714.721437522989, 0.0, 7
69, Server_00, 4.9999536060530145, 8714.721437522989, 0.0, 7
70, Server_00, 4.9999536060530145, 8714.721437522989, 0.0, 7
71, Server_00, 4.9999536060530145, 8714.721437522989, 0.0, 7
72, Server_00, 4.9999536060530145, 8714.721437522989, 0.0, 7
73, Server_00, 4.9999536060530145, 8714.721437522989, 0.0, 7
74, Server_00, 4.9999536060530145, 8714.721437522989, 0.0, 7
75, Server_00, 4.9999536060530145, 8714.721437522989, 0.0, 7
76, Server_00, 4.9999536060530145, 8714.721437522989, 0.0, 7
77, Server_00, 4.9999536060530145, 8714.721437522989, 0.0, 7
78, Server_00, 4.9999536060530145, 8714.721437522989, 0.0, 7
79, Server_00, 4.9999536060530145, 8714.721437522989, 0.0, 7
80, Server_00, 4.9999536060530145, 8714.721437522989, 0.0, 7
81, Server_00, 4.9999536060530145, 8714.721437522989, 0.0, 7
82, Server_00, 4.9999536060530145, 8714.721437522989, 0.0, 7
83, Server_00, 4.9999536060530145, 8714.721437522989, 0.0, 7
84, Server_00, 4.9999536060530145, 8714.721437522989, 0.0, 7
85, Server_00, 4.9999536060530145, 8714.721437522989, 0.0, 7
86, Server_00, 4.9999536060530145, 8714.721437522989, 0.0, 7
87, Server_00, 4.9999536060530145, 8714.721437522989, 0.0, 7
88, Server_00, 4.9999536060530145, 8714.721437522989, 0.0, 7
89, Server_00, 4.9999536060530145, 8714.721437522989, 0.0, 7
90, Server_00, 4.9999536060530145, 8714.721437522989, 0.0, 7
91, Server_00, 4.9999536060530145, 8714.721437522989, 0.0, 7
92, Server_00, 4.9999536060530145, 8714.721437522989, 0.0, 7
93, Server_00, 4.9999536060530145, 8714.721437522989, 0.0, 7
94, Server_00, 4.9999536060530145, 8714.721437522989, 0.0, 7
95, Server_00, 4.9999536060530145, 8714.721437522989, 0.0, 7
96, Server_00, 4.9999536060530145, 8714.721437522989, 0.0, 7
97, Server_00, 4.9999536060530145, 8714.721437522989, 0.0, 7
98, Server_00, 4.9999536060530145, 8714.721437522989, 0.0, 7
99, Server_00, 4.9999536060530145, 8714.721437522989, 0.0, 7
100, Server_00, 4.9999536060530145, 8714.721437522989, 0.0, 7
101, Server_00, 4.9999536060530145, 8714.721437522989, 0.0, 7
102, Server_00, 4.9999536060530145, 8714.721437522989, 0.0, 7
103, Server_00, 4.9999536060530145, 8714.721437522989, 0.0, 7
104, Server_00, 4.9999536060530145, 8714.721437522989, 0.0, 7
105, Server_00, 4.9999536060530145, 8714.721437522989, 0.0, 7
106, Server_00, 4.9999536060530145, 8714.721437522989, 0.0, 7
107, Server_00, 4.9999536060530145, 8714.721437523132, 0.0, 7
108, Server_00, 4.9999536060530145, 8714.721437523132, 0.0, 7
109, Server_00, 4.9999536060530145, 8714.721437523132, 0.0, 7
110, Server_00, 4.9999536060530145, 8714.721437523132, 0.0, 7
111, Server_00, 4.9999536060530145, 8714.721437523132, 0.0, 7
112, Server_00, 4.9999536060530145, 8714.721437523132, 0.0, 7
113, Server_00, 4.9999536060530145, 8714.721437523132, 0.0, 7
114, Server_00, 4.9999536060530145, 8714.721437523132, 0.0, 7
115, Server_00, 4.9999536060530145, 8714.721437523132, 0.0, 7
116, Server_00, 4.9999536060530145, 8714.721437523132, 0.0, 7
117, Server_00, 4.9999536060530145, 8714.721437523132, 0.0, 7
118, Server_00, 4.9999536060530145, 8714.721437523132, 0.0, 7
119, Server_00, 4.9999536060530145, 8714.721437523132, 0.0, 7
120, Server_00, 4.9999536060530145, 8714.721437523132, 0.0, 7
121, Server_00, 4.9999536060530145, 8714.721437523132, 0.0, 7
122, Server_00, 4.9999536060530145, 8714.721437523132, 0.0, 7
123, Server_00, 4.9999536060530145, 8714.721437523132, 0.0, 7
124, Server_00, 4.9999536060530145, 8714.721437523132, 0.0, 7
125, Server_00, 4.9999536060530145, 8714.721437523132, 0.0, 7
126, Server_00, 4.9999536060530145, 8714.721437523132, 0.0, 7
127, Server_00, 4.9999536060530145, 8714.721437523132, 0.0, 7
128, Server_00, 4.9999536060530145, 8714.721437523132, 0.0, 7
129, Server_00, 4.9999536060530145, 8714.721437523132, 0.0, 7
130, Server_00, 4.9999536060530145, 8714.721437523132, 0.0, 7
131, Server_00, 4.9999536060530145, 8714.721437523132, 0.0, 7
132, Server_00, 4.9999536060530145, 8714.721437523132, 0.0, 7
133, Server_00, 4.9999536060530145, 8714.721437523132, 0.0, 7
134, Server_00, 4.9999536060530145, 8714.721437523132, 0.0, 7
135, Server_00, 4.9999536060530145, 8714.721437523132, 0.0, 7
136, Server_00, 4.9999536060530145, 8714.721437523132, 0.0, 7
137, Server_00, 4.9999536060530145, 8714.721437523132, 0.0, 7
138, Server_00, 4.9999536060530145, 8714.721437523132, 0.0, 7
139, Server_00, 4.9999536060530145, 8714.721437523132, 0.0, 7
140, Server_00, 4.9999536060530145, 8714.721437523132, 0.0, 7
141, Server_00, 4.9999536060530145, 8714.721437523132, 0.0, 7
142, Server_00, 4.9999536060530145, 8714.721437523132, 0.0, 7
143, Server_00, 4.9999536060530145, 8714.721437523132, 0.0, 7
144, Server_00, 4.9999536060530145, 8714.721437523132, 0.0, 7
145, Server_00, 4.9999536060530145, 8714.721437523132, 0.0, 7
146, Server_00, 4.9999536060530145, 8714.721437523132, 0.0, 7
147, Server_00, 4.9999536060530145, 8714.721437523132, 0.0, 7
148, Server_00, 4.9999536060530145, 8714.721437523132, 0.0, 7
149, Server_00, 4.9999536060530145, 8714.721437523132, 0.0, 7
150, Server_00, 4.9999536060530145, 8714.721437523132, 0.0, 7
151, Server_00, 4.9999536060530145, 8714.721437523132, 0.0, 7
152, Server_00, 4.9999536060530145, 8714.721437523132, 0.0, 7
153, Server_00, 4.9999536060530145, 8714.721437523132, 0.0, 7
154, Server_00, 4.9999536060530145, 8714.721437523132, 0.0, 7
155, Server_00, 4.9999536060530145, 8714.721437523132, 0.0, 7
156, Server_00, 4.9999536060530145, 8714.721437523132, 0.0, 7
157, Server_00, 4.9999536060530145, 8714.721437523132, 0.0, 7
158, Server_00, 4.9999536060530145, 8714.721437523132, 0.0, 7
159, Server_00, 4.9999536060530145, 8714.721437523132, 0.0, 7
160, Server_00, 4.9999536060530145, 8714.721437523132, 0.0, 7
161, Server_00, 4.9999536060530145, 8714.721437523132, 0.0, 7
162, Server_00, 4.9999536060530145, 8714.721437523132, 0.0, 7
163, Server_00, 4.9999536060530145, 8714.721437523132, 0.0, 7
164, Server_00, 4.9999536060530145, 8714.721437523132, 0.0, 7
165, Server_00, 4.9999536060530145, 8714.721437523132, 0.0, 7
166, Server_00, 4.9999536060530145, 8714.721437523132, 0.0, 7
167, Server_00, 4.9999536060530145, 8714.721437523132, 0.0, 7
168, Server_00, 4.9999536060530145, 8714.721437523132, 0.0, 7
169, Server_00, 4.9999536060530145, 8714.721437523132, 0.0, 7
170, Server_00, 4.9999536060530145, 8714.721437523132, 0.0, 7
171, Server_00, 4.9999536060530145, 8714.721437523132, 0.0, 7
172, Server_00, 4.9999536060530145, 8714.721437523132, 0.0, 7
173, Server_00, 4.9999536060530145, 8714.721437523132, 0.0, 7
174, Server_00, 4.9999536060530145, 8714.721437523132, 0.0, 7
175, Server_00, 4.9999536060530145, 8714.721437523132, 0.0, 7
176, Server_00, 4.9999536060530145, 8714.721437523132, 0.0, 7
177, Server_00, 4.9999536060530145, 8714.721437523132, 0.0, 7
178, Server_00, 4.9999536060530145, 8714.721437523132, 0.0, 7
179, Server_00, 4.9999536060530145, 8714.721437523132, 0.0, 7
180, Server_00, 4.9999536060530145, 8714.721437523132, 0.0, 7
181, Server_00, 4.9999536060530145, 8714.721437523132, 0.0, 7
182, Server_00, 4.9999536060530145, 8714.721437523132, 0.0, 7
183, Server_00, 4.9999536060530145, 8714.721437523132, 0.0, 7
184, Server_00, 4.9999536060530145, 8714.721437523132, 0.0, 7
185, Server_00, 4.9999536060530145, 8714.721437523132, 0.0, 7
186, Server_00, 4.9999536060530145, 8714.721437523132, 0.0, 7
187, Server_00, 4.9999536060530145, 8714.721437523132, 0.0, 7
188, Server_00, 4.9999536060530145, 8714.721437523132, 0.0, 7
189, Server_00, 4.9999536060530145, 8714.721437523132, 0.0, 7
190, Server_00, 4.9999536060530145, 8714.721437523132, 0.0, 7
191, Server_00, 4.9999536060530145, 8714.721437523132, 0.0, 7
192, Server_00, 4.9999536060530145, 8714.721437523132, 0.0, 7
193, Server_00, 4.9999536060530145, 8714.721437523132, 0.0, 7
194, Server_00, 4.9999536060530145, 8714.721437523132, 0.0, 7
195, Server_00, 4.9999536060530145, 8714.721437523132, 0.0, 7
196, Server_00, 4.9999536060530145, 8714.721437523132, 0.0, 7
197, Server_00, 4.9999536060530145, 8714.721437523132, 0.0, 7
198, Server_00, 4.9999536060530145, 8714.721437523132, 0.0, 7
199, Server_00, 4.9999536060530145, 8714.721437523132, 0.0, 7
200, Server_00, 4.9999536060530145, 8714.721437523132, 0.0, 7
201, Server_00, 4.9999536060530145, 8714.721437523132, 0.0, 7
202, Server_00, 4.9999536060530145, 8714.721437523132, 0.0, 7
203, Server_00, 4.9999536060530145, 8714.721437523132, 0.0, 7
204, Server_00, 4.9999536060530145, 8714.721437523132, 0.0, 7
205, Server_00, 4.9999536060530145, 8714.721437523132, 0.0, 7
206, Server_00, 4.9999536060530145, 8714.721437523132, 0.0, 7
207, Server_00, 4.9999536060530145, 8714.721437523132, 0.0, 7
208, Server_00, 4.9999536060530145, 8714.721437523132, 0.0, 7
209, Server_00, 4.9999536060530145, 8714.721437523132, 0.0, 7
210, Server_00, 4.9999536060530145, 8714.72143752227, 0.0, 7
211, Server_00, 4.9999536060530145, 8714.72143752227, 0.0, 7
212, Server_00, 4.9999536060530145, 8714.72143752227, 0.0, 7
213, Server_00, 4.9999536060530145, 8714.72143752227, 0.0, 7
214, Server_00, 4.9999536060530145, 8714.72143752227, 0.0, 7
215, Server_00, 4.9999536060530145, 8714.72143752227, 0.0, 7
216, Server_00, 4.9999536060530145, 8714.72143752227, 0.0, 7
217, Server_00, 4.9999536060530145, 8714.72143752227, 0.0, 7
218, Server_00, 4.9999536060530145, 8714.72143752227, 0.0, 7
219, Server_00, 4.9999536060530145, 8714.72143752227, 0.0, 7
220, Server_00, 4.9999536060530145, 8714.72143752227, 0.0, 7
221, Server_00, 4.9999536060530145, 8714.72143752227, 0.0, 7
222, Server_00, 4.9999536060530145, 8714.72143752227, 0.0, 7
223, Server_00, 4.9999536060530145, 8714.72143752227, 0.0, 7
224, Server_00, 4.9999536060530145, 8714.72143752227, 0.0, 7
225, Server_00, 4.9999536060530145, 8714.72143752227, 0.0, 7
226, Server_00, 4.9999536060530145, 8714.72143752227, 0.0, 7
227, Server_00, 4.9999536060530145, 8714.72143752227, 0.0, 7
228, Server_00, 4.9999536060530145, 8714.72143752227, 0.0, 7
229, Server_00, 4.9999536060530145, 8714.72143752227, 0.0, 7
230, Server_00, 4.9999536060530145, 8714.72143752227, 0.0, 7
231, Server_00, 4.9999536060530145, 8714.72143752227, 0.0, 7
232, Server_00, 4.9999536060530145, 8714.72143752227, 0.0, 7
233, Server_00, 4.9999536060530145, 8714.72143752227, 0.0, 7
234, Server_00, 4.9999536060530145, 8714.72143752227, 0.0, 7
235, Server_00, 4.9999536060530145, 8714.72143752227, 0.0, 7
236, Server_00, 4.9999536060530145, 8714.72143752227, 0.0, 7
237, Server_00, 4.9999536060530145, 8714.72143752227, 0.0, 7
238, Server_00, 4.9999536060530145, 8714.72143752227, 0.0, 7
239, Server_00, 4.9999536060530145, 8714.72143752227, 0.0, 7
240, Server_00, 4.9999536060530145, 8714.72143752227, 0.0, 7
241, Server_00, 4.9999536060530145, 8714.72143752227, 0.0, 7
242, Server_00, 4.9999536060530145, 8714.72143752227, 0.0, 7
243, Server_00, 4.9999536060530145, 8714.72143752227, 0.0, 7
244, Server_00, 4.9999536060530145, 8714.72143752227, 0.0, 7
245, Server_00, 4.9999536060530145, 8714.72143752227, 0.0, 7
246, Server_00, 4.9999536060530145, 8714.72143752227, 0.0, 7
247, Server_00, 4.9999536060530145, 8714.72143752227, 0.0, 7
248, Server_00, 4.9999536060530145, 8714.72143752227, 0.0, 7
249, Server_00, 4.9999536060530145, 8714.72143752227, 0.0, 7
250, Server_00, 4.9999536060530145, 8714.72143752227, 0.0, 7
251, Server_00, 4.9999536060530145, 8714.72143752227, 0.0, 7
252, Server_00, 4.9999536060530145, 8714.72143752227, 0.0, 7
253, Server_00, 4.9999536060530145, 8714.72143752227, 0.0, 7
254, Server_00, 4.9999536060530145, 8714.72143752227, 0.0, 7
255, Server_00, 4.9999536060530145, 8714.72143752227, 0.0, 7
256, Server_00, 4.9999536060530145, 8714.72143752227, 0.0, 7
257, Server_00, 4.9999536060530145, 8714.72143752227, 0.0, 7
258, Server_00, 4.9999536060530145, 8714.72143752227, 0.0, 7
259, Server_00, 4.9999536060530145, 8714.72143752227, 0.0, 7
260, Server_00, 4.9999536060530145, 8714.72143752227, 0.0, 7
261, Server_00, 4.9999536060530145, 8714.72143752227, 0.0, 7
262, Server_00, 4.9999536060530145, 8714.72143752227, 0.0, 7
263, Server_00, 4.9999536060530145, 8714.72143752227, 0.0, 7
264, Server_00, 4.9999536060530145, 8714.72143752227, 0.0, 7
265, Server_00, 4.9999536060530145, 8714.72143752227, 0.0, 7
266, Server_00, 4.9999536060530145, 8714.72143752227, 0.0, 7
267, Server_00, 4.9999536060530145, 8714.72143752227, 0.0, 7
268, Server_00, 4.9999536060530145, 8714.72143752227, 0.0, 7
269, Server_00, 4.9999536060530145, 8714.72143752227, 0.0, 7
270, Server_00, 4.9999536060530145, 8714.72143752227, 0.0, 7
271, Server_00, 4.9999536060530145, 8714.72143752227, 0.0, 7
272, Server_00, 4.9999536060530145, 8714.72143752227, 0.0, 7
273, Server_00, 4.9999536060530145, 8714.72143752227, 0.0, 7
274, Server_00, 4.9999536060530145, 8714.72143752227, 0.0, 7
275, Server_00, 4.9999536060530145, 8714.72143752227, 0.0, 7
276, Server_00, 4.9999536060530145, 8714.72143752227, 0.0, 7
277, Server_00, 4.9999536060530145, 8714.72143752227, 0.0, 7
278, Server_00, 4.9999536060530145, 8714.72143752227, 0.0, 7
279, Server_00, 4.9999536060530145, 8714.72143752227, 0.0, 7
280, Server_00, 4.9999536060530145, 8714.72143752227, 0.0, 7
281, Server_00, 4.9999536060530145, 8714.72143752227, 0.0, 7
282, Server_00, 4.9999536060530145, 8714.72143752227, 0.0, 7
283, Server_00, 4.9999536060530145, 8714.72143752227, 0.0, 7
284, Server_00, 4.9999536060530145, 8714.72143752227, 0.0, 7
285, Server_00, 4.9999536060530145, 8714.72143752227, 0.0, 7
286, Server_00, 4.9999536060530145, 8714.72143752227, 0.0, 7
287, Server_00, 4.9999536060530145, 8714.72143752227, 0.0, 7
288, Server_00, 4.9999536060530145, 8714.72143752227, 0.0, 7
289, Server_00, 4.9999536060530145, 8714.72143752227, 0.0, 7
290, Server_00, 4.9999536060530145, 8714.72143752227, 0.0, 7
291, Server_00, 4.9999536060530145, 8714.72143752227, 0.0, 7
292, Server_00, 4.9999536060530145, 8714.72143752227, 0.0, 7
293, Server_00, 4.9999536060530145, 8714.72143752227, 0.0, 7
294, Server_00, 4.9999536060530145, 8714.72143752227, 0.0, 7
295, Server_00, 4.9999536060530145, 8714.72143752227, 0.0, 7
296, Server_00, 4.9999536060530145, 8714.72143752227, 0.0, 7
297, Server_00, 4.9999536060530145, 8714.72143752227, 0.0, 7
298, Server_00, 4.9999536060530145, 8714.72143752227, 0.0, 7
299, Server_00, 4.9999536060530145, 8714.72143752227, 0.0, 7
300, Server_00, 4.9999536060530145, 8714.72143752227, 0.0, 7
301, Server_00, 4.9999536060530145, 8714.72143752227, 0.0, 7
302, Server_00, 4.9999536060530145, 8714.72143752227, 0.0, 7
303, Server_00, 4.9999536060530145, 8714.72143752227, 0.0, 7
304, Server_00, 4.9999536060530145, 8714.72143752227, 0.0, 7
305, Server_00, 4.9999536060530145, 8714.72143752227, 0.0, 7
306, Server_00, 4.9999536060530145, 8714.72143752227, 0.0, 7
307, Server_00, 4.9999536060530145, 8714.72143752227, 0.0, 7
308, Server_00, 4.9999536060530145, 8714.72143752227, 0.0, 7
309, Server_00, 4.9999536060530145, 8714.72143752227, 0.0, 7
310, Server_00, 4.9999536060530145, 8714.72143752227, 0.0, 7
311, Server_00, 4.9999536060530145, 8714.72143752227, 0.0, 7
312, Server_00, 4.9999536060530145, 8714.72143752227, 0.0, 7
313, Server_00, 4.9999536060530145, 8714.72143752227, 0.0, 7
314, Server_00, 4.9999536060530145, 8714.72143752227, 0.0, 7
315, Server_00, 4.9999536060530145, 8714.72143752227, 0.0, 7
316, Server_00, 4.9999536060530145, 8714.72143752227, 0.0, 7
317, Server_00, 4.9999536060530145, 8714.72143752227, 0.0, 7
318, Server_00, 4.9999536060530145, 8714.72143752227, 0.0, 7
319, Server_00, 4.9999536060530145, 8714.72143752227, 0.0, 7
320, Server_00, 4.9999536060530145, 8714.72143752227, 0.0, 7
321, Server_00, 4.9999536060530145, 8714.72143752227, 0.0, 7
322, Server_00, 4.9999536060530145, 8714.72143752227, 0.0, 7
323, Server_00, 4.9999536060530145, 8714.72143752227, 0.0, 7
324, Server_00, 4.9999536060530145, 8714.72143752227, 0.0, 7
325, Server_00, 4.9999536060530145, 8714.72143752227, 0.0, 7
326, Server_00, 4.9999536060530145, 8714.72143752227, 0.0, 7
327, Server_00, 4.9999536060530145, 8714.72143752227, 0.0, 7
328, Server_00, 4.9999536060530145, 8714.72143752227, 0.0, 7
329, Server_00, 4.9999536060530145, 8714.72143752227, 0.0, 7
330, Server_00, 4.9999536060530145, 8714.72143752227, 0.0, 7
331, Server_00, 4.9999536060530145, 8714.72143752227, 0.0, 7
332, Server_00, 4.9999536060530145, 8714.72143752227, 0.0, 7
333, Server_00, 4.9999536060530145, 8714.72143752227, 0.0, 7
334, Server_00, 4.9999536060530145, 8714.72143752227, 0.0, 7
335, Server_00, 4.9999536060530145, 8714.72143752227, 0.0, 7
336, Server_00, 4.9999536060530145, 8714.72143752227, 0.0, 7
337, Server_00, 4.9999536060530145, 8714.72143752227, 0.0, 7
338, Server_00, 4.9999536060530145, 8714.72143752227, 0.0, 7
339, Server_00, 4.9999536060530145, 8714.72143752227, 0.0, 7
340, Server_00, 4.9999536060530145, 8714.72143752227, 0.0, 7
341, Server_00, 4.9999536060530145, 8714.72143752227, 0.0, 7
342, Server_00, 4.9999536060530145, 8714.72143752227, 0.0, 7
343, Server_00, 4.9999536060530145, 8714.72143752227, 0.0, 7
344, Server_00, 4.9999536060530145, 8714.72143752227, 0.0, 7
345, Server_00, 4.9999536060530145, 8714.72143752227, 0.0, 7
346, Server_00, 4.9999536060530145, 8714.72143752227, 0.0, 7
347, Server_00, 4.9999536060530145, 8714.72143752227, 0.0, 7
348, Server_00, 4.9999536060530145, 8714.72143752227, 0.0, 7
349, Server_00, 4.9999536060530145, 8714.72143752227, 0.0, 7
350, Server_00, 4.9999536060530145, 8714.72143752227, 0.0, 7
351, Server_00, 4.9999536060530145, 8714.72143752227, 0.0, 7
352, Server_00, 4.9999536060530145, 8714.72143752227, 0.0, 7
353, Server_00, 4.9999536060530145, 8714.72143752227, 0.0, 7
354, Server_00, 4.9999536060530145, 8714.72143752227, 0.0, 7
355, Server_00, 4.9999536060530145, 8714.72143752227, 0.0, 7
356, Server_00, 4.9999536060530145, 8714.72143752227, 0.0, 7
357, Server_00, 4.9999536060530145, 8714.72143752227, 0.0, 7
358, Server_00, 4.9999536060530145, 8714.72143752227, 0.0, 7
359, Server_00, 4.9999536060530145, 8714.72143752227, 0.0, 7
360, Server_00, 4.9999536060530145, 8714.72143752227, 0.0, 7
361, Server_00, 4.9999536060530145, 8714.72143752227, 0.0, 7
362, Server_00, 4.9999536060530145, 8714.72143752227, 0.0, 7
363, Server_00, 4.9999536060530145, 8714.72143752227, 0.0, 7
364, Server_00, 4.9999536060530145, 8714.72143752227, 0.0, 7
365, Server_00, 4.9999536060530145, 8714.72143752227, 0.0, 7
366, Server_00, 4.9999536060530145, 8714.72143752227, 0.0, 7
367, Server_00, 4.9999536060530145, 8714.72143752227, 0.0, 7
368, Server_00, 4.9999536060530145, 8714.72143752227, 0.0, 7
369, Server_00, 4.9999536060530145, 8714.72143752227, 0.0, 7
370, Server_00, 4.9999536060530145, 8714.72143752227, 0.0, 7
371, Server_00, 4.9999536060530145, 8714.72143752227, 0.0, 7
372, Server_00, 4.9999536060530145, 8714.72143752227, 0.0, 7
373, Server_00, 4.9999536060530145, 8714.72143752227, 0.0, 7
374, Server_00, 4.9999536060530145, 8714.72143752227, 0.0, 7
375, Server_00, 4.9999536060530145, 8714.72143752227, 0.0, 7
376, Server_00, 4.9999536060530145, 8714.72143752227, 0.0, 7
377, Server_00, 4.9999536060530145, 8714.72143752227, 0.0, 7
378, Server_00, 4.9999536060530145, 8714.72143752227, 0.0, 7
379, Server_00, 4.9999536060530145, 8714.72143752227, 0.0, 7
380, Server_00, 4.9999536060530145, 8714.72143752227, 0.0, 7
381, Server_00, 4.9999536060530145, 8714.72143752227, 0.0, 7
382, Server_00, 4.9999536060530145, 8714.72143752227, 0.0, 7
383, Server_00, 4.9999536060530145, 8714.72143752227, 0.0, 7
384, Server_00, 4.9999536060530145, 8714.72143752227, 0.0, 7
385, Server_00, 4.9999536060530145, 8714.72143752227, 0.0, 7
386, Server_00, 4.9999536060530145, 8714.72143752227, 0.0, 7
387, Server_00, 4.9999536060530145, 8714.72143752227, 0.0, 7
388, Server_00, 4.9999536060530145, 8714.72143752227, 0.0, 7
389, Server_00, 4.9999536060530145, 8714.72143752227, 0.0, 7
390, Server_00, 4.9999536060530145, 8714.72143752227, 0.0, 7
391, Server_00, 4.9999536060530145, 8714.72143752227, 0.0, 7
392, Server_00, 4.9999536060530145, 8714.72143752227, 0.0, 7
393, Server_00, 4.9999536060530145, 8714.72143752227, 0.0, 7
394, Server_00, 4.9999536060530145, 8714.72143752227, 0.0, 7
395, Server_00, 4.9999536060530145, 8714.72143752227, 0.0, 7
396, Server_00, 4.9999536060530145, 8714.72143752227, 0.0, 7
397, Server_00, 4.9999536060530145, 8714.72143752227, 0.0, 7
398, Server_00, 4.9999536060530145, 8714.72143752227, 0.0, 7
399, Server_00, 4.9999536060530145, 8714.72143752227, 0.0, 7
400, Server_00, 4.9999536060530145, 8714.72143752227, 0.0, 7
401, Server_00, 4.9999536060530145, 8714.72143752227, 0.0, 7
402, Server_00, 4.9999536060530145, 8714.72143752227, 0.0, 7
403, Server_00, 4.9999536060530145, 8714.72143752227, 0.0, 7
404, Server_00, 4.9999536060530145, 8714.72143752227, 0.0, 7
405, Server_00, 4.9999536060530145, 8714.72143752227, 0.0, 7
406, Server_00, 4.9999536060530145, 8714.72143752227, 0.0, 7
407, Server_00, 4.9999536060530145, 8714.72143752227, 0.0, 7
408, Server_00, 4.9999536060530145, 8714.72143752227, 0.0, 7
409, Server_00, 4.9999536060530145, 8714.72143752227, 0.0, 7
410, Server_00, 4.9999536060530145, 8714.72143752227, 0.0, 7
411, Server_00, 4.9999536060530145, 8714.72143752227, 0.0, 7
412, Server_00, 4.9999536060530145, 8714.72143752227, 0.0, 7
413, Server_00, 4.9999536060530145, 8714.72143752227, 0.0, 7
414, Server_00, 4.9999536060530145, 8714.72143752227, 0.0, 7
415, Server_00, 4.9999536060530145, 8714.721437523422, 0.0, 7
416, Server_00, 4.9999536060530145, 8714.721437523422, 0.0, 7
417, Server_00, 4.9999536060530145, 8714.721437523422, 0.0, 7
418, Server_00, 4.9999536060530145, 8714.721437523422, 0.0, 7
419, Server_00, 4.9999536060530145, 8714.721437523422, 0.0, 7
420, Server_00, 4.9999536060530145, 8714.721437523422, 0.0, 7
421, Server_00, 4.9999536060530145, 8714.721437523422, 0.0, 7
422, Server_00, 4.9999536060530145, 8714.721437523422, 0.0, 7
423, Server_00, 4.9999536060530145, 8714.721437523422, 0.0, 7
424, Server_00, 4.9999536060530145, 8714.721437523422, 0.0, 7
425, Server_00, 4.9999536060530145, 8714.721437523422, 0.0, 7
426, Server_00, 4.9999536060530145, 8714.721437523422, 0.0, 7
427, Server_00, 4.9999536060530145, 8714.721437523422, 0.0, 7
428, Server_00, 4.9999536060530145, 8714.721437523422, 0.0, 7
429, Server_00, 4.9999536060530145, 8714.721437523422, 0.0, 7
430, Server_00, 4.9999536060530145, 8714.721437523422, 0.0, 7
431, Server_00, 4.9999536060530145, 8714.721437523422, 0.0, 7
432, Server_00, 4.9999536060530145, 8714.721437523422, 0.0, 7
433, Server_00, 4.9999536060530145, 8714.721437523422, 0.0, 7
434, Server_00, 4.9999536060530145, 8714.721437523422, 0.0, 7
435, Server_00, 4.9999536060530145, 8714.721437523422, 0.0, 7
436, Server_00, 4.9999536060530145, 8714.721437523422, 0.0, 7
437, Server_00, 4.9999536060530145, 8714.721437523422, 0.0, 7
438, Server_00, 4.9999536060530145, 8714.721437523422, 0.0, 7
439, Server_00, 4.9999536060530145, 8714.721437523422, 0.0, 7
440, Server_00, 4.9999536060530145, 8714.721437523422, 0.0, 7
441, Server_00, 4.9999536060530145, 8714.721437523422, 0.0, 7
442, Server_00, 4.9999536060530145, 8714.721437523422, 0.0, 7
443, Server_00, 4.9999536060530145, 8714.721437523422, 0.0, 7
444, Server_00, 4.9999536060530145, 8714.721437523422, 0.0, 7
445, Server_00, 4.9999536060530145, 8714.721437523422, 0.0, 7
446, Server_00, 4.9999536060530145, 8714.721437523422, 0.0, 7
447, Server_00, 4.9999536060530145, 8714.721437523422, 0.0, 7
448, Server_00, 4.9999536060530145, 8714.721437523422, 0.0, 7
449, Server_00, 4.9999536060530145, 8714.721437523422, 0.0, 7
450, Server_00, 4.9999536060530145, 8714.721437523422, 0.0, 7
451, Server_00, 4.9999536060530145, 8714.721437523422, 0.0, 7
452, Server_00, 4.9999536060530145, 8714.721437523422, 0.0, 7
453, Server_00, 4.9999536060530145, 8714.721437523422, 0.0, 7
454, Server_00, 4.9999536060530145, 8714.721437523422, 0.0, 7
455, Server_00, 4.9999536060530145, 8714.721437523422, 0.0, 7
456, Server_00, 4.9999536060530145, 8714.721437523422, 0.0, 7
457, Server_00, 4.9999536060530145, 8714.721437523422, 0.0, 7
458, Server_00, 4.9999536060530145, 8714.721437523422, 0.0, 7
459, Server_00, 4.9999536060530145, 8714.721437523422, 0.0, 7
460, Server_00, 4.9999536060530145, 8714.721437523422, 0.0, 7
461, Server_00, 4.9999536060530145, 8714.721437523422, 0.0, 7
462, Server_00, 4.9999536060530145, 8714.721437523422, 0.0, 7
463, Server_00, 4.9999536060530145, 8714.721437523422, 0.0, 7
464, Server_00, 4.9999536060530145, 8714.721437523422, 0.0, 7
465, Server_00, 4.9999536060530145, 8714.721437523422, 0.0, 7
466, Server_00, 4.9999536060530145, 8714.721437523422, 0.0, 7
467, Server_00, 4.9999536060530145, 8714.721437523422, 0.0, 7
468, Server_00, 4.9999536060530145, 8714.721437523422, 0.0, 7
469, Server_00, 4.9999536060530145, 8714.721437523422, 0.0, 7
470, Server_00, 4.9999536060530145, 8714.721437523422, 0.0, 7
471, Server_00, 4.9999536060530145, 8714.721437523422, 0.0, 7
472, Server_00, 4.9999536060530145, 8714.721437523422, 0.0, 7
473, Server_00, 4.9999536060530145, 8714.721437523422, 0.0, 7
474, Server_00, 4.9999536060530145, 8714.721437523422, 0.0, 7
475, Server_00, 4.9999536060530145, 8714.721437523422, 0.0, 7
476, Server_00, 4.9999536060530145, 8714.721437523422, 0.0, 7
477, Server_00, 4.9999536060530145, 8714.721437523422, 0.0, 7
478, Server_00, 4.9999536060530145, 8714.721437523422, 0.0, 7
479, Server_00, 4.9999536060530145, 8714.721437523422, 0.0, 7
480, Server_00, 4.9999536060530145, 8714.721437523422, 0.0, 7
481, Server_00, 4.9999536060530145, 8714.721437523422, 0.0, 7
482, Server_00, 4.9999536060530145, 8714.721437523422, 0.0, 7
483, Server_00, 4.9999536060530145, 8714.721437523422, 0.0, 7
484, Server_00, 4.9999536060530145, 8714.721437523422, 0.0, 7
485, Server_00, 4.9999536060530145, 8714.721437523422, 0.0, 7
486, Server_00, 4.9999536060530145, 8714.721437523422, 0.0, 7
487, Server_00, 4.9999536060530145, 8714.721437523422, 0.0, 7
488, Server_00, 4.9999536060530145, 8714.721437523422, 0.0, 7
489, Server_00, 4.9999536060530145, 8714.721437523422, 0.0, 7
490, Server_00, 4.9999536060530145, 8714.721437523422, 0.0, 7
491, Server_00, 4.9999536060530145, 8714.721437523422, 0.0, 7
492, Server_00, 4.9999536060530145, 8714.721437523422, 0.0, 7
493, Server_00, 4.9999536060530145, 8714.721437523422, 0.0, 7
494, Server_00, 4.9999536060530145, 8714.721437523422, 0.0, 7
495, Server_00, 4.9999536060530145, 8714.721437523422, 0.0, 7
496, Server_00, 4.9999536060530145, 8714.721437523422, 0.0, 7
497, Server_00, 4.9999536060530145, 8714.721437523422, 0.0, 7
498, Server_00, 4.9999536060530145, 8714.721437523422, 0.0, 7
499, Server_00, 4.9999536060530145, 8714.721437523422, 0.0, 7
500, Server_00, 4.9999536060530145, 8714.721437523422, 0.0, 7
501, Server_00, 4.9999536060530145, 8714.721437523422, 0.0, 7
502, Server_00, 4.9999536060530145, 8714.721437523422, 0.0, 7
503, Server_00, 4.9999536060530145, 8714.721437523422, 0.0, 7
504, Server_00, 4.9999536060530145, 8714.721437523422, 0.0, 7
505, Server_00, 4.9999536060530145, 8714.721437523422, 0.0, 7
506, Server_00, 4.9999536060530145, 8714.721437523422, 0.0, 7
507, Server_00, 4.9999536060530145, 8714.721437523422, 0.0, 7
508, Server_00, 4.9999536060530145, 8714.721437523422, 0.0, 7
509, Server_00, 4.9999536060530145, 8714.721437523422, 0.0, 7
510, Server_00, 4.9999536060530145, 8714.721437523422, 0.0, 7
511, Server_00, 4.9999536060530145, 8714.721437523422, 0.0, 7
512, Server_00, 4.9999536060530145, 8714.721437523422, 0.0, 7
513, Server_00, 4.9999536060530145, 8714.721437523422, 0.0, 7
514, Server_00, 4.9999536060530145, 8714.721437523422, 0.0, 7
515, Server_00, 4.9999536060530145, 8714.721437523422, 0.0, 7
516, Server_00, 4.9999536060530145, 8714.721437523422, 0.0, 7
517, Server_00, 4.9999536060530145, 8714.721437523422, 0.0, 7
518, Server_00, 4.9999536060530145, 8714.721437523422, 0.0, 7
519, Server_00, 4.9999536060530145, 8714.721437523422, 0.0, 7
520, Server_00, 4.9999536060530145, 8714.721437523422, 0.0, 7
521, Server_00, 4.9999536060530145, 8714.721437523422, 0.0, 7
522, Server_00, 4.9999536060530145, 8714.721437523422, 0.0, 7
523, Server_00, 4.9999536060530145, 8714.721437523422, 0.0, 7
524, Server_00, 4.9999536060530145, 8714.721437523422, 0.0, 7
525, Server_00, 4.9999536060530145, 8714.721437523422, 0.0, 7
526, Server_00, 4.9999536060530145, 8714.721437523422, 0.0, 7
527, Server_00, 4.9999536060530145, 8714.721437523422, 0.0, 7
528, Server_00, 4.9999536060530145, 8714.721437523422, 0.0, 7
529, Server_00, 4.9999536060530145, 8714.721437523422, 0.0, 7
530, Server_00, 4.9999536060530145, 8714.721437523422, 0.0, 7
531, Server_00, 4.9999536060530145, 8714.721437523422, 0.0, 7
532, Server_00, 4.9999536060530145, 8714.721437523422, 0.0, 7
533, Server_00, 4.9999536060530145, 8714.721437523422, 0.0, 7
534, Server_00, 4.9999536060530145, 8714.721437523422, 0.0, 7
535, Server_00, 4.9999536060530145, 8714.721437523422, 0.0, 7
536, Server_00, 4.9999536060530145, 8714.721437523422, 0.0, 7
537, Server_00, 4.9999536060530145, 8714.721437523422, 0.0, 7
538, Server_00, 4.9999536060530145, 8714.721437523422, 0.0, 7
539, Server_00, 4.9999536060530145, 8714.721437523422, 0.0, 7
540, Server_00, 4.9999536060530145, 8714.721437523422, 0.0, 7
541, Server_00, 4.9999536060530145, 8714.721437523422, 0.0, 7
542, Server_00, 4.9999536060530145, 8714.721437523422, 0.0, 7
543, Server_00, 4.9999536060530145, 8714.721437523422, 0.0, 7
544, Server_00, 4.9999536060530145, 8714.721437523422, 0.0, 7
545, Server_00, 4.9999536060530145, 8714.721437523422, 0.0, 7
546, Server_00, 4.9999536060530145, 8714.721437523422, 0.0, 7
547, Server_00, 4.9999536060530145, 8714.721437523422, 0.0, 7
548, Server_00, 4.9999536060530145, 8714.721437523422, 0.0, 7
549, Server_00, 4.9999536060530145, 8714.721437523422, 0.0, 7
550, Server_00, 4.9999536060530145, 8714.721437523422, 0.0, 7
551, Server_00, 4.9999536060530145, 8714.721437523422, 0.0, 7
552, Server_00, 4.9999536060530145, 8714.721437523422, 0.0, 7
553, Server_00, 4.9999536060530145, 8714.721437523422, 0.0, 7
554, Server_00, 4.9999536060530145, 8714.721437523422, 0.0, 7
555, Server_00, 4.9999536060530145, 8714.721437523422, 0.0, 7
556, Server_00, 4.9999536060530145, 8714.721437523422, 0.0, 7
557, Server_00, 4.9999536060530145, 8714.721437523422, 0.0, 7
558, Server_00, 4.9999536060530145, 8714.721437523422, 0.0, 7
559, Server_00, 4.9999536060530145, 8714.721437523422, 0.0, 7
560, Server_00, 4.9999536060530145, 8714.721437523422, 0.0, 7
561, Server_00, 4.9999536060530145, 8714.721437523422, 0.0, 7
562, Server_00, 4.9999536060530145, 8714.721437523422, 0.0, 7
563, Server_00, 4.9999536060530145, 8714.721437523422, 0.0, 7
564, Server_00, 4.9999536060530145, 8714.721437523422, 0.0, 7
565, Server_00, 4.9999536060530145, 8714.721437523422, 0.0, 7
566, Server_00, 4.9999536060530145, 8714.721437523422, 0.0, 7
567, Server_00, 4.9999536060530145, 8714.721437523422, 0.0, 7
568, Server_00, 4.9999536060530145, 8714.721437523422, 0.0, 7
569, Server_00, 4.9999536060530145, 8714.721437523422, 0.0, 7
570, Server_00, 4.9999536060530145, 8714.721437523422, 0.0, 7
571, Server_00, 4.9999536060530145, 8714.721437523422, 0.0, 7
572, Server_00, 4.9999536060530145, 8714.721437523422, 0.0, 7
573, Server_00, 4.9999536060530145, 8714.721437523422, 0.0, 7
574, Server_00, 4.9999536060530145, 8714.721437523422, 0.0, 7
575, Server_00, 4.9999536060530145, 8714.721437523422, 0.0, 7
576, Server_00, 4.9999536060530145, 8714.721437523422, 0.0, 7
577, Server_00, 4.9999536060530145, 8714.721437523422, 0.0, 7
578, Server_00, 4.9999536060530145, 8714.721437523422, 0.0, 7
579, Server_00, 4.9999536060530145, 8714.721437523422, 0.0, 7
580, Server_00, 4.9999536060530145, 8714.721437523422, 0.0, 7
581, Server_00, 4.9999536060530145, 8714.721437523422, 0.0, 7
582, Server_00, 4.9999536060530145, 8714.721437523422, 0.0, 7
583, Server_00, 4.9999536060530145, 8714.721437523422, 0.0, 7
584, Server_00, 4.9999536060530145, 8714.721437523422, 0.0, 7
585, Server_00, 4.9999536060530145, 8714.721437523422, 0.0, 7
586, Server_00, 4.9999536060530145, 8714.721437523422, 0.0, 7
587, Server_00, 4.9999536060530145, 8714.721437523422, 0.0, 7
588, Server_00, 4.9999536060530145, 8714.721437523422, 0.0, 7
589, Server_00, 4.9999536060530145, 8714.721437523422, 0.0, 7
590, Server_00, 4.9999536060530145, 8714.721437523422, 0.0, 7
591, Server_00, 4.9999536060530145, 8714.721437523422, 0.0, 7
592, Server_00, 4.9999536060530145, 8714.721437523422, 0.0, 7
593, Server_00, 4.9999536060530145, 8714.721437523422, 0.0, 7
594, Server_00, 4.9999536060530145, 8714.721437523422, 0.0, 7
595, Server_00, 4.9999536060530145, 8714.721437523422, 0.0, 7
596, Server_00, 4.9999536060530145, 8714.721437523422, 0.0, 7
597, Server_00, 4.9999536060530145, 8714.721437523422, 0.0, 7
598, Server_00, 4.9999536060530145, 8714.721437523422, 0.0, 7
599, Server_00, 4.9999536060530145, 8714.721437523422, 0.0, 7
600, Server_00, 4.9999536060530145, 8714.721437523422, 0.0, 7
601, Server_00, 4.9999536060530145, 8714.721437523422, 0.0, 7
602, Server_00, 4.9999536060530145, 8714.721437523422, 0.0, 7
603, Server_00, 4.9999536060530145, 8714.721437523422, 0.0, 7
604, Server_00, 4.9999536060530145, 8714.721437523422, 0.0, 7
605, Server_00, 4.9999536060530145, 8714.721437523422, 0.0, 7
606, Server_00, 4.9999536060530145, 8714.721437523422, 0.0, 7
607, Server_00, 4.9999536060530145, 8714.721437523422, 0.0, 7
608, Server_00, 4.9999536060530145, 8714.721437523422, 0.0, 7
609, Server_00, 4.9999536060530145, 8714.721437523422, 0.0, 7
610, Server_00, 4.9999536060530145, 8714.721437523422, 0.0, 7
611, Server_00, 4.9999536060530145, 8714.721437523422, 0.0, 7
612, Server_00, 4.9999536060530145, 8714.721437523422, 0.0, 7
613, Server_00, 4.9999536060530145, 8714.721437523422, 0.0, 7
614, Server_00, 4.9999536060530145, 8714.721437523422, 0.0, 7
615, Server_00, 4.9999536060530145, 8714.721437523422, 0.0, 7
616, Server_00, 4.9999536060530145, 8714.721437523422, 0.0, 7
617, Server_00, 4.9999536060530145, 8714.721437523422, 0.0, 7
618, Server_00, 4.9999536060530145, 8714.721437523422, 0.0, 7
619, Server_00, 4.9999536060530145, 8714.721437523422, 0.0, 7
620, Server_00, 4.9999536060530145, 8714.721437523422, 0.0, 7
621, Server_00, 4.9999536060530145, 8714.721437523422, 0.0, 7
622, Server_00, 4.9999536060530145, 8714.721437523422, 0.0, 7
623, Server_00, 4.9999536060530145, 8714.721437523422, 0.0, 7
624, Server_00, 4.9999536060530145, 8714.721437523422, 0.0, 7
625, Server_00, 4.9999536060530145, 8714.721437523422, 0.0, 7
626, Server_00, 4.9999536060530145, 8714.721437523422, 0.0, 7
627, Server_00, 4.9999536060530145, 8714.721437523422, 0.0, 7
628, Server_00, 4.9999536060530145, 8714.721437523422, 0.0, 7
629, Server_00, 4.9999536060530145, 8714.721437523422, 0.0, 7
630, Server_00, 4.9999536060530145, 8714.721437523422, 0.0, 7
631, Server_00, 4.9999536060530145, 8714.721437523422, 0.0, 7
632, Server_00, 4.9999536060530145, 8714.721437523422, 0.0, 7
633, Server_00, 4.9999536060530145, 8714.721437523422, 0.0, 7
634, Server_00, 4.9999536060530145, 8714.721437523422, 0.0, 7
635, Server_00, 4.9999536060530145, 8714.721437523422, 0.0, 7
636, Server_00, 4.9999536060530145, 8714.721437523422, 0.0, 7
637, Server_00, 4.9999536060530145, 8714.721437523422, 0.0, 7
638, Server_00, 4.9999536060530145, 8714.721437523422, 0.0, 7
639, Server_00, 4.9999536060530145, 8714.721437523422, 0.0, 7
640, Server_00, 4.9999536060530145, 8714.721437523422, 0.0, 7
641, Server_00, 4.9999536060530145, 8714.721437523422, 0.0, 7
642, Server_00, 4.9999536060530145, 8714.721437523422, 0.0, 7
643, Server_00, 4.9999536060530145, 8714.721437523422, 0.0, 7
644, Server_00, 4.9999536060530145, 8714.721437523422, 0.0, 7
645, Server_00, 4.9999536060530145, 8714.721437523422, 0.0, 7
646, Server_00, 4.9999536060530145, 8714.721437523422, 0.0, 7
647, Server_00, 4.9999536060530145, 8714.721437523422, 0.0, 7
648, Server_00, 4.9999536060530145, 8714.721437523422, 0.0, 7
649, Server_00, 4.9999536060530145, 8714.721437523422, 0.0, 7
650, Server_00, 4.9999536060530145, 8714.721437523422, 0.0, 7
651, Server_00, 4.9999536060530145, 8714.721437523422, 0.0, 7
652, Server_00, 4.9999536060530145, 8714.721437523422, 0.0, 7
653, Server_00, 4.9999536060530145, 8714.721437523422, 0.0, 7
654, Server_00, 4.9999536060530145, 8714.721437523422, 0.0, 7
655, Server_00, 4.9999536060530145, 8714.721437523422, 0.0, 7
656, Server_00, 4.9999536060530145, 8714.721437523422, 0.0, 7
657, Server_00, 4.9999536060530145, 8714.721437523422, 0.0, 7
658, Server_00, 4.9999536060530145, 8714.721437523422, 0.0, 7
659, Server_00, 4.9999536060530145, 8714.721437523422, 0.0, 7
660, Server_00, 4.9999536060530145, 8714.721437523422, 0.0, 7
661, Server_00, 4.9999536060530145, 8714.721437523422, 0.0, 7
662, Server_00, 4.9999536060530145, 8714.721437523422, 0.0, 7
663, Server_00, 4.9999536060530145, 8714.721437523422, 0.0, 7
664, Server_00, 4.9999536060530145, 8714.721437523422, 0.0, 7
665, Server_00, 4.9999536060530145, 8714.721437523422, 0.0, 7
666, Server_00, 4.9999536060530145, 8714.721437523422, 0.0, 7
667, Server_00, 4.9999536060530145, 8714.721437523422, 0.0, 7
668, Server_00, 4.9999536060530145, 8714.721437523422, 0.0, 7
669, Server_00, 4.9999536060530145, 8714.721437523422, 0.0, 7
670, Server_00, 4.9999536060530145, 8714.721437523422, 0.0, 7
671, Server_00, 4.9999536060530145, 8714.721437523422, 0.0, 7
672, Server_00, 4.9999536060530145, 8714.721437523422, 0.0, 7
673, Server_00, 4.9999536060530145, 8714.721437523422, 0.0, 7
674, Server_00, 4.9999536060530145, 8714.721437523422, 0.0, 7
675, Server_00, 4.9999536060530145, 8714.721437523422, 0.0, 7
676, Server_00, 4.9999536060530145, 8714.721437523422, 0.0, 7
677, Server_00, 4.9999536060530145, 8714.721437523422, 0.0, 7
678, Server_00, 4.9999536060530145, 8714.721437523422, 0.0, 7
679, Server_00, 4.9999536060530145, 8714.721437523422, 0.0, 7
680, Server_00, 4.9999536060530145, 8714.721437523422, 0.0, 7
681, Server_00, 4.9999536060530145, 8714.721437523422, 0.0, 7
682, Server_00, 4.9999536060530145, 8714.721437523422, 0.0, 7
683, Server_00, 4.9999536060530145, 8714.721437523422, 0.0, 7
684, Server_00, 4.9999536060530145, 8714.721437523422, 0.0, 7
685, Server_00, 4.9999536060530145, 8714.721437523422, 0.0, 7
686, Server_00, 4.9999536060530145, 8714.721437523422, 0.0, 7
687, Server_00, 4.9999536060530145, 8714.721437523422, 0.0, 7
688, Server_00, 4.9999536060530145, 8714.721437523422, 0.0, 7
689, Server_00, 4.9999536060530145, 8714.721437523422, 0.0, 7
690, Server_00, 4.9999536060530145, 8714.721437523422, 0.0, 7
691, Server_00, 4.9999536060530145, 8714.721437523422, 0.0, 7
692, Server_00, 4.9999536060530145, 8714.721437523422, 0.0, 7
693, Server_00, 4.9999536060530145, 8714.721437523422, 0.0, 7
694, Server_00, 4.9999536060530145, 8714.721437523422, 0.0, 7
695, Server_00, 4.9999536060530145, 8714.721437523422, 0.0, 7
696, Server_00, 4.9999536060530145, 8714.721437523422, 0.0, 7
697, Server_00, 4.9999536060530145, 8714.721437523422, 0.0, 7
698, Server_00, 4.9999536060530145, 8714.721437523422, 0.0, 7
699, Server_00, 4.9999536060530145, 8714.721437523422, 0.0, 7
700, Server_00, 4.9999536060530145, 8714.721437523422, 0.0, 7
701, Server_00, 4.9999536060530145, 8714.721437523422, 0.0, 7
702, Server_00, 4.9999536060530145, 8714.721437523422, 0.0, 7
703, Server_00, 4.9999536060530145, 8714.721437523422, 0.0, 7
704, Server_00, 4.9999536060530145, 8714.721437523422, 0.0, 7
705, Server_00, 4.9999536060530145, 8714.721437523422, 0.0, 7
706, Server_00, 4.9999536060530145, 8714.721437523422, 0.0, 7
707, Server_00, 4.9999536060530145, 8714.721437523422, 0.0, 7
708, Server_00, 4.9999536060530145, 8714.721437523422, 0.0, 7
709, Server_00, 4.9999536060530145, 8714.721437523422, 0.0, 7
710, Server_00, 4.9999536060530145, 8714.721437523422, 0.0, 7
711, Server_00, 4.9999536060530145, 8714.721437523422, 0.0, 7
712, Server_00, 4.9999536060530145, 8714.721437523422, 0.0, 7
713, Server_00, 4.9999536060530145, 8714.721437523422, 0.0, 7
714, Server_00, 4.9999536060530145, 8714.721437523422, 0.0, 7
715, Server_00, 4.9999536060530145, 8714.721437523422, 0.0, 7
716, Server_00, 4.9999536060530145, 8714.721437523422, 0.0, 7
717, Server_00, 4.9999536060530145, 8714.721437523422, 0.0, 7
718, Server_00, 4.9999536060530145, 8714.721437523422, 0.0, 7
719, Server_00, 4.9999536060530145, 8714.721437523422, 0.0, 7
