209.31442629256262, Client_0603, 1.956352E7
210.76570804319033, Client_0711, 1.956352E7
212.85021691111933, Client_0603, 3.072E7
214.30149866174705, Client_0711, 2048000.0
217.5936677358616, Client_0603, 3.072E7
219.1866152326622, Client_0621, 1.956352E7
222.33711856060387, Client_0603, 3.072E7
223.04616356060387, Client_0621, 2048000.0
224.60365142628987, Client_0744, 1.956352E7
227.08056938534614, Client_0603, 3.072E7
228.1394420448466, Client_0744, 2048000.0
231.8240202100884, Client_0603, 3.072E7
236.56747103483067, Client_0603, 3.072E7
241.31092185957294, Client_0603, 3.072E7
245.0790615329822, Client_0772, 2048000.0
245.7881065329822, Client_0602, 1.956352E7
246.4971515329822, Client_0240, 1.956352E7
247.2061965329822, Client_0603, 3.072E7
249.32389715153892, Client_0602, 3.072E7
250.03294215153892, Client_0240, 2048000.0
251.94964735772447, Client_0603, 3.072E7
254.06734797628118, Client_0602, 3.072E7
256.6930981824667, Client_0603, 3.072E7
258.8107974736151, Client_0602, 3.072E7
261.436549007209, Client_0603, 3.072E7
263.5542482983574, Client_0602, 3.072E7
264.7824680225782, Client_0456, 1.956352E7
266.1799998319513, Client_0603, 3.072E7
266.8890448319513, Client_0543, 1.956352E7
268.2976991230997, Client_0602, 3.072E7
269.0067441230997, Client_0456, 2048000.0
270.4248341230997, Client_0543, 2048000.0
271.1338791230997, Client_0456, 7930880.0
271.8429241230997, Client_0603, 3.072E7
273.041149947842, Client_0602, 3.072E7
276.586374947842, Client_0603, 3.072E7
277.78460077258427, Client_0602, 3.072E7
281.3298257725843, Client_0603, 3.072E7
282.52805159732657, Client_0602, 3.072E7
286.0732765973266, Client_0603, 3.072E7
287.27150242206886, Client_0602, 3.072E7
290.8167274220689, Client_0603, 3.072E7
292.01495324681116, Client_0602, 3.072E7
293.22664245730226, Client_0326, 1.956352E7
295.1805426410098, Client_0547, 2048000.0
295.8895876410098, Client_0603, 3.072E7
296.59863264100983, Client_0444, 2048000.0
297.30767764100983, Client_0602, 3.072E7
298.01672264100984, Client_0326, 2048000.0
300.6330384657521, Client_0603, 3.072E7
302.05112846575213, Client_0602, 3.072E7
305.3764892904944, Client_0603, 3.072E7
306.7945792904944, Client_0602, 3.072E7
308.33135663469216, Client_0322, 1.956352E7
310.1199401152367, Client_0603, 3.072E7
311.5380301152367, Client_0602, 3.072E7
312.2470751152367, Client_0322, 2048000.0
314.863390939979, Client_0603, 3.072E7
316.281480939979, Client_0602, 3.072E7
319.6068417647213, Client_0603, 3.072E7
320.3158867647213, Client_0711, 2048000.0
321.0249317647213, Client_0602, 3.072E7
321.9556674863708, Client_0711, 7930880.0
324.23225480595846, Client_0711, 1.956352E7
324.94129980595847, Client_0603, 3.072E7
325.7683825894636, Client_0602, 3.072E7
327.76804542451515, Client_0711, 3.072E7
329.68475063070076, Client_0603, 3.072E7
330.5118334142059, Client_0602, 3.072E7
332.5114962492574, Client_0711, 3.072E7
334.42820145544306, Client_0603, 3.072E7
335.2552842389482, Client_0602, 3.072E7
337.0579733837112, Client_0171, 1.956352E7
337.7670183837112, Client_0711, 3.072E7
338.4760633837112, Client_0575, 1.956352E7
339.1851083837112, Client_0603, 3.072E7
339.9987350636905, Client_0602, 3.072E7
340.7077800636905, Client_0171, 2048000.0
341.4168250636905, Client_0161, 1.956352E7
342.1258700636905, Client_0575, 2048000.0
342.8349150636905, Client_0212, 1.956352E7
343.5439600636905, Client_0075, 1.956352E7
344.2530050636905, Client_0711, 3.072E7
344.9620500636905, Client_0037, 1.956352E7
345.67109506369053, Client_0575, 7930880.0
346.38014006369053, Client_0603, 3.072E7
347.08918506369054, Client_0602, 3.072E7
347.79823006369054, Client_0161, 2048000.0
348.50727506369054, Client_0212, 2048000.0
349.21632006369055, Client_0075, 2048000.0
349.92536506369055, Client_0037, 2048000.0
350.63441006369055, Client_0711, 3.072E7
351.34345506369056, Client_0603, 3.072E7
352.05250006369056, Client_0602, 3.072E7
355.3778608884328, Client_0711, 3.072E7
356.0869058884328, Client_0603, 3.072E7
356.7959508884328, Client_0602, 3.072E7
360.1213117131751, Client_0711, 3.072E7
360.8303567131751, Client_0603, 3.072E7
361.5394017131751, Client_0602, 3.072E7
364.8647625379174, Client_0711, 3.072E7
365.5738075379174, Client_0603, 3.072E7
366.2828525379174, Client_0602, 3.072E7
369.6082133626597, Client_0711, 3.072E7
370.3172583626597, Client_0603, 3.072E7
371.0263033626597, Client_0602, 3.072E7
374.351664187402, Client_0711, 3.072E7
375.060709187402, Client_0603, 3.072E7
375.769754187402, Client_0602, 3.072E7
379.0951150121443, Client_0711, 3.072E7
379.8041600121443, Client_0603, 3.072E7
380.5132050121443, Client_0602, 3.072E7
383.8385658368866, Client_0711, 3.072E7
384.5476108368866, Client_0603, 3.072E7
385.2566558368866, Client_0602, 3.072E7
388.58201666162887, Client_0711, 3.072E7
389.2910616616289, Client_0603, 3.072E7
390.0001066616289, Client_0602, 3.072E7
393.32546748637117, Client_0711, 3.072E7
394.03451248637117, Client_0603, 3.072E7
394.7435574863712, Client_0602, 3.072E7
398.06891831111346, Client_0711, 3.072E7
398.77796331111347, Client_0603, 3.072E7
399.48700831111347, Client_0602, 3.072E7
402.8123691358557, Client_0711, 3.072E7
403.5214141358557, Client_0603, 3.072E7
404.2304591358557, Client_0602, 3.072E7
407.555819960598, Client_0711, 3.072E7
408.264864960598, Client_0603, 3.072E7
408.973909960598, Client_0050, 1.956352E7
409.682954960598, Client_0602, 3.072E7
412.2992707853403, Client_0711, 3.072E7
413.0083157853403, Client_0050, 2048000.0
413.7173607853403, Client_0603, 3.072E7
414.4264057853403, Client_0602, 3.072E7
415.1354507853403, Client_0243, 2048000.0
415.8444957853403, Client_0453, 2048000.0
417.0427216100826, Client_0711, 3.072E7
418.4608116100826, Client_0603, 3.072E7
419.1698566100826, Client_0602, 3.072E7
421.78617243482483, Client_0711, 3.072E7
423.20426243482484, Client_0603, 3.072E7
423.91330743482484, Client_0602, 3.072E7
426.52962325956713, Client_0711, 3.072E7
427.94771325956714, Client_0603, 3.072E7
428.65675825956714, Client_0602, 3.072E7
431.2730740843094, Client_0711, 3.072E7
432.69116408430943, Client_0603, 3.072E7
433.40020908430944, Client_0602, 3.072E7
436.0165249090517, Client_0711, 3.072E7
437.4346149090517, Client_0603, 3.072E7
438.1436599090517, Client_0602, 3.072E7
440.75997573379396, Client_0711, 3.072E7
442.17806204236837, Client_0603, 3.072E7
442.88710704236837, Client_0602, 3.072E7
445.50342655853626, Client_0711, 3.072E7
446.92151286711066, Client_0603, 3.072E7
447.63055786711067, Client_0602, 3.072E7
450.24687369185295, Client_0711, 3.072E7
451.66496369185296, Client_0603, 3.072E7
452.37400869185296, Client_0602, 3.072E7
454.99032451659525, Client_0711, 3.072E7
456.40841451659526, Client_0603, 3.072E7
457.11745951659526, Client_0602, 3.072E7
459.73377534133755, Client_0711, 3.072E7
461.15186534133755, Client_0603, 3.072E7
461.86091034133756, Client_0602, 3.072E7
464.47722616607984, Client_0711, 3.072E7
465.89531616607985, Client_0603, 3.072E7
466.60436116607985, Client_0602, 3.072E7
468.70466179428485, Client_0311, 1.956352E7
469.41370679428485, Client_0711, 3.072E7
470.63876699082215, Client_0603, 3.072E7
471.34781199082215, Client_0602, 3.072E7
472.24045241284153, Client_0311, 2048000.0
474.15715761902715, Client_0711, 3.072E7
475.38221781556445, Client_0603, 3.072E7
476.09126281556445, Client_0602, 3.072E7
478.90060844376944, Client_0711, 3.072E7
480.12566864030674, Client_0603, 3.072E7
480.83471364030675, Client_0602, 3.072E7
483.64405926851174, Client_0711, 3.072E7
484.86911946504904, Client_0603, 3.072E7
485.57816446504904, Client_0602, 3.072E7
488.38751009325404, Client_0711, 3.072E7
489.61257028979134, Client_0603, 3.072E7
490.32161528979134, Client_0602, 3.072E7
493.13096091799633, Client_0711, 3.072E7
494.35602111453363, Client_0603, 3.072E7
495.06506611453364, Client_0602, 3.072E7
497.87441174273863, Client_0711, 3.072E7
499.09947193927593, Client_0603, 3.072E7
499.80851693927593, Client_0602, 3.072E7
502.6178625674809, Client_0711, 3.072E7
503.8429227640182, Client_0603, 3.072E7
504.55196776401823, Client_0602, 3.072E7
507.3613133922232, Client_0711, 3.072E7
508.5863735887605, Client_0603, 3.072E7
509.2954185887605, Client_0405, 1.956352E7
510.00446358876053, Client_0602, 3.072E7
512.1047642169655, Client_0711, 3.072E7
512.8312092073172, Client_0405, 2048000.0
513.5402542073172, Client_0603, 3.072E7
514.7479144135027, Client_0602, 3.072E7
516.8482150417076, Client_0711, 3.072E7
518.1841358201705, Client_0116, 1.956352E7
518.8931808201704, Client_0603, 3.072E7
519.6022258201704, Client_0602, 3.072E7
521.5916658664497, Client_0711, 3.072E7
522.3007108664497, Client_0116, 2048000.0
523.6366316449125, Client_0603, 3.072E7
524.3456766449125, Client_0602, 3.072E7
526.3351166911918, Client_0711, 3.072E7
528.3800824696547, Client_0603, 3.072E7
529.0891274696546, Client_0602, 3.072E7
531.078567515934, Client_0711, 3.072E7
533.1235332943968, Client_0603, 3.072E7
533.8325782943967, Client_0602, 3.072E7
535.8220183406761, Client_0711, 3.072E7
537.8669841191389, Client_0603, 3.072E7
538.5760291191389, Client_0602, 3.072E7
540.5654691654182, Client_0711, 3.072E7
542.610434943881, Client_0603, 3.072E7
543.319479943881, Client_0602, 3.072E7
545.3089199901603, Client_0711, 3.072E7
547.3538857686232, Client_0603, 3.072E7
548.0629307686231, Client_0602, 3.072E7
550.0523708149025, Client_0711, 3.072E7
552.0973365933653, Client_0603, 3.072E7
552.8063815933652, Client_0602, 3.072E7
554.7958216396446, Client_0711, 3.072E7
556.8407874181074, Client_0603, 3.072E7
557.5498324181074, Client_0602, 3.072E7
559.5392724643867, Client_0711, 3.072E7
561.5842382428496, Client_0603, 3.072E7
562.2932832428495, Client_0534, 1.956352E7
563.0023282428494, Client_0602, 3.072E7
564.2827232891289, Client_0711, 3.072E7
565.8290738614061, Client_0534, 2048000.0
566.538118861406, Client_0603, 3.072E7
567.7457790675916, Client_0602, 3.072E7
568.4548240675915, Client_0161, 2048000.0
569.1638690675915, Client_0711, 3.072E7
570.0946047892409, Client_0161, 7930880.0
571.2815696861481, Client_0603, 3.072E7
572.3711921088284, Client_0161, 1.956352E7
573.0802371088283, Client_0602, 3.072E7
573.9073198923336, Client_0711, 3.072E7
575.906982727385, Client_0161, 3.072E7
576.6160277273849, Client_0603, 3.072E7
577.8236879335705, Client_0602, 3.072E7
578.6507707170757, Client_0711, 3.072E7
580.6504335521271, Client_0161, 3.072E7
581.359478552127, Client_0603, 3.072E7
582.5671387583126, Client_0602, 3.072E7
583.3942215418178, Client_0711, 3.072E7
585.3938843768692, Client_0161, 3.072E7
586.1029293768692, Client_0603, 3.072E7
587.3105895830547, Client_0602, 3.072E7
588.13767236656, Client_0711, 3.072E7
590.1373352016113, Client_0161, 3.072E7
590.8463802016113, Client_0603, 3.072E7
592.0540404077968, Client_0602, 3.072E7
592.8811231913021, Client_0711, 3.072E7
594.8807860263535, Client_0161, 3.072E7
595.5898310263534, Client_0603, 3.072E7
596.797491232539, Client_0602, 3.072E7
597.6245740160442, Client_0711, 3.072E7
599.6242368510956, Client_0161, 3.072E7
600.3332818510955, Client_0603, 3.072E7
601.5409420572811, Client_0602, 3.072E7
602.3680248407863, Client_0711, 3.072E7
604.3676876758377, Client_0161, 3.072E7
605.0767326758377, Client_0603, 3.072E7
606.2843928820232, Client_0602, 3.072E7
606.9934378820232, Client_0302, 1.956352E7
607.7024828820231, Client_0711, 3.072E7
609.1111385005798, Client_0161, 3.072E7
609.8201835005798, Client_0603, 3.072E7
610.5292285005797, Client_0302, 2048000.0
611.2382735005797, Client_0602, 3.072E7
612.4459337067652, Client_0711, 3.072E7
613.854589325322, Client_0161, 3.072E7
614.5636343253219, Client_0603, 3.072E7
615.9817243253218, Client_0602, 3.072E7
617.1893845315074, Client_0711, 3.072E7
618.5980401500641, Client_0161, 3.072E7
619.307085150064, Client_0603, 3.072E7
620.7251751500639, Client_0602, 3.072E7
621.9328353562495, Client_0711, 3.072E7
623.3414909748062, Client_0161, 3.072E7
624.0505359748062, Client_0603, 3.072E7
625.4686259748061, Client_0602, 3.072E7
626.6762861809916, Client_0711, 3.072E7
628.0849417995483, Client_0161, 3.072E7
628.7939867995483, Client_0603, 3.072E7
630.2120767995482, Client_0602, 3.072E7
631.4197370057337, Client_0711, 3.072E7
632.8283926242905, Client_0161, 3.072E7
633.5374376242904, Client_0603, 3.072E7
634.9555276242903, Client_0602, 3.072E7
636.1631878304759, Client_0711, 3.072E7
637.5718434490326, Client_0161, 3.072E7
638.2808884490325, Client_0603, 3.072E7
639.6989784490324, Client_0602, 3.072E7
640.906638655218, Client_0711, 3.072E7
642.3152942737747, Client_0161, 3.072E7
643.0243392737747, Client_0603, 3.072E7
644.4424292737746, Client_0602, 3.072E7
645.6500894799601, Client_0711, 3.072E7
647.0587450985169, Client_0161, 3.072E7
647.7677900985168, Client_0603, 3.072E7
649.1858800985167, Client_0602, 3.072E7
650.3935403047022, Client_0711, 3.072E7
651.802195923259, Client_0161, 3.072E7
652.5112409232589, Client_0603, 3.072E7
653.9293309232588, Client_0602, 3.072E7
655.1369911294444, Client_0711, 3.072E7
656.5456467480011, Client_0161, 3.072E7
657.254691748001, Client_0603, 3.072E7
658.672781748001, Client_0602, 3.072E7
659.8804419541865, Client_0711, 3.072E7
661.2890975727432, Client_0161, 3.072E7
661.9981425727432, Client_0603, 3.072E7
663.4162325727431, Client_0602, 3.072E7
664.6238927789286, Client_0711, 3.072E7
666.0325483974854, Client_0161, 3.072E7
666.7415933974853, Client_0603, 3.072E7
668.1596833974852, Client_0602, 3.072E7
668.8687283974851, Client_0637, 1.956352E7
669.5777733974851, Client_0711, 3.072E7
670.7759992222275, Client_0161, 3.072E7
671.4850442222274, Client_0603, 3.072E7
672.4045190160417, Client_0637, 2048000.0
673.1135640160417, Client_0602, 3.072E7
674.3212242222272, Client_0711, 3.072E7
675.5194500469696, Client_0161, 3.072E7
676.2284950469696, Client_0603, 3.072E7
677.8570148407838, Client_0602, 3.072E7
679.0646750469693, Client_0711, 3.072E7
680.2629008717117, Client_0161, 3.072E7
680.9719458717117, Client_0603, 3.072E7
682.6004656655259, Client_0602, 3.072E7
683.8081258717115, Client_0711, 3.072E7
685.0063516964539, Client_0161, 3.072E7
685.7153966964538, Client_0603, 3.072E7
687.343916490268, Client_0602, 3.072E7
688.5515766964536, Client_0711, 3.072E7
689.749802521196, Client_0161, 3.072E7
690.4588475211959, Client_0603, 3.072E7
692.0873673150102, Client_0602, 3.072E7
693.2950275211957, Client_0711, 3.072E7
694.4932533459381, Client_0161, 3.072E7
695.2022983459381, Client_0603, 3.072E7
696.8308181397523, Client_0602, 3.072E7
698.0384783459378, Client_0711, 3.072E7
699.2367041706802, Client_0161, 3.072E7
699.9457491706802, Client_0603, 3.072E7
701.5742689644944, Client_0602, 3.072E7
702.78192917068, Client_0711, 3.072E7
703.9801549954224, Client_0161, 3.072E7
704.6891999954223, Client_0603, 3.072E7
706.3177197892365, Client_0602, 3.072E7
707.5253799954221, Client_0711, 3.072E7
708.7236058201645, Client_0161, 3.072E7
709.4326508201644, Client_0603, 3.072E7
711.0611706139787, Client_0602, 3.072E7
712.2688308201642, Client_0711, 3.072E7
713.4670566449066, Client_0161, 3.072E7
714.1761016449066, Client_0603, 3.072E7
715.8046214387208, Client_0602, 3.072E7
717.0122816449064, Client_0711, 3.072E7
718.2105074696487, Client_0161, 3.072E7
718.9195524696487, Client_0603, 3.072E7
720.5480722634629, Client_0602, 3.072E7
721.7557324696485, Client_0711, 3.072E7
722.9539582943909, Client_0161, 3.072E7
723.6630032943908, Client_0603, 3.072E7
725.291523088205, Client_0602, 3.072E7
726.4991832943906, Client_0711, 3.072E7
727.697409119133, Client_0161, 3.072E7
728.406454119133, Client_0603, 3.072E7
730.0349739129472, Client_0602, 3.072E7
731.2426341191327, Client_0711, 3.072E7
732.4408599438751, Client_0161, 3.072E7
733.1499049438751, Client_0603, 3.072E7
734.7784247376893, Client_0602, 3.072E7
735.9860849438749, Client_0711, 3.072E7
737.1843107686173, Client_0161, 3.072E7
737.8933557686172, Client_0603, 3.072E7
739.5218755624314, Client_0602, 3.072E7
740.729535768617, Client_0711, 3.072E7
741.9277615933594, Client_0161, 3.072E7
742.6368065933593, Client_0603, 3.072E7
744.2653263871736, Client_0602, 3.072E7
745.4729865933591, Client_0711, 3.072E7
746.6712124181015, Client_0161, 3.072E7
747.3802574181015, Client_0603, 3.072E7
749.0087772119157, Client_0602, 3.072E7
750.2164374181012, Client_0711, 3.072E7
751.4146632428436, Client_0161, 3.072E7
752.1237082428436, Client_0603, 3.072E7
753.7522280366578, Client_0602, 3.072E7
754.9598882428434, Client_0711, 3.072E7
756.1581140675858, Client_0161, 3.072E7
756.8671590675857, Client_0603, 3.072E7
758.4956788613999, Client_0602, 3.072E7
759.7033390675855, Client_0711, 3.072E7
760.9015648923279, Client_0161, 3.072E7
761.6106098923278, Client_0603, 3.072E7
763.2391296861421, Client_0602, 3.072E7
764.4467898923276, Client_0711, 3.072E7
765.64501571707, Client_0161, 3.072E7
766.35406071707, Client_0603, 3.072E7
767.9825805108842, Client_0602, 3.072E7
769.1902407170697, Client_0711, 3.072E7
770.3884665418121, Client_0161, 3.072E7
771.0975115418121, Client_0603, 3.072E7
772.7260313356263, Client_0602, 3.072E7
773.9336915418119, Client_0711, 3.072E7
775.1319173665543, Client_0161, 3.072E7
775.8409623665542, Client_0603, 3.072E7
777.4694821603684, Client_0602, 3.072E7
778.677142366554, Client_0711, 3.072E7
779.8753681912964, Client_0161, 3.072E7
780.5844131912963, Client_0603, 3.072E7
782.2129329851106, Client_0602, 3.072E7
783.4205931912961, Client_0711, 3.072E7
784.6188190160385, Client_0161, 3.072E7
785.3278640160385, Client_0603, 3.072E7
786.9563838098527, Client_0602, 3.072E7
788.1640440160382, Client_0711, 3.072E7
789.3622698407806, Client_0161, 3.072E7
790.0713148407806, Client_0603, 3.072E7
791.6998346345948, Client_0602, 3.072E7
792.9074948407804, Client_0711, 3.072E7
794.1057206655228, Client_0161, 3.072E7
794.8147656655227, Client_0603, 3.072E7
796.443285459337, Client_0602, 3.072E7
797.6509456655225, Client_0711, 3.072E7
798.8491714902649, Client_0161, 3.072E7
799.5582164902648, Client_0603, 3.072E7
801.1867362840791, Client_0602, 3.072E7
802.3943964902646, Client_0711, 3.072E7
803.592622315007, Client_0161, 3.072E7
804.301667315007, Client_0603, 3.072E7
805.9301871088212, Client_0602, 3.072E7
807.1378473150068, Client_0711, 3.072E7
808.3360731397491, Client_0161, 3.072E7
809.0451181397491, Client_0603, 3.072E7
810.6736379335633, Client_0602, 3.072E7
811.8812981397489, Client_0711, 3.072E7
813.0795239644913, Client_0161, 3.072E7
813.7885689644912, Client_0603, 3.072E7
815.4170887583055, Client_0602, 3.072E7
817.8229747892334, Client_0161, 3.072E7
818.5320197892333, Client_0603, 3.072E7
820.1605395830476, Client_0602, 3.072E7
821.624748964491, Client_0711, 3.072E7
822.5664256139755, Client_0161, 3.072E7
823.2754706139755, Client_0603, 3.072E7
824.9039904077897, Client_0602, 3.072E7
826.3681997892331, Client_0711, 3.072E7
827.3098764387177, Client_0161, 3.072E7
829.6474412325318, Client_0602, 3.072E7
831.1116506139753, Client_0711, 3.072E7
832.0533272634598, Client_0161, 3.072E7
833.0189214387176, Client_0603, 3.072E7
834.390892057274, Client_0602, 3.072E7
835.8551014387174, Client_0711, 3.072E7
836.7967780882019, Client_0161, 3.072E7
837.7623722634597, Client_0603, 3.072E7
839.1343428820161, Client_0602, 3.072E7
840.5985522634595, Client_0711, 3.072E7
841.540228912944, Client_0161, 3.072E7
842.5058230882019, Client_0603, 3.072E7
843.8777937067582, Client_0602, 3.072E7
845.3420030882016, Client_0711, 3.072E7
846.2836797376862, Client_0161, 3.072E7
847.249273912944, Client_0603, 3.072E7
848.6212445315003, Client_0602, 3.072E7
850.0854539129438, Client_0711, 3.072E7
851.0271305624283, Client_0161, 3.072E7
851.9927247376861, Client_0603, 3.072E7
854.8289047376859, Client_0711, 3.072E7
855.7705813871704, Client_0161, 3.072E7
856.7361755624282, Client_0603, 3.072E7
858.3646953562425, Client_0602, 3.072E7
859.572355562428, Client_0711, 3.072E7
860.5140322119125, Client_0161, 3.072E7
861.4796263871704, Client_0603, 3.072E7
863.1081461809846, Client_0602, 3.072E7
864.3158063871701, Client_0711, 3.072E7
865.2574830366547, Client_0161, 3.072E7
866.2230772119125, Client_0603, 3.072E7
867.8515970057267, Client_0602, 3.072E7
869.0592572119123, Client_0711, 3.072E7
870.0009338613968, Client_0161, 3.072E7
870.9665280366546, Client_0603, 3.072E7
872.5950478304688, Client_0602, 3.072E7
873.8027080366544, Client_0711, 3.072E7
874.7443846861389, Client_0161, 3.072E7
875.7099788613967, Client_0603, 3.072E7
877.338498655211, Client_0602, 3.072E7
878.5461588613965, Client_0711, 3.072E7
879.487835510881, Client_0161, 3.072E7
880.4534296861389, Client_0603, 3.072E7
882.0819494799531, Client_0602, 3.072E7
883.2896096861386, Client_0711, 3.072E7
884.2312863356232, Client_0161, 3.072E7
885.196880510881, Client_0603, 3.072E7
886.8254003046952, Client_0602, 3.072E7
888.0330605108808, Client_0711, 3.072E7
888.9747371603653, Client_0161, 3.072E7
889.9403313356231, Client_0603, 3.072E7
891.5688511294373, Client_0602, 3.072E7
892.7765113356229, Client_0711, 3.072E7
893.7181879851074, Client_0161, 3.072E7
894.6837821603652, Client_0603, 3.072E7
896.3123019541795, Client_0602, 3.072E7
897.519962160365, Client_0711, 3.072E7
898.4616388098495, Client_0161, 3.072E7
899.4272329851074, Client_0603, 3.072E7
901.0557527789216, Client_0602, 3.072E7
902.2634129851072, Client_0711, 3.072E7
903.2050896345917, Client_0161, 3.072E7
904.1706838098495, Client_0603, 3.072E7
905.7992036036637, Client_0602, 3.072E7
907.0068638098493, Client_0711, 3.072E7
907.9485404593338, Client_0161, 3.072E7
908.9141346345916, Client_0603, 3.072E7
910.5426544284059, Client_0602, 3.072E7
912.6919912840759, Client_0161, 3.072E7
913.6575854593337, Client_0603, 3.072E7
915.286105253148, Client_0602, 3.072E7
916.7503146345914, Client_0711, 3.072E7
917.4593596345914, Client_0161, 3.072E7
918.4010362840759, Client_0603, 3.072E7
920.0295560778901, Client_0602, 3.072E7
921.4937654593335, Client_0711, 3.072E7
922.2028104593335, Client_0161, 3.072E7
924.7730069026322, Client_0602, 3.072E7
926.2372162840757, Client_0711, 3.072E7
926.9462612840756, Client_0161, 3.072E7
928.144487108818, Client_0603, 3.072E7
929.5164577273744, Client_0602, 3.072E7
930.9806671088178, Client_0711, 3.072E7
931.6897121088177, Client_0161, 3.072E7
932.8879379335601, Client_0603, 3.072E7
934.2599085521165, Client_0602, 3.072E7
935.7241179335599, Client_0711, 3.072E7
936.4331629335599, Client_0161, 3.072E7
937.6313887583023, Client_0603, 3.072E7
939.0033593768586, Client_0602, 3.072E7
940.467568758302, Client_0711, 3.072E7
941.176613758302, Client_0161, 3.072E7
942.3748395830444, Client_0603, 3.072E7
943.7468102016007, Client_0602, 3.072E7
945.2110195830442, Client_0711, 3.072E7
945.9200645830441, Client_0161, 3.072E7
947.1182904077865, Client_0603, 3.072E7
948.4902610263429, Client_0602, 3.072E7
949.9544704077863, Client_0711, 3.072E7
950.6635154077862, Client_0161, 3.072E7
951.8617412325286, Client_0603, 3.072E7
954.6979212325284, Client_0711, 3.072E7
955.4069662325284, Client_0161, 3.072E7
956.6051920572708, Client_0603, 3.072E7
958.233711851085, Client_0602, 3.072E7
959.4413720572705, Client_0711, 3.072E7
960.1504170572705, Client_0161, 3.072E7
961.3486428820129, Client_0603, 3.072E7
962.9771626758271, Client_0602, 3.072E7
964.1848228820127, Client_0711, 3.072E7
964.8938678820126, Client_0161, 3.072E7
966.092093706755, Client_0603, 3.072E7
967.7206135005692, Client_0602, 3.072E7
968.9282737067548, Client_0711, 3.072E7
969.6373187067547, Client_0161, 3.072E7
970.8355445314971, Client_0603, 3.072E7
972.4640643253114, Client_0602, 3.072E7
973.6717245314969, Client_0711, 3.072E7
974.3807695314969, Client_0161, 3.072E7
975.5789953562393, Client_0603, 3.072E7
977.2075093993443, Client_0602, 3.072E7
978.415175356239, Client_0711, 3.072E7
979.124220356239, Client_0161, 3.072E7
980.3224461809814, Client_0603, 3.072E7
981.9509602240864, Client_0602, 3.072E7
983.1586261809812, Client_0711, 3.072E7
983.8676711809811, Client_0161, 3.072E7
985.0658970057235, Client_0603, 3.072E7
986.6944110488286, Client_0602, 3.072E7
987.9020770057233, Client_0711, 3.072E7
988.6111220057232, Client_0161, 3.072E7
989.8093478304656, Client_0603, 3.072E7
991.4378618735707, Client_0602, 3.072E7
992.6455278304654, Client_0711, 3.072E7
993.3545728304654, Client_0161, 3.072E7
994.5527986552078, Client_0603, 3.072E7
996.1813126983128, Client_0602, 3.072E7
997.3889786552076, Client_0711, 3.072E7
998.0980236552075, Client_0161, 3.072E7
999.2962494799499, Client_0603, 3.072E7
1000.9247635230549, Client_0602, 3.072E7
1002.1324294799497, Client_0711, 3.072E7
1002.8414744799496, Client_0161, 3.072E7
1004.039700304692, Client_0603, 3.072E7
1005.6682143477971, Client_0602, 3.072E7
1008.7831511294341, Client_0603, 3.072E7
1010.4116651725392, Client_0602, 3.072E7
1011.8758803046918, Client_0711, 3.072E7
1012.5849253046918, Client_0161, 3.072E7
1013.5266019541763, Client_0603, 3.072E7
1015.1551159972813, Client_0602, 3.072E7
1016.6193311294339, Client_0711, 3.072E7
1017.3283761294339, Client_0161, 3.072E7
1018.2700527789184, Client_0603, 3.072E7
1019.8985668220234, Client_0602, 3.072E7
1021.3627819541761, Client_0711, 3.072E7
1022.071826954176, Client_0161, 3.072E7
1024.6420176467657, Client_0602, 3.072E7
1026.1062327789182, Client_0711, 3.072E7
1026.8152777789182, Client_0161, 3.072E7
1028.0135036036606, Client_0603, 3.072E7
1029.3854684715081, Client_0602, 3.072E7
1030.8496836036607, Client_0711, 3.072E7
1031.5587286036607, Client_0161, 3.072E7
1032.756954428403, Client_0603, 3.072E7
1034.1289192962506, Client_0602, 3.072E7
1035.5931344284031, Client_0711, 3.072E7
1036.3021794284032, Client_0161, 3.072E7
1037.5004052531456, Client_0603, 3.072E7
1038.872370120993, Client_0602, 3.072E7
1040.3365852531456, Client_0711, 3.072E7
1041.0456302531456, Client_0161, 3.072E7
1042.243856077888, Client_0603, 3.072E7
1043.6158209457355, Client_0602, 3.072E7
1045.080036077888, Client_0711, 3.072E7
1045.789081077888, Client_0161, 3.072E7
1046.9873069026305, Client_0603, 3.072E7
1049.8234869026305, Client_0711, 3.072E7
1050.5325319026306, Client_0161, 3.072E7
1051.730757727373, Client_0603, 3.072E7
1053.359271770478, Client_0602, 3.072E7
1054.566937727373, Client_0711, 3.072E7
1055.275982727373, Client_0161, 3.072E7
1056.4742085521154, Client_0603, 3.072E7
1058.1027225952205, Client_0602, 3.072E7
1059.3103885521155, Client_0711, 3.072E7
1060.0194335521155, Client_0161, 3.072E7
1061.217659376858, Client_0603, 3.072E7
1062.846173419963, Client_0602, 3.072E7
1064.053839376858, Client_0711, 3.072E7
1064.762884376858, Client_0161, 3.072E7
1065.9611102016004, Client_0603, 3.072E7
1067.5896242447054, Client_0602, 3.072E7
1068.7972902016004, Client_0711, 3.072E7
1069.5063352016005, Client_0161, 3.072E7
1070.7045610263428, Client_0603, 3.072E7
1072.333075069448, Client_0602, 3.072E7
1073.5407410263429, Client_0711, 3.072E7
1074.249786026343, Client_0161, 3.072E7
1075.4480118510853, Client_0603, 3.072E7
1077.0765258941904, Client_0602, 3.072E7
1078.2841918510853, Client_0711, 3.072E7
1078.9932368510854, Client_0161, 3.072E7
1080.1914626758278, Client_0603, 3.072E7
1081.8199767189328, Client_0602, 3.072E7
1083.0276426758278, Client_0711, 3.072E7
1083.7366876758279, Client_0161, 3.072E7
1084.9349135005702, Client_0603, 3.072E7
1086.5634275436753, Client_0602, 3.072E7
1087.7710935005703, Client_0711, 3.072E7
1088.4801385005703, Client_0161, 3.072E7
1089.6783643253127, Client_0603, 3.072E7
1091.3068783684178, Client_0602, 3.072E7
1092.5145443253127, Client_0711, 3.072E7
1093.2235893253128, Client_0161, 3.072E7
1094.4218151500552, Client_0603, 3.072E7
1096.0503291931602, Client_0602, 3.072E7
1097.2579951500552, Client_0711, 3.072E7
1097.9670401500553, Client_0161, 3.072E7
1099.1652659747976, Client_0603, 3.072E7
1100.7937800179027, Client_0602, 3.072E7
1102.0014459747977, Client_0711, 3.072E7
1103.9087167995401, Client_0603, 3.072E7
1105.5372308426452, Client_0602, 3.072E7
1107.7104909747977, Client_0161, 3.072E7
1108.6521676242826, Client_0603, 3.072E7
1110.2806816673876, Client_0602, 3.072E7
1111.7448967995401, Client_0711, 3.072E7
1112.4539417995402, Client_0161, 3.072E7
1113.395618449025, Client_0603, 3.072E7
1115.02413249213, Client_0602, 3.072E7
1116.4883476242826, Client_0711, 3.072E7
1117.1973926242827, Client_0161, 3.072E7
1119.7675833168726, Client_0602, 3.072E7
1121.231798449025, Client_0711, 3.072E7
1121.9408434490251, Client_0161, 3.072E7
1123.1390692737675, Client_0603, 3.072E7
1124.511034141615, Client_0602, 3.072E7
1125.9752492737675, Client_0711, 3.072E7
1126.6842942737676, Client_0161, 3.072E7
1127.88252009851, Client_0603, 3.072E7
1129.2544849663575, Client_0602, 3.072E7
1130.71870009851, Client_0711, 3.072E7
1131.42774509851, Client_0161, 3.072E7
1132.6259709232525, Client_0603, 3.072E7
1133.9979357911, Client_0602, 3.072E7
1135.4621509232525, Client_0711, 3.072E7
1136.1711959232525, Client_0161, 3.072E7
1137.369421747995, Client_0603, 3.072E7
1138.7413866158424, Client_0602, 3.072E7
1140.205601747995, Client_0711, 3.072E7
1140.914646747995, Client_0161, 3.072E7
1142.1128725727374, Client_0603, 3.072E7
1143.484837440585, Client_0602, 3.072E7
1144.9490525727374, Client_0711, 3.072E7
1145.6580975727375, Client_0161, 3.072E7
1146.8563233974799, Client_0603, 3.072E7
1149.6925033974799, Client_0711, 3.072E7
1150.40154839748, Client_0161, 3.072E7
1151.5997742222223, Client_0603, 3.072E7
1153.2282855876715, Client_0602, 3.072E7
1154.4359542222223, Client_0711, 3.072E7
1155.1449992222224, Client_0161, 3.072E7
1156.3432250469648, Client_0603, 3.072E7
1157.971736412414, Client_0602, 3.072E7
1159.1794050469648, Client_0711, 3.072E7
1159.8884500469649, Client_0161, 3.072E7
1161.0866758717073, Client_0603, 3.072E7
1162.7151872371564, Client_0602, 3.072E7
1163.9228558717073, Client_0711, 3.072E7
1164.6319008717073, Client_0161, 3.072E7
1165.8301254125934, Client_0603, 3.072E7
1167.458638061899, Client_0602, 3.072E7
1168.6663066964497, Client_0711, 3.072E7
1169.3753516964498, Client_0161, 3.072E7
1170.5735762373358, Client_0603, 3.072E7
1172.2020888866414, Client_0602, 3.072E7
1173.4097575211922, Client_0711, 3.072E7
1174.1188025211923, Client_0161, 3.072E7
1175.3170270620783, Client_0603, 3.072E7
1176.9455397113838, Client_0602, 3.072E7
1178.1532083459347, Client_0711, 3.072E7
1178.8622533459347, Client_0161, 3.072E7
1180.0604778868208, Client_0603, 3.072E7
1181.6889905361263, Client_0602, 3.072E7
1182.8966591706771, Client_0711, 3.072E7
1183.6057041706772, Client_0161, 3.072E7
1184.8039287115632, Client_0603, 3.072E7
1186.4324413608688, Client_0602, 3.072E7
1187.6401099954196, Client_0711, 3.072E7
1188.3491549954197, Client_0161, 3.072E7
1189.5473795363057, Client_0603, 3.072E7
1191.1758921856112, Client_0602, 3.072E7
1192.383560820162, Client_0711, 3.072E7
1193.0926058201621, Client_0161, 3.072E7
1194.2908303610482, Client_0603, 3.072E7
1195.9193430103537, Client_0602, 3.072E7
1197.1270116449045, Client_0711, 3.072E7
1197.8360566449046, Client_0161, 3.072E7
1199.0342811857906, Client_0603, 3.072E7
1200.6627938350962, Client_0602, 3.072E7
1203.777732010533, Client_0603, 3.072E7
1205.4062446598386, Client_0602, 3.072E7
1206.870462469647, Client_0711, 3.072E7
1207.579507469647, Client_0161, 3.072E7
1208.5211828352756, Client_0603, 3.072E7
1210.1496954845811, Client_0602, 3.072E7
1211.6139132943895, Client_0711, 3.072E7
1212.3229582943895, Client_0161, 3.072E7
1213.264633660018, Client_0603, 3.072E7
1214.8931463093236, Client_0602, 3.072E7
1216.357364119132, Client_0711, 3.072E7
1217.066409119132, Client_0161, 3.072E7
1219.636597134066, Client_0602, 3.072E7
1221.1008149438744, Client_0711, 3.072E7
1221.8098599438745, Client_0161, 3.072E7
1223.0080844847605, Client_0603, 3.072E7
1224.3800479588085, Client_0602, 3.072E7
1225.8442657686169, Client_0711, 3.072E7
1226.553310768617, Client_0161, 3.072E7
1227.751535309503, Client_0603, 3.072E7
1229.123498783551, Client_0602, 3.072E7
1230.5877165933593, Client_0711, 3.072E7
1231.2967615933594, Client_0161, 3.072E7
1232.4949861342454, Client_0603, 3.072E7
1233.8669496082935, Client_0602, 3.072E7
1235.3311674181018, Client_0711, 3.072E7
1236.0402124181019, Client_0161, 3.072E7
1237.238429877994, Client_0603, 3.072E7
1238.610400433036, Client_0602, 3.072E7
1240.0746182428443, Client_0711, 3.072E7
1240.7836632428443, Client_0161, 3.072E7
1241.9818807027364, Client_0603, 3.072E7
1244.8180690675867, Client_0711, 3.072E7
1245.5271140675868, Client_0161, 3.072E7
1246.7253315274788, Client_0603, 3.072E7
1248.3538512577784, Client_0602, 3.072E7
1249.5615198923292, Client_0711, 3.072E7
1250.2705648923293, Client_0161, 3.072E7
1251.4687823522213, Client_0603, 3.072E7
1253.0973020825209, Client_0602, 3.072E7
1254.3049707170717, Client_0711, 3.072E7
1255.0140157170717, Client_0161, 3.072E7
1256.2122331769638, Client_0603, 3.072E7
1257.8407529072633, Client_0602, 3.072E7
1259.0484215418142, Client_0711, 3.072E7
1259.7574665418142, Client_0161, 3.072E7
1260.9556840017062, Client_0603, 3.072E7
1262.5842037320058, Client_0602, 3.072E7
1263.7918723665566, Client_0711, 3.072E7
1264.5009173665567, Client_0161, 3.072E7
1265.6991348264487, Client_0603, 3.072E7
1267.3276545567483, Client_0602, 3.072E7
1268.535323191299, Client_0711, 3.072E7
1269.2443681912991, Client_0161, 3.072E7
1270.4425856511912, Client_0603, 3.072E7
1272.0711053814907, Client_0602, 3.072E7
1273.2787740160416, Client_0711, 3.072E7
1273.9878190160416, Client_0161, 3.072E7
1275.1860364759336, Client_0603, 3.072E7
1276.8145562062332, Client_0602, 3.072E7
1278.022224840784, Client_0711, 3.072E7
1278.731269840784, Client_0161, 3.072E7
1279.929487300676, Client_0603, 3.072E7
1281.5580070309757, Client_0602, 3.072E7
1282.7656756655265, Client_0711, 3.072E7
1283.4747206655265, Client_0161, 3.072E7
1284.6729381254186, Client_0603, 3.072E7
1286.3014578557181, Client_0602, 3.072E7
1287.509126490269, Client_0711, 3.072E7
1288.218171490269, Client_0161, 3.072E7
1289.416388950161, Client_0603, 3.072E7
1291.0449086804606, Client_0602, 3.072E7
1292.2525773150114, Client_0711, 3.072E7
1292.9616223150115, Client_0161, 3.072E7
1294.1598397749035, Client_0603, 3.072E7
1295.788359505203, Client_0602, 3.072E7
1296.996028139754, Client_0711, 3.072E7
1298.903290599646, Client_0603, 3.072E7
1300.5318103299455, Client_0602, 3.072E7
1302.705073139754, Client_0161, 3.072E7
1303.6467414243884, Client_0603, 3.072E7
1305.275261154688, Client_0602, 3.072E7
1306.7394789644964, Client_0711, 3.072E7
1307.4485239644964, Client_0161, 3.072E7
1308.390192249131, Client_0603, 3.072E7
1310.0187119794305, Client_0602, 3.072E7
1311.4829297892388, Client_0711, 3.072E7
1312.1919747892389, Client_0161, 3.072E7
1314.762162804173, Client_0602, 3.072E7
1316.2263806139813, Client_0711, 3.072E7
1316.9354256139814, Client_0161, 3.072E7
1318.1336430738734, Client_0603, 3.072E7
1319.5056136289154, Client_0602, 3.072E7
1320.9698314387238, Client_0711, 3.072E7
1321.6788764387238, Client_0161, 3.072E7
1322.8770938986158, Client_0603, 3.072E7
1324.2490644536579, Client_0602, 3.072E7
1325.7132822634662, Client_0711, 3.072E7
1326.4223272634663, Client_0161, 3.072E7
1327.6205447233583, Client_0603, 3.072E7
1328.9925152784003, Client_0602, 3.072E7
1330.4567330882087, Client_0711, 3.072E7
1331.1657780882088, Client_0161, 3.072E7
1332.3639955481008, Client_0603, 3.072E7
1333.7359661031428, Client_0602, 3.072E7
1335.2001839129512, Client_0711, 3.072E7
1335.9092289129512, Client_0161, 3.072E7
1337.1074463728432, Client_0603, 3.072E7
1338.4794169278853, Client_0602, 3.072E7
1339.9436347376936, Client_0711, 3.072E7
1340.6526797376937, Client_0161, 3.072E7
1341.8508971975857, Client_0603, 3.072E7
1344.687085562436, Client_0711, 3.072E7
1345.3961305624362, Client_0161, 3.072E7
1346.5943480223282, Client_0603, 3.072E7
1348.2228677526277, Client_0602, 3.072E7
1349.4305363871786, Client_0711, 3.072E7
1350.1395813871786, Client_0161, 3.072E7
1351.3377988470706, Client_0603, 3.072E7
1352.9663185773702, Client_0602, 3.072E7
1354.173987211921, Client_0711, 3.072E7
1354.883032211921, Client_0161, 3.072E7
1356.081249671813, Client_0603, 3.072E7
1357.7097694021127, Client_0602, 3.072E7
1358.9174380366635, Client_0711, 3.072E7
1359.6264830366636, Client_0161, 3.072E7
1360.8247004965556, Client_0603, 3.072E7
1362.4532202268551, Client_0602, 3.072E7
1363.660888861406, Client_0711, 3.072E7
1364.369933861406, Client_0161, 3.072E7
1365.568151321298, Client_0603, 3.072E7
1367.1966710515976, Client_0602, 3.072E7
1368.4043396861484, Client_0711, 3.072E7
1369.1133846861485, Client_0161, 3.072E7
1370.3116021460405, Client_0603, 3.072E7
1371.94012187634, Client_0602, 3.072E7
1373.147790510891, Client_0711, 3.072E7
1373.856835510891, Client_0161, 3.072E7
1375.055052970783, Client_0603, 3.072E7
1376.6835727010825, Client_0602, 3.072E7
1377.8912413356334, Client_0711, 3.072E7
1378.6002863356334, Client_0161, 3.072E7
1379.7985037955254, Client_0603, 3.072E7
1381.427023525825, Client_0602, 3.072E7
1382.6346921603758, Client_0711, 3.072E7
1383.343737160376, Client_0161, 3.072E7
1384.541954620268, Client_0603, 3.072E7
1386.1704743505675, Client_0602, 3.072E7
1387.3781429851183, Client_0711, 3.072E7
1388.0871879851184, Client_0161, 3.072E7
1389.2854054450104, Client_0603, 3.072E7
1390.91392517531, Client_0602, 3.072E7
1392.1215938098608, Client_0711, 3.072E7
1392.8306388098608, Client_0161, 3.072E7
1394.0288562697529, Client_0603, 3.072E7
1395.6573760000524, Client_0602, 3.072E7
1398.7723070944953, Client_0603, 3.072E7
1400.4008268247949, Client_0602, 3.072E7
1401.8650446346032, Client_0711, 3.072E7
1402.5740896346033, Client_0161, 3.072E7
1403.5157579192378, Client_0603, 3.072E7
1405.1442776495373, Client_0602, 3.072E7
1406.6084954593457, Client_0711, 3.072E7
1407.3175404593458, Client_0161, 3.072E7
1408.2592087439803, Client_0603, 3.072E7
1409.8877284742798, Client_0602, 3.072E7
1411.3519462840882, Client_0711, 3.072E7
1412.0609912840882, Client_0161, 3.072E7
1414.6311792990223, Client_0602, 3.072E7
1416.0953971088306, Client_0711, 3.072E7
1416.8044421088307, Client_0161, 3.072E7
1418.0026595687227, Client_0603, 3.072E7
1419.3746301237647, Client_0602, 3.072E7
1420.838847933573, Client_0711, 3.072E7
1421.5478929335732, Client_0161, 3.072E7
1422.7461103934652, Client_0603, 3.072E7
1424.1180809485072, Client_0602, 3.072E7
1425.5822987583156, Client_0711, 3.072E7
1426.2913437583156, Client_0161, 3.072E7
1427.4895612182077, Client_0603, 3.072E7
1428.8615317732497, Client_0602, 3.072E7
1430.325749583058, Client_0711, 3.072E7
1431.034794583058, Client_0161, 3.072E7
1432.2330120429501, Client_0603, 3.072E7
1433.6049825979921, Client_0602, 3.072E7
1435.0692004078005, Client_0711, 3.072E7
1435.7782454078006, Client_0161, 3.072E7
1436.9764628676926, Client_0603, 3.072E7
1439.812651232543, Client_0711, 3.072E7
1440.521696232543, Client_0161, 3.072E7
1441.719913692435, Client_0603, 3.072E7
1443.3484334227346, Client_0602, 3.072E7
1444.5561020572854, Client_0711, 3.072E7
1445.2651470572855, Client_0161, 3.072E7
1446.4633645171775, Client_0603, 3.072E7
1448.091884247477, Client_0602, 3.072E7
1449.299552882028, Client_0711, 3.072E7
1450.008597882028, Client_0161, 3.072E7
1451.20681534192, Client_0603, 3.072E7
1452.8353350722196, Client_0602, 3.072E7
1454.0430037067704, Client_0711, 3.072E7
1454.7520487067704, Client_0161, 3.072E7
1455.9502661666625, Client_0603, 3.072E7
1457.578785896962, Client_0602, 3.072E7
1458.7864545315128, Client_0711, 3.072E7
1459.495499531513, Client_0161, 3.072E7
1460.693716991405, Client_0603, 3.072E7
1462.3222367217045, Client_0602, 3.072E7
1463.5299053562553, Client_0711, 3.072E7
1464.2389503562554, Client_0161, 3.072E7
1465.4371678161474, Client_0603, 3.072E7
1467.065687546447, Client_0602, 3.072E7
1468.2733561809978, Client_0711, 3.072E7
1468.9824011809978, Client_0161, 3.072E7
1470.1806186408899, Client_0603, 3.072E7
1471.8091383711894, Client_0602, 3.072E7
1473.0168070057402, Client_0711, 3.072E7
1473.7258520057403, Client_0161, 3.072E7
1474.9240694656323, Client_0603, 3.072E7
1476.552589195932, Client_0602, 3.072E7
1477.7602578304827, Client_0711, 3.072E7
1478.4693028304828, Client_0161, 3.072E7
1479.6675202903748, Client_0603, 3.072E7
1481.2960400206744, Client_0602, 3.072E7
1482.5037086552252, Client_0711, 3.072E7
1483.2127536552252, Client_0161, 3.072E7
1484.4109711151173, Client_0603, 3.072E7
1486.0394908454168, Client_0602, 3.072E7
1487.2471594799676, Client_0711, 3.072E7
1487.9562044799677, Client_0161, 3.072E7
1489.1544219398597, Client_0603, 3.072E7
1490.7829416701593, Client_0602, 3.072E7
1491.9906103047101, Client_0711, 3.072E7
1493.8978727646022, Client_0603, 3.072E7
1495.5263924949018, Client_0602, 3.072E7
1497.6996553047102, Client_0161, 3.072E7
1498.6413235893447, Client_0603, 3.072E7
1500.2698433196442, Client_0602, 3.072E7
1501.7340611294526, Client_0711, 3.072E7
1502.4431061294526, Client_0161, 3.072E7
1503.3847744140871, Client_0603, 3.072E7
1505.0132941443867, Client_0602, 3.072E7
1506.477511954195, Client_0711, 3.072E7
1507.186556954195, Client_0161, 3.072E7
1509.7567449691292, Client_0602, 3.072E7
1511.2209627789375, Client_0711, 3.072E7
1511.9300077789376, Client_0161, 3.072E7
1513.1282252388296, Client_0603, 3.072E7
1514.5001957938716, Client_0602, 3.072E7
1515.96441360368, Client_0711, 3.072E7
1516.67345860368, Client_0161, 3.072E7
1517.871676063572, Client_0603, 3.072E7
1519.243646618614, Client_0602, 3.072E7
1520.7078644284225, Client_0711, 3.072E7
1521.4169094284225, Client_0161, 3.072E7
1522.6151268883145, Client_0603, 3.072E7
1523.9870974433566, Client_0602, 3.072E7
1525.451315253165, Client_0711, 3.072E7
1526.160360253165, Client_0161, 3.072E7
1527.358577713057, Client_0603, 3.072E7
1528.730548268099, Client_0602, 3.072E7
1530.1947660779074, Client_0711, 3.072E7
1530.9038110779074, Client_0161, 3.072E7
1532.1020285377995, Client_0603, 3.072E7
1533.4739990928415, Client_0602, 3.072E7
1534.9382169026499, Client_0711, 3.072E7
1535.64726190265, Client_0161, 3.072E7
1536.845479362542, Client_0603, 3.072E7
1539.6816677273923, Client_0711, 3.072E7
1540.3907127273924, Client_0161, 3.072E7
1541.5889301872844, Client_0603, 3.072E7
1543.217449917584, Client_0602, 3.072E7
1544.4251185521348, Client_0711, 3.072E7
1545.1341635521349, Client_0161, 3.072E7
1546.3323810120269, Client_0603, 3.072E7
1547.9608978353951, Client_0602, 3.072E7
1549.1685693768773, Client_0711, 3.072E7
1549.8776143768773, Client_0161, 3.072E7
1551.0758318367693, Client_0603, 3.072E7
1552.7043486601376, Client_0602, 3.072E7
1553.9120202016197, Client_0711, 3.072E7
1554.6210652016198, Client_0161, 3.072E7
1555.8192826615118, Client_0603, 3.072E7
1557.44779948488, Client_0602, 3.072E7
1558.6554710263622, Client_0711, 3.072E7
1559.3645160263623, Client_0161, 3.072E7
1560.562730606675, Client_0603, 3.072E7
1562.1912503096225, Client_0602, 3.072E7
1563.3989218511047, Client_0711, 3.072E7
1564.1079668511047, Client_0161, 3.072E7
1565.3061814314174, Client_0603, 3.072E7
1566.934701134365, Client_0602, 3.072E7
1568.1423726758471, Client_0711, 3.072E7
1568.8514176758472, Client_0161, 3.072E7
1570.0496322561598, Client_0603, 3.072E7
1571.6781519591075, Client_0602, 3.072E7
1572.8858235005896, Client_0711, 3.072E7
1573.5948685005897, Client_0161, 3.072E7
1574.7930830809023, Client_0603, 3.072E7
1576.42160278385, Client_0602, 3.072E7
1577.629274325332, Client_0711, 3.072E7
1578.3383193253321, Client_0161, 3.072E7
1579.5365339056448, Client_0603, 3.072E7
1581.1650536085924, Client_0602, 3.072E7
1582.3727251500745, Client_0711, 3.072E7
1583.0817701500746, Client_0161, 3.072E7
1584.2799847303872, Client_0603, 3.072E7
1585.9085044333349, Client_0602, 3.072E7
1587.116175974817, Client_0711, 3.072E7
1587.825220974817, Client_0161, 3.072E7
1589.0234355551297, Client_0603, 3.072E7
1590.6519552580774, Client_0602, 3.072E7
1593.7668863798722, Client_0603, 3.072E7
1595.3954060828198, Client_0602, 3.072E7
1596.8596267995595, Client_0711, 3.072E7
1597.5686717995595, Client_0161, 3.072E7
1598.5103372046146, Client_0603, 3.072E7
1600.1388569075623, Client_0602, 3.072E7
1601.603077624302, Client_0711, 3.072E7
1602.312122624302, Client_0161, 3.072E7
1603.253788029357, Client_0603, 3.072E7
1604.8823077323048, Client_0602, 3.072E7
1606.3465284490444, Client_0711, 3.072E7
1607.0555734490445, Client_0161, 3.072E7
1609.6257585570472, Client_0602, 3.072E7
1611.0899792737869, Client_0711, 3.072E7
1611.799024273787, Client_0161, 3.072E7
1612.9972388540996, Client_0603, 3.072E7
1614.3692093817897, Client_0602, 3.072E7
1615.8334300985293, Client_0711, 3.072E7
1616.5424750985294, Client_0161, 3.072E7
1617.740689678842, Client_0603, 3.072E7
1619.1126602065322, Client_0602, 3.072E7
1620.5768809232718, Client_0711, 3.072E7
1621.2859259232719, Client_0161, 3.072E7
1622.4841405035845, Client_0603, 3.072E7
1623.8561110312746, Client_0602, 3.072E7
1625.3203317480143, Client_0711, 3.072E7
1626.0293767480143, Client_0161, 3.072E7
1627.227591328327, Client_0603, 3.072E7
1628.599561856017, Client_0602, 3.072E7
1630.0637825727567, Client_0711, 3.072E7
1630.7728275727568, Client_0161, 3.072E7
1631.9710421530694, Client_0603, 3.072E7
1634.8072333974992, Client_0711, 3.072E7
1635.5162783974993, Client_0161, 3.072E7
1636.714492977812, Client_0603, 3.072E7
1638.3430126807596, Client_0602, 3.072E7
1639.5506842222417, Client_0711, 3.072E7
1640.2597292222417, Client_0161, 3.072E7
1641.4579438025544, Client_0603, 3.072E7
1643.086463505502, Client_0602, 3.072E7
1644.2941350469841, Client_0711, 3.072E7
1645.0031800469842, Client_0161, 3.072E7
1646.2013946272968, Client_0603, 3.072E7
1647.8299143302445, Client_0602, 3.072E7
1649.0375858717266, Client_0711, 3.072E7
1649.7466308717267, Client_0161, 3.072E7
1650.9448454520393, Client_0603, 3.072E7
1652.573365154987, Client_0602, 3.072E7
1653.781036696469, Client_0711, 3.072E7
1654.4900816964691, Client_0161, 3.072E7
1655.6882962767818, Client_0603, 3.072E7
1657.3168159797294, Client_0602, 3.072E7
1658.5244875212115, Client_0711, 3.072E7
1659.2335325212116, Client_0161, 3.072E7
1660.4317471015243, Client_0603, 3.072E7
1662.060266804472, Client_0602, 3.072E7
1663.267938345954, Client_0711, 3.072E7
1663.976983345954, Client_0161, 3.072E7
1665.1751979262667, Client_0603, 3.072E7
1666.8037176292144, Client_0602, 3.072E7
1668.0113891706965, Client_0711, 3.072E7
1668.7204341706965, Client_0161, 3.072E7
1669.9186487510092, Client_0603, 3.072E7
1671.5471684539568, Client_0602, 3.072E7
1672.754839995439, Client_0711, 3.072E7
1673.463884995439, Client_0161, 3.072E7
1674.6620995757517, Client_0603, 3.072E7
1676.2906192786993, Client_0602, 3.072E7
1677.4982908201814, Client_0711, 3.072E7
1678.2073358201815, Client_0161, 3.072E7
1679.4055504004941, Client_0603, 3.072E7
1681.0340701034418, Client_0602, 3.072E7
1682.2417416449239, Client_0711, 3.072E7
1682.950786644924, Client_0161, 3.072E7
1684.1490012252366, Client_0603, 3.072E7
1685.7775209281842, Client_0602, 3.072E7
1686.9851924696663, Client_0711, 3.072E7
1688.892452049979, Client_0603, 3.072E7
1690.5209717529267, Client_0602, 3.072E7
1692.6942374696664, Client_0161, 3.072E7
1693.6359028747215, Client_0603, 3.072E7
1695.2644225776692, Client_0602, 3.072E7
1696.7286432944088, Client_0711, 3.072E7
1697.4376882944089, Client_0161, 3.072E7
1698.379353699464, Client_0603, 3.072E7
1700.0078734024116, Client_0602, 3.072E7
1701.4720941191513, Client_0711, 3.072E7
1702.1811391191513, Client_0161, 3.072E7
1704.751324227154, Client_0602, 3.072E7
1706.2155449438937, Client_0711, 3.072E7
1706.9245899438938, Client_0161, 3.072E7
1708.1228045242065, Client_0603, 3.072E7
1709.4947750518966, Client_0602, 3.072E7
1710.9589957686362, Client_0711, 3.072E7
1711.6680407686363, Client_0161, 3.072E7
1712.866255348949, Client_0603, 3.072E7
1714.238225876639, Client_0602, 3.072E7
1715.7024465933787, Client_0711, 3.072E7
1716.4114915933787, Client_0161, 3.072E7
1717.6097061736914, Client_0603, 3.072E7
1718.9816767013815, Client_0602, 3.072E7
1720.4458974181211, Client_0711, 3.072E7
1721.1549424181212, Client_0161, 3.072E7
1722.3531569984339, Client_0603, 3.072E7
1723.725127526124, Client_0602, 3.072E7
1725.1893482428636, Client_0711, 3.072E7
1725.8983932428637, Client_0161, 3.072E7
1727.0966078231763, Client_0603, 3.072E7
1729.932799067606, Client_0711, 3.072E7
1730.6418440676061, Client_0161, 3.072E7
1731.8400586479188, Client_0603, 3.072E7
1733.4685783508664, Client_0602, 3.072E7
1734.6762498923486, Client_0711, 3.072E7
1735.3852948923486, Client_0161, 3.072E7
1736.5835094726613, Client_0603, 3.072E7
1738.212029175609, Client_0602, 3.072E7
1739.419700717091, Client_0711, 3.072E7
1740.128745717091, Client_0161, 3.072E7
1741.3269602974037, Client_0603, 3.072E7
1742.9554800003514, Client_0602, 3.072E7
1744.1631515418335, Client_0711, 3.072E7
1744.8721965418335, Client_0161, 3.072E7
1746.0704111221462, Client_0603, 3.072E7
1747.6989308250938, Client_0602, 3.072E7
1748.906602366576, Client_0711, 3.072E7
1749.615647366576, Client_0161, 3.072E7
1750.8138619468887, Client_0603, 3.072E7
1752.4423816498363, Client_0602, 3.072E7
1753.6500531913184, Client_0711, 3.072E7
1754.3590981913185, Client_0161, 3.072E7
1755.5573127716311, Client_0603, 3.072E7
1757.1858324745788, Client_0602, 3.072E7
1758.393504016061, Client_0711, 3.072E7
1759.102549016061, Client_0161, 3.072E7
1760.3007635963736, Client_0603, 3.072E7
1761.9292832993212, Client_0602, 3.072E7
1763.1369548408034, Client_0711, 3.072E7
1763.8459998408034, Client_0161, 3.072E7
1765.044214421116, Client_0603, 3.072E7
1766.6727341240637, Client_0602, 3.072E7
1767.8804056655458, Client_0711, 3.072E7
1768.5894506655459, Client_0161, 3.072E7
1769.7876652458585, Client_0603, 3.072E7
1771.4161849488062, Client_0602, 3.072E7
1772.6238564902883, Client_0711, 3.072E7
1773.3329014902884, Client_0161, 3.072E7
1774.531116070601, Client_0603, 3.072E7
1776.1596357735486, Client_0602, 3.072E7
1777.3673073150308, Client_0711, 3.072E7
1778.0763523150308, Client_0161, 3.072E7
1779.2745668953435, Client_0603, 3.072E7
1780.903086598291, Client_0602, 3.072E7
1782.1107581397732, Client_0711, 3.072E7
1782.8198031397733, Client_0161, 3.072E7
1784.018017720086, Client_0603, 3.072E7
1785.6465374230336, Client_0602, 3.072E7
1788.7614685448284, Client_0603, 3.072E7
1790.389988247776, Client_0602, 3.072E7
1791.8542089645157, Client_0711, 3.072E7
1792.5632539645158, Client_0161, 3.072E7
1793.5049193695709, Client_0603, 3.072E7
1795.1334390725185, Client_0602, 3.072E7
1796.5976597892582, Client_0711, 3.072E7
1797.3067047892582, Client_0161, 3.072E7
1798.2483701943133, Client_0603, 3.072E7
1799.876889897261, Client_0602, 3.072E7
1801.3411106140006, Client_0711, 3.072E7
1802.0501556140007, Client_0161, 3.072E7
1804.6203407220034, Client_0602, 3.072E7
1806.084561438743, Client_0711, 3.072E7
1806.7936064387432, Client_0161, 3.072E7
1807.9918210190558, Client_0603, 3.072E7
1809.363791546746, Client_0602, 3.072E7
1810.8280122634856, Client_0711, 3.072E7
1811.5370572634856, Client_0161, 3.072E7
1812.7352718437983, Client_0603, 3.072E7
1814.1072423714884, Client_0602, 3.072E7
1815.571463088228, Client_0711, 3.072E7
1816.280508088228, Client_0161, 3.072E7
1817.4787226685407, Client_0603, 3.072E7
1818.8506931962308, Client_0602, 3.072E7
1820.3149139129705, Client_0711, 3.072E7
1821.0239589129706, Client_0161, 3.072E7
1822.2221734932832, Client_0603, 3.072E7
1823.5941440209733, Client_0602, 3.072E7
1825.058364737713, Client_0711, 3.072E7
1825.767409737713, Client_0161, 3.072E7
1826.9656243180257, Client_0603, 3.072E7
1829.8018155624554, Client_0711, 3.072E7
1830.5108605624555, Client_0161, 3.072E7
1831.7090751427681, Client_0603, 3.072E7
1833.3375948457158, Client_0602, 3.072E7
1834.545266387198, Client_0711, 3.072E7
1835.254311387198, Client_0161, 3.072E7
1836.4525259675106, Client_0603, 3.072E7
1838.0810456704583, Client_0602, 3.072E7
1839.2887172119404, Client_0711, 3.072E7
1839.9977622119404, Client_0161, 3.072E7
1841.195976792253, Client_0603, 3.072E7
1842.8244964952007, Client_0602, 3.072E7
1844.0321680366828, Client_0711, 3.072E7
1844.741213036683, Client_0161, 3.072E7
1845.9394276169955, Client_0603, 3.072E7
1847.5679473199432, Client_0602, 3.072E7
1848.7756188614253, Client_0711, 3.072E7
1849.4846638614254, Client_0161, 3.072E7
1850.682878441738, Client_0603, 3.072E7
1852.3113981446857, Client_0602, 3.072E7
1853.5190696861678, Client_0711, 3.072E7
1854.2281146861678, Client_0161, 3.072E7
1855.4263292664805, Client_0603, 3.072E7
1857.0548489694281, Client_0602, 3.072E7
1858.2625205109102, Client_0711, 3.072E7
1858.9715655109103, Client_0161, 3.072E7
1860.169780091223, Client_0603, 3.072E7
1861.7982997941706, Client_0602, 3.072E7
1863.0059713356527, Client_0711, 3.072E7
1863.7150163356528, Client_0161, 3.072E7
1864.9132309159654, Client_0603, 3.072E7
1866.541750618913, Client_0602, 3.072E7
1867.7494221603952, Client_0711, 3.072E7
1868.4584671603952, Client_0161, 3.072E7
1869.6566817407079, Client_0603, 3.072E7
1871.2852014436555, Client_0602, 3.072E7
1872.4928729851376, Client_0711, 3.072E7
1873.2019179851377, Client_0161, 3.072E7
1874.4001325654503, Client_0603, 3.072E7
1876.028652268398, Client_0602, 3.072E7
1877.23632380988, Client_0711, 3.072E7
1877.9453688098802, Client_0161, 3.072E7
1879.1435833901928, Client_0603, 3.072E7
1880.7721030931405, Client_0602, 3.072E7
1881.9797746346226, Client_0711, 3.072E7
1883.8870342149353, Client_0603, 3.072E7
1885.515553917883, Client_0602, 3.072E7
1887.6888196346226, Client_0161, 3.072E7
1888.6304850396778, Client_0603, 3.072E7
1890.2590047426254, Client_0602, 3.072E7
1891.723225459365, Client_0711, 3.072E7
1892.432270459365, Client_0161, 3.072E7
1893.3739358644202, Client_0603, 3.072E7
1895.0024555673679, Client_0602, 3.072E7
1896.4666762841075, Client_0711, 3.072E7
1897.1757212841076, Client_0161, 3.072E7
1899.7459063921103, Client_0602, 3.072E7
1901.21012710885, Client_0711, 3.072E7
1901.91917210885, Client_0161, 3.072E7
1903.1173866891627, Client_0603, 3.072E7
1904.4893572168528, Client_0602, 3.072E7
1905.9535779335924, Client_0711, 3.072E7
1906.6626229335925, Client_0161, 3.072E7
1907.8608375139052, Client_0603, 3.072E7
1909.2328080415953, Client_0602, 3.072E7
1910.697028758335, Client_0711, 3.072E7
1911.406073758335, Client_0161, 3.072E7
1912.6042883386476, Client_0603, 3.072E7
1913.9762588663377, Client_0602, 3.072E7
1915.4404795830774, Client_0711, 3.072E7
1916.1495245830774, Client_0161, 3.072E7
1917.34773916339, Client_0603, 3.072E7
1918.7197096910802, Client_0602, 3.072E7
1920.1839304078198, Client_0711, 3.072E7
1920.89297540782, Client_0161, 3.072E7
1922.0911899881326, Client_0603, 3.072E7
1924.9273812325623, Client_0711, 3.072E7
1925.6364262325624, Client_0161, 3.072E7
1926.834640812875, Client_0603, 3.072E7
1928.4631605158227, Client_0602, 3.072E7
1929.6708320573048, Client_0711, 3.072E7
1930.3798770573048, Client_0161, 3.072E7
1931.5780916376175, Client_0603, 3.072E7
1933.2066113405651, Client_0602, 3.072E7
1934.4142828820472, Client_0711, 3.072E7
1935.1233278820473, Client_0161, 3.072E7
1936.32154246236, Client_0603, 3.072E7
1937.9500621653076, Client_0602, 3.072E7
1939.1577337067897, Client_0711, 3.072E7
1939.8667787067898, Client_0161, 3.072E7
1941.0649932871024, Client_0603, 3.072E7
1942.69351299005, Client_0602, 3.072E7
1943.9011845315322, Client_0711, 3.072E7
1944.6102295315322, Client_0161, 3.072E7
1945.808444111845, Client_0603, 3.072E7
1947.4369638147925, Client_0602, 3.072E7
1948.6446353562746, Client_0711, 3.072E7
1949.3536803562747, Client_0161, 3.072E7
1950.5518949365874, Client_0603, 3.072E7
1952.180414639535, Client_0602, 3.072E7
1953.3880861810171, Client_0711, 3.072E7
1954.0971311810172, Client_0161, 3.072E7
1955.2953457613298, Client_0603, 3.072E7
1956.9238654642775, Client_0602, 3.072E7
1958.1315370057596, Client_0711, 3.072E7
1958.8405820057596, Client_0161, 3.072E7
1960.0387965860723, Client_0603, 3.072E7
1961.66731628902, Client_0602, 3.072E7
1962.874987830502, Client_0711, 3.072E7
1963.584032830502, Client_0161, 3.072E7
1964.7822474108148, Client_0603, 3.072E7
1966.4107671137624, Client_0602, 3.072E7
1967.6184386552445, Client_0711, 3.072E7
1968.3274836552446, Client_0161, 3.072E7
1969.5256982355572, Client_0603, 3.072E7
1971.1542179385049, Client_0602, 3.072E7
1972.361889479987, Client_0711, 3.072E7
1973.070934479987, Client_0161, 3.072E7
1974.2691490602997, Client_0603, 3.072E7
1975.8976687632473, Client_0602, 3.072E7
1977.1053403047295, Client_0711, 3.072E7
1977.8143853047295, Client_0161, 3.072E7
1979.0125998850422, Client_0603, 3.072E7
1980.6411195879898, Client_0602, 3.072E7
1983.7560507097846, Client_0603, 3.072E7
1985.3845704127323, Client_0602, 3.072E7
1986.848791129472, Client_0711, 3.072E7
1987.557826182358, Client_0161, 3.072E7
1988.499501534527, Client_0603, 3.072E7
1990.1280212374747, Client_0602, 3.072E7
1991.5922320071004, Client_0711, 3.072E7
1992.3012770071005, Client_0161, 3.072E7
1993.2429523592696, Client_0603, 3.072E7
1994.8714720622172, Client_0602, 3.072E7
1996.3356828318429, Client_0711, 3.072E7
1997.044727831843, Client_0161, 3.072E7
1999.6149221573307, Client_0602, 3.072E7
2001.0791336565853, Client_0711, 3.072E7
2001.7881786565854, Client_0161, 3.072E7
2002.986403184012, Client_0603, 3.072E7
2004.3583729820732, Client_0602, 3.072E7
2005.8225844813278, Client_0711, 3.072E7
2006.5316294813279, Client_0161, 3.072E7
2007.7298540087545, Client_0603, 3.072E7
2009.1018238068157, Client_0602, 3.072E7
2010.5660353060703, Client_0711, 3.072E7
2011.2750803060703, Client_0161, 3.072E7
2012.473304833497, Client_0603, 3.072E7
2013.8452746315581, Client_0602, 3.072E7
2015.3094861308127, Client_0711, 3.072E7
2016.0185311308128, Client_0161, 3.072E7
2017.2167556582394, Client_0603, 3.072E7
2018.5887254563006, Client_0602, 3.072E7
2020.0529369555552, Client_0711, 3.072E7
2020.7619819555553, Client_0161, 3.072E7
2021.960206482982, Client_0603, 3.072E7
2024.7963877802977, Client_0711, 3.072E7
2025.5054327802977, Client_0161, 3.072E7
2026.7036573077244, Client_0603, 3.072E7
2028.332176281043, Client_0602, 3.072E7
2029.5398386050401, Client_0711, 3.072E7
2030.2488836050402, Client_0161, 3.072E7
2031.4471081324668, Client_0603, 3.072E7
2033.0756271057855, Client_0602, 3.072E7
2034.2832894297826, Client_0711, 3.072E7
2034.9923344297827, Client_0161, 3.072E7
2036.1905589572093, Client_0603, 3.072E7
2037.819077930528, Client_0602, 3.072E7
2039.026740254525, Client_0711, 3.072E7
2039.7357852545251, Client_0161, 3.072E7
2040.9340097819518, Client_0603, 3.072E7
2042.5625287552705, Client_0602, 3.072E7
2043.7701910792675, Client_0711, 3.072E7
2044.4792360792676, Client_0161, 3.072E7
2045.6774606066942, Client_0603, 3.072E7
2047.305979580013, Client_0602, 3.072E7
2048.51364190401, Client_0711, 3.072E7
2049.22268690401, Client_0161, 3.072E7
2050.4209114314367, Client_0603, 3.072E7
2052.049430404755, Client_0602, 3.072E7
2053.2570927287525, Client_0711, 3.072E7
2053.9661377287525, Client_0161, 3.072E7
2055.164362256179, Client_0603, 3.072E7
2056.7928812294977, Client_0602, 3.072E7
2058.000543553495, Client_0711, 3.072E7
2058.709588553495, Client_0161, 3.072E7
2059.9078130809216, Client_0603, 3.072E7
2061.53633205424, Client_0602, 3.072E7
2062.7439943782374, Client_0711, 3.072E7
2063.4530393782375, Client_0161, 3.072E7
2064.651263905664, Client_0603, 3.072E7
2066.2797828789826, Client_0602, 3.072E7
2067.48744520298, Client_0711, 3.072E7
2068.19649020298, Client_0161, 3.072E7
2069.3947147304066, Client_0603, 3.072E7
2071.023233703725, Client_0602, 3.072E7
2072.2308960277223, Client_0711, 3.072E7
2072.9399410277224, Client_0161, 3.072E7
2074.138165555149, Client_0603, 3.072E7
2075.7666845284675, Client_0602, 3.072E7
2076.974346852465, Client_0711, 3.072E7
2078.8816163798915, Client_0603, 3.072E7
2080.510129115574, Client_0602, 3.072E7
2082.683391852465, Client_0161, 3.072E7
2083.625067204634, Client_0603, 3.072E7
2085.2535799403163, Client_0602, 3.072E7
2086.7177976772073, Client_0711, 3.072E7
2087.4268426772073, Client_0161, 3.072E7
2088.3685180293764, Client_0603, 3.072E7
2089.9970307650588, Client_0602, 3.072E7
2091.4612485019497, Client_0711, 3.072E7
2092.17029350195, Client_0161, 3.072E7
2094.740481589801, Client_0602, 3.072E7
2096.204699326692, Client_0711, 3.072E7
2096.9137443266923, Client_0161, 3.072E7
2098.111968854119, Client_0603, 3.072E7
2099.4839324145437, Client_0602, 3.072E7
2100.9481501514347, Client_0711, 3.072E7
2101.6571951514347, Client_0161, 3.072E7
2102.8554196788614, Client_0603, 3.072E7
2104.227383239286, Client_0602, 3.072E7
2105.691600976177, Client_0711, 3.072E7
2106.400645976177, Client_0161, 3.072E7
2107.598870503604, Client_0603, 3.072E7
2108.9708340640286, Client_0602, 3.072E7
2110.4350518009196, Client_0711, 3.072E7
2111.1440968009197, Client_0161, 3.072E7
2112.3423213283463, Client_0603, 3.072E7
2113.714284888771, Client_0602, 3.072E7
2115.178502625662, Client_0711, 3.072E7
2115.887547625662, Client_0161, 3.072E7
2117.085772153089, Client_0603, 3.072E7
2119.9219534504045, Client_0711, 3.072E7
2120.6309984504046, Client_0161, 3.072E7
2121.8292229778313, Client_0603, 3.072E7
2123.4577357135136, Client_0602, 3.072E7
2124.665404275147, Client_0711, 3.072E7
2125.374449275147, Client_0161, 3.072E7
2126.5726738025737, Client_0603, 3.072E7
2128.201186538256, Client_0602, 3.072E7
2129.4088550998895, Client_0711, 3.072E7
2130.1179000998895, Client_0161, 3.072E7
2131.316124627316, Client_0603, 3.072E7
2132.9446373629985, Client_0602, 3.072E7
2134.152305924632, Client_0711, 3.072E7
2134.861350924632, Client_0161, 3.072E7
2136.0595754520587, Client_0603, 3.072E7
2137.688088187741, Client_0602, 3.072E7
2138.8957567493744, Client_0711, 3.072E7
2139.6048017493745, Client_0161, 3.072E7
2140.803026276801, Client_0603, 3.072E7
2142.4315390124834, Client_0602, 3.072E7
2143.639207574117, Client_0711, 3.072E7
2144.348252574117, Client_0161, 3.072E7
2145.5464771015436, Client_0603, 3.072E7
2147.174989837226, Client_0602, 3.072E7
2148.3826583988593, Client_0711, 3.072E7
2149.0917033988594, Client_0161, 3.072E7
2150.289927926286, Client_0603, 3.072E7
2151.9184406619684, Client_0602, 3.072E7
2153.126109223602, Client_0711, 3.072E7
2153.835154223602, Client_0161, 3.072E7
2155.0333787510285, Client_0603, 3.072E7
2156.661891486711, Client_0602, 3.072E7
2157.8695600483443, Client_0711, 3.072E7
2158.5786050483443, Client_0161, 3.072E7
2159.776829575771, Client_0603, 3.072E7
2161.4053423114533, Client_0602, 3.072E7
2162.6130108730868, Client_0711, 3.072E7
2163.322055873087, Client_0161, 3.072E7
2164.5202804005135, Client_0603, 3.072E7
2166.1487931361958, Client_0602, 3.072E7
2167.356461697829, Client_0711, 3.072E7
2168.0655066978293, Client_0161, 3.072E7
2169.263731225256, Client_0603, 3.072E7
2170.8922439609382, Client_0602, 3.072E7
2172.0999125225717, Client_0711, 3.072E7
2172.8089575225717, Client_0161, 3.072E7
2174.0071820499984, Client_0603, 3.072E7
2175.6356947856807, Client_0602, 3.072E7
2178.750632874741, Client_0603, 3.072E7
2180.379145610423, Client_0602, 3.072E7
2181.843363347314, Client_0711, 3.072E7
2182.552408347314, Client_0161, 3.072E7
2183.4940836994833, Client_0603, 3.072E7
2185.1225964351656, Client_0602, 3.072E7
2186.5868141720566, Client_0711, 3.072E7
2187.2958591720567, Client_0161, 3.072E7
2188.237534524226, Client_0603, 3.072E7
2189.866047259908, Client_0602, 3.072E7
2191.330264996799, Client_0711, 3.072E7
2192.039309996799, Client_0161, 3.072E7
2194.6094980846506, Client_0602, 3.072E7
2196.0737158215416, Client_0711, 3.072E7
2196.7827608215416, Client_0161, 3.072E7
2197.9809853489683, Client_0603, 3.072E7
2199.352948909393, Client_0602, 3.072E7
2200.817166646284, Client_0711, 3.072E7
2201.526211646284, Client_0161, 3.072E7
2202.7244361737107, Client_0603, 3.072E7
2204.0963997341355, Client_0602, 3.072E7
2205.5606174710265, Client_0711, 3.072E7
2206.2696624710265, Client_0161, 3.072E7
2207.467886998453, Client_0603, 3.072E7
2208.839850558878, Client_0602, 3.072E7
2210.304068295769, Client_0711, 3.072E7
2211.013113295769, Client_0161, 3.072E7
2212.2113378231957, Client_0603, 3.072E7
2213.5833013836204, Client_0602, 3.072E7
2215.0475191205114, Client_0711, 3.072E7
2215.7565641205115, Client_0161, 3.072E7
2216.954788647938, Client_0603, 3.072E7
2219.790969945254, Client_0711, 3.072E7
2220.500014945254, Client_0161, 3.072E7
2221.6982394726806, Client_0603, 3.072E7
2223.326752208363, Client_0602, 3.072E7
2224.5344207699964, Client_0711, 3.072E7
2225.2434657699964, Client_0161, 3.072E7
2226.441690297423, Client_0603, 3.072E7
2228.0702030331054, Client_0602, 3.072E7
2229.277871594739, Client_0711, 3.072E7
2229.986916594739, Client_0161, 3.072E7
2231.1851411221655, Client_0603, 3.072E7
2232.813653857848, Client_0602, 3.072E7
2234.0213224194813, Client_0711, 3.072E7
2234.7303674194814, Client_0161, 3.072E7
2235.928591946908, Client_0603, 3.072E7
2237.5571046825903, Client_0602, 3.072E7
2238.7647732442238, Client_0711, 3.072E7
2239.473818244224, Client_0161, 3.072E7
2240.6720427716505, Client_0603, 3.072E7
2242.300555507333, Client_0602, 3.072E7
2243.5082240689662, Client_0711, 3.072E7
2244.2172690689663, Client_0161, 3.072E7
2245.415493596393, Client_0603, 3.072E7
2247.0440063320752, Client_0602, 3.072E7
2248.2516748937087, Client_0711, 3.072E7
2248.9607198937088, Client_0161, 3.072E7
2250.1589444211354, Client_0603, 3.072E7
2251.7874571568177, Client_0602, 3.072E7
2252.995125718451, Client_0711, 3.072E7
2253.704170718451, Client_0161, 3.072E7
2254.902395245878, Client_0603, 3.072E7
2256.53090798156, Client_0602, 3.072E7
2257.7385765431936, Client_0711, 3.072E7
2258.4476215431937, Client_0161, 3.072E7
2259.6458460706203, Client_0603, 3.072E7
2261.2743588063026, Client_0602, 3.072E7
2262.482027367936, Client_0711, 3.072E7
2263.191072367936, Client_0161, 3.072E7
2264.389296895363, Client_0603, 3.072E7
2266.017809631045, Client_0602, 3.072E7
2267.2254781926786, Client_0711, 3.072E7
2267.9345231926786, Client_0161, 3.072E7
2269.1327477201053, Client_0603, 3.072E7
2270.7612604557876, Client_0602, 3.072E7
2271.968929017421, Client_0711, 3.072E7
2273.8761985448477, Client_0603, 3.072E7
2275.50471128053, Client_0602, 3.072E7
2277.677974017421, Client_0161, 3.072E7
2278.61964936959, Client_0603, 3.072E7
2280.2481621052725, Client_0602, 3.072E7
2281.7123798421635, Client_0711, 3.072E7
2282.4214248421636, Client_0161, 3.072E7
2283.3631001943327, Client_0603, 3.072E7
2284.991612930015, Client_0602, 3.072E7
2286.455830666906, Client_0711, 3.072E7
2287.164875666906, Client_0161, 3.072E7
2289.7350637547574, Client_0602, 3.072E7
2291.1992814916484, Client_0711, 3.072E7
2291.9083264916485, Client_0161, 3.072E7
2293.106551019075, Client_0603, 3.072E7
2294.478512054227, Client_0602, 3.072E7
2295.942732316391, Client_0711, 3.072E7
2296.651777316391, Client_0161, 3.072E7
2297.8500018438176, Client_0603, 3.072E7
2299.2219628789694, Client_0602, 3.072E7
2300.6861831411334, Client_0711, 3.072E7
2301.3952281411334, Client_0161, 3.072E7
2302.59345266856, Client_0603, 3.072E7
2303.965413703712, Client_0602, 3.072E7
2305.429633965876, Client_0711, 3.072E7
2306.138678965876, Client_0161, 3.072E7
2307.3369034933025, Client_0603, 3.072E7
2308.7088645284543, Client_0602, 3.072E7
2310.1730847906183, Client_0711, 3.072E7
2310.8821297906184, Client_0161, 3.072E7
2312.080354318045, Client_0603, 3.072E7
2314.9165356153608, Client_0711, 3.072E7
2315.625580615361, Client_0161, 3.072E7
2316.8238051427875, Client_0603, 3.072E7
2318.452315353197, Client_0602, 3.072E7
2319.6599864401032, Client_0711, 3.072E7
2320.3690314401033, Client_0161, 3.072E7
2321.56725596753, Client_0603, 3.072E7
2323.1957661779393, Client_0602, 3.072E7
2324.4034372648457, Client_0711, 3.072E7
2325.1124822648458, Client_0161, 3.072E7
2326.3107067922724, Client_0603, 3.072E7
2327.9392170026817, Client_0602, 3.072E7
2329.146888089588, Client_0711, 3.072E7
2329.8559330895882, Client_0161, 3.072E7
2331.054157617015, Client_0603, 3.072E7
2332.682667827424, Client_0602, 3.072E7
2333.8903389143306, Client_0711, 3.072E7
2334.5993839143307, Client_0161, 3.072E7
2335.7976084417573, Client_0603, 3.072E7
2337.4261186521667, Client_0602, 3.072E7
2338.633789739073, Client_0711, 3.072E7
2339.342834739073, Client_0161, 3.072E7
2340.5410592665, Client_0603, 3.072E7
2342.169569476909, Client_0602, 3.072E7
2343.3772405638156, Client_0711, 3.072E7
2344.0862855638156, Client_0161, 3.072E7
2345.2845100912423, Client_0603, 3.072E7
2346.9130203016516, Client_0602, 3.072E7
2348.120691388558, Client_0711, 3.072E7
2348.829736388558, Client_0161, 3.072E7
2350.0279609159847, Client_0603, 3.072E7
2351.656471126394, Client_0602, 3.072E7
2352.8641422133005, Client_0711, 3.072E7
2353.5731872133006, Client_0161, 3.072E7
2354.771411740727, Client_0603, 3.072E7
2356.3999219511365, Client_0602, 3.072E7
2357.607593038043, Client_0711, 3.072E7
2358.316638038043, Client_0161, 3.072E7
2359.5148625654697, Client_0603, 3.072E7
2361.143372775879, Client_0602, 3.072E7
2362.3510438627854, Client_0711, 3.072E7
2363.0600888627855, Client_0161, 3.072E7
2364.258313390212, Client_0603, 3.072E7
2365.8868236006215, Client_0602, 3.072E7
2367.094494687528, Client_0711, 3.072E7
2367.803539687528, Client_0161, 3.072E7
2369.0017642149546, Client_0603, 3.072E7
2370.630274425364, Client_0602, 3.072E7
2373.745215039697, Client_0603, 3.072E7
2375.3737252501064, Client_0602, 3.072E7
2376.8379455122704, Client_0711, 3.072E7
2377.5469905122704, Client_0161, 3.072E7
2378.4886658644396, Client_0603, 3.072E7
2380.117176074849, Client_0602, 3.072E7
2381.581396337013, Client_0711, 3.072E7
2382.290441337013, Client_0161, 3.072E7
2383.232116689182, Client_0603, 3.072E7
2384.8606268995914, Client_0602, 3.072E7
2386.3248471617553, Client_0711, 3.072E7
2387.0338921617554, Client_0161, 3.072E7
2389.604077724334, Client_0602, 3.072E7
2391.068297986498, Client_0711, 3.072E7
2391.777342986498, Client_0161, 3.072E7
2392.9755675139245, Client_0603, 3.072E7
2394.3475285490763, Client_0602, 3.072E7
2395.8117488112402, Client_0711, 3.072E7
2396.5207938112403, Client_0161, 3.072E7
2397.719018338667, Client_0603, 3.072E7
2399.0909793738188, Client_0602, 3.072E7
2400.5551996359827, Client_0711, 3.072E7
2401.264244635983, Client_0161, 3.072E7
2402.4624691634094, Client_0603, 3.072E7
2403.834430198561, Client_0602, 3.072E7
2405.298650460725, Client_0711, 3.072E7
2406.0076954607252, Client_0161, 3.072E7
2407.205919988152, Client_0603, 3.072E7
2408.5778810233037, Client_0602, 3.072E7
2410.0421012854677, Client_0711, 3.072E7
2410.7511462854677, Client_0161, 3.072E7
2411.9493708128944, Client_0603, 3.072E7
2414.78555211021, Client_0711, 3.072E7
2415.49459711021, Client_0161, 3.072E7
2416.692821637637, Client_0603, 3.072E7
2418.321331848046, Client_0602, 3.072E7
2419.5290029349526, Client_0711, 3.072E7
2420.2380479349526, Client_0161, 3.072E7
2421.4362724623793, Client_0603, 3.072E7
2423.0647826727886, Client_0602, 3.072E7
2424.272453759695, Client_0711, 3.072E7
2424.981498759695, Client_0161, 3.072E7
2426.1797232871218, Client_0603, 3.072E7
2427.808233497531, Client_0602, 3.072E7
2429.0159045844375, Client_0711, 3.072E7
2429.7249495844376, Client_0161, 3.072E7
2430.9231741118642, Client_0603, 3.072E7
2432.5516843222736, Client_0602, 3.072E7
2433.75935540918, Client_0711, 3.072E7
2434.46840040918, Client_0161, 3.072E7
2435.6666249366067, Client_0603, 3.072E7
2437.295135147016, Client_0602, 3.072E7
2438.5028062339225, Client_0711, 3.072E7
2439.2118512339225, Client_0161, 3.072E7
2440.410075761349, Client_0603, 3.072E7
2442.0385859717585, Client_0602, 3.072E7
2443.246257058665, Client_0711, 3.072E7
2443.955302058665, Client_0161, 3.072E7
2445.1535265860916, Client_0603, 3.072E7
2446.782036796501, Client_0602, 3.072E7
2447.9897078834074, Client_0711, 3.072E7
2448.6987528834075, Client_0161, 3.072E7
2449.896977410834, Client_0603, 3.072E7
2451.5254876212434, Client_0602, 3.072E7
2452.73315870815, Client_0711, 3.072E7
2453.44220370815, Client_0161, 3.072E7
2454.6404282355766, Client_0603, 3.072E7
2456.268938445986, Client_0602, 3.072E7
2457.4766095328923, Client_0711, 3.072E7
2458.1856545328924, Client_0161, 3.072E7
2459.383879060319, Client_0603, 3.072E7
2461.0123892707284, Client_0602, 3.072E7
2462.220060357635, Client_0711, 3.072E7
2462.929105357635, Client_0161, 3.072E7
2464.1273298850615, Client_0603, 3.072E7
2465.755840095471, Client_0602, 3.072E7
2466.9635111823773, Client_0711, 3.072E7
2468.870780709804, Client_0603, 3.072E7
2470.4992909202133, Client_0602, 3.072E7
2472.6725561823773, Client_0161, 3.072E7
2473.6142315345464, Client_0603, 3.072E7
2475.2427417449558, Client_0602, 3.072E7
2476.7069620071197, Client_0711, 3.072E7
2477.41600700712, Client_0161, 3.072E7
2478.357682359289, Client_0603, 3.072E7
2479.9861925696982, Client_0602, 3.072E7
2481.450412831862, Client_0711, 3.072E7
2482.1594578318623, Client_0161, 3.072E7
2484.7296433944407, Client_0602, 3.072E7
2486.1938636566047, Client_0711, 3.072E7
2486.9029086566047, Client_0161, 3.072E7
2488.1011331840314, Client_0603, 3.072E7
2489.473094219183, Client_0602, 3.072E7
2490.937314481347, Client_0711, 3.072E7
2491.646359481347, Client_0161, 3.072E7
2492.844584008774, Client_0603, 3.072E7
2494.2165450439256, Client_0602, 3.072E7
2495.6807653060896, Client_0711, 3.072E7
2496.3898103060897, Client_0161, 3.072E7
2497.5880348335163, Client_0603, 3.072E7
2498.959995868668, Client_0602, 3.072E7
2500.424216130832, Client_0711, 3.072E7
2501.133261130832, Client_0161, 3.072E7
2502.3314856582588, Client_0603, 3.072E7
2503.7034466934106, Client_0602, 3.072E7
2505.1676669555745, Client_0711, 3.072E7
2505.8767119555746, Client_0161, 3.072E7
2507.0749364830012, Client_0603, 3.072E7
2509.911117780317, Client_0711, 3.072E7
2510.620162780317, Client_0161, 3.072E7
2511.8183873077437, Client_0603, 3.072E7
2513.446897518153, Client_0602, 3.072E7
2514.6545686050595, Client_0711, 3.072E7
2515.3636136050595, Client_0161, 3.072E7
2516.561838132486, Client_0603, 3.072E7
2518.1903483428955, Client_0602, 3.072E7
2519.398019429802, Client_0711, 3.072E7
2520.107064429802, Client_0161, 3.072E7
2521.3052889572286, Client_0603, 3.072E7
2522.933799167638, Client_0602, 3.072E7
2524.1414702545444, Client_0711, 3.072E7
2524.8505152545445, Client_0161, 3.072E7
2526.048739781971, Client_0603, 3.072E7
2527.6772499923804, Client_0602, 3.072E7
2528.884921079287, Client_0711, 3.072E7
2529.593966079287, Client_0161, 3.072E7
2530.7921906067136, Client_0603, 3.072E7
2532.420700817123, Client_0602, 3.072E7
2533.6283719040293, Client_0711, 3.072E7
2534.3374169040294, Client_0161, 3.072E7
2535.535641431456, Client_0603, 3.072E7
2537.1641516418654, Client_0602, 3.072E7
2538.371822728772, Client_0711, 3.072E7
2539.080867728772, Client_0161, 3.072E7
2540.2790922561985, Client_0603, 3.072E7
2541.907602466608, Client_0602, 3.072E7
2543.1152735535143, Client_0711, 3.072E7
2543.8243185535143, Client_0161, 3.072E7
2545.022543080941, Client_0603, 3.072E7
2546.6510532913503, Client_0602, 3.072E7
2547.8587243782567, Client_0711, 3.072E7
2548.567769378257, Client_0161, 3.072E7
2549.7659939056834, Client_0603, 3.072E7
2551.394504116093, Client_0602, 3.072E7
2552.602175202999, Client_0711, 3.072E7
2553.3112202029993, Client_0161, 3.072E7
2554.509444730426, Client_0603, 3.072E7
2556.1379549408352, Client_0602, 3.072E7
2557.3456260277417, Client_0711, 3.072E7
2558.0546710277417, Client_0161, 3.072E7
2559.2528955551684, Client_0603, 3.072E7
2560.8814057655777, Client_0602, 3.072E7
2562.089076852484, Client_0711, 3.072E7
2562.798121852484, Client_0161, 3.072E7
2563.996346379911, Client_0603, 3.072E7
2565.62485659032, Client_0602, 3.072E7
2568.7397972046533, Client_0603, 3.072E7
2570.3683074150626, Client_0602, 3.072E7
2571.8325276772266, Client_0711, 3.072E7
2572.5415726772267, Client_0161, 3.072E7
2573.483248029396, Client_0603, 3.072E7
2575.111758239805, Client_0602, 3.072E7
2576.575978501969, Client_0711, 3.072E7
2577.285023501969, Client_0161, 3.072E7
2578.2266988541382, Client_0603, 3.072E7
2579.8552090645476, Client_0602, 3.072E7
2581.3194293267115, Client_0711, 3.072E7
2582.0284743267116, Client_0161, 3.072E7
2584.59865988929, Client_0602, 3.072E7
2586.062880151454, Client_0711, 3.072E7
2586.771925151454, Client_0161, 3.072E7
2587.9701496788807, Client_0603, 3.072E7
2589.3421107140325, Client_0602, 3.072E7
2590.8063309761965, Client_0711, 3.072E7
2591.5153759761965, Client_0161, 3.072E7
2592.713600503623, Client_0603, 3.072E7
2594.085561538775, Client_0602, 3.072E7
2595.549781800939, Client_0711, 3.072E7
2596.258826800939, Client_0161, 3.072E7
2597.4570513283657, Client_0603, 3.072E7
2598.8290123635174, Client_0602, 3.072E7
2600.2932326256814, Client_0711, 3.072E7
2601.0022776256815, Client_0161, 3.072E7
2602.200502153108, Client_0603, 3.072E7
2603.57246318826, Client_0602, 3.072E7
2605.036683450424, Client_0711, 3.072E7
2605.745728450424, Client_0161, 3.072E7
2606.9439529778506, Client_0603, 3.072E7
2609.7801342751663, Client_0711, 3.072E7
2610.4891792751664, Client_0161, 3.072E7
2611.687403802593, Client_0603, 3.072E7
2613.3159140130024, Client_0602, 3.072E7
2614.523585099909, Client_0711, 3.072E7
2615.232630099909, Client_0161, 3.072E7
2616.4308546273355, Client_0603, 3.072E7
2618.059364837745, Client_0602, 3.072E7
2619.2670359246513, Client_0711, 3.072E7
2619.9760809246513, Client_0161, 3.072E7
2621.174305452078, Client_0603, 3.072E7
2622.8028156624873, Client_0602, 3.072E7
2624.0104867493937, Client_0711, 3.072E7
2624.719531749394, Client_0161, 3.072E7
2625.9177562768205, Client_0603, 3.072E7
2627.54626648723, Client_0602, 3.072E7
2628.753937574136, Client_0711, 3.072E7
2629.4629825741363, Client_0161, 3.072E7
2630.661207101563, Client_0603, 3.072E7
2632.2897173119723, Client_0602, 3.072E7
2633.4973883988787, Client_0711, 3.072E7
2634.2064333988787, Client_0161, 3.072E7
2635.4046579263054, Client_0603, 3.072E7
2637.0331681367147, Client_0602, 3.072E7
2638.240839223621, Client_0711, 3.072E7
2638.949884223621, Client_0161, 3.072E7
2640.148108751048, Client_0603, 3.072E7
2641.776618961457, Client_0602, 3.072E7
2642.9842900483636, Client_0711, 3.072E7
2643.6933350483637, Client_0161, 3.072E7
2644.8915595757903, Client_0603, 3.072E7
2646.5200697861997, Client_0602, 3.072E7
2647.727740873106, Client_0711, 3.072E7
2648.436785873106, Client_0161, 3.072E7
2649.635010400533, Client_0603, 3.072E7
2651.263520610942, Client_0602, 3.072E7
2652.4711916978486, Client_0711, 3.072E7
2653.1802366978486, Client_0161, 3.072E7
2654.3784612252753, Client_0603, 3.072E7
2656.0069714356846, Client_0602, 3.072E7
2657.214642522591, Client_0711, 3.072E7
2657.923687522591, Client_0161, 3.072E7
2659.1219120500177, Client_0603, 3.072E7
2660.750422260427, Client_0602, 3.072E7
2661.9580933473335, Client_0711, 3.072E7
2663.86536287476, Client_0603, 3.072E7
2665.4938730851695, Client_0602, 3.072E7
2667.6671383473335, Client_0161, 3.072E7
2668.6088136995027, Client_0603, 3.072E7
2670.237323909912, Client_0602, 3.072E7
2671.701544172076, Client_0711, 3.072E7
2672.410589172076, Client_0161, 3.072E7
2673.352264524245, Client_0603, 3.072E7
2674.9807747346545, Client_0602, 3.072E7
2676.4449949968184, Client_0711, 3.072E7
2677.1540399968185, Client_0161, 3.072E7
2679.724225559397, Client_0602, 3.072E7
2681.188445821561, Client_0711, 3.072E7
2681.897490821561, Client_0161, 3.072E7
2683.0957153489876, Client_0603, 3.072E7
2684.4676763841394, Client_0602, 3.072E7
2685.9318966463034, Client_0711, 3.072E7
2686.6409416463034, Client_0161, 3.072E7
2687.83916617373, Client_0603, 3.072E7
2689.211127208882, Client_0602, 3.072E7
2690.675347471046, Client_0711, 3.072E7
2691.384392471046, Client_0161, 3.072E7
2692.5826169984725, Client_0603, 3.072E7
2693.9545780336243, Client_0602, 3.072E7
2695.4187982957883, Client_0711, 3.072E7
2696.1278432957884, Client_0161, 3.072E7
2697.326067823215, Client_0603, 3.072E7
2698.698028858367, Client_0602, 3.072E7
2700.1622491205308, Client_0711, 3.072E7
2700.871294120531, Client_0161, 3.072E7
2702.0695186479575, Client_0603, 3.072E7
2704.905699945273, Client_0711, 3.072E7
2705.6147449452733, Client_0161, 3.072E7
2706.8129694727, Client_0603, 3.072E7
2708.4414796831093, Client_0602, 3.072E7
2709.6491507700157, Client_0711, 3.072E7
2710.3581957700158, Client_0161, 3.072E7
2711.5564202974424, Client_0603, 3.072E7
2713.1849305078517, Client_0602, 3.072E7
2714.392601594758, Client_0711, 3.072E7
2715.101646594758, Client_0161, 3.072E7
2716.299871122185, Client_0603, 3.072E7
2717.928381332594, Client_0602, 3.072E7
2719.1360524195006, Client_0711, 3.072E7
2719.8450974195007, Client_0161, 3.072E7
2721.0433219469273, Client_0603, 3.072E7
2722.6718321573367, Client_0602, 3.072E7
2723.879503244243, Client_0711, 3.072E7
2724.588548244243, Client_0161, 3.072E7
2725.78677277167, Client_0603, 3.072E7
2727.415282982079, Client_0602, 3.072E7
2728.6229540689856, Client_0711, 3.072E7
2729.3319990689856, Client_0161, 3.072E7
2730.5302235964123, Client_0603, 3.072E7
2732.1587338068216, Client_0602, 3.072E7
2733.366404893728, Client_0711, 3.072E7
2734.075449893728, Client_0161, 3.072E7
2735.2736744211547, Client_0603, 3.072E7
2736.902184631564, Client_0602, 3.072E7
2738.1098557184705, Client_0711, 3.072E7
2738.8189007184706, Client_0161, 3.072E7
2740.017125245897, Client_0603, 3.072E7
2741.6456354563065, Client_0602, 3.072E7
2742.853306543213, Client_0711, 3.072E7
2743.562351543213, Client_0161, 3.072E7
2744.7605760706397, Client_0603, 3.072E7
2746.389086281049, Client_0602, 3.072E7
2747.5967573679554, Client_0711, 3.072E7
2748.3058023679555, Client_0161, 3.072E7
2749.504026895382, Client_0603, 3.072E7
2751.1325371057915, Client_0602, 3.072E7
2752.340208192698, Client_0711, 3.072E7
2753.049253192698, Client_0161, 3.072E7
2754.2474777201246, Client_0603, 3.072E7
2755.875987930534, Client_0602, 3.072E7
2757.0836590174404, Client_0711, 3.072E7
2757.7927040174404, Client_0161, 3.072E7
2758.990928544867, Client_0603, 3.072E7
2760.6194387552764, Client_0602, 3.072E7
2763.7343793696095, Client_0603, 3.072E7
2765.362889580019, Client_0602, 3.072E7
2766.827109842183, Client_0711, 3.072E7
2767.536154842183, Client_0161, 3.072E7
2768.477830194352, Client_0603, 3.072E7
2770.1063404047613, Client_0602, 3.072E7
2771.5705606669253, Client_0711, 3.072E7
2772.2796038694714, Client_0161, 3.072E7
2773.2212810190945, Client_0603, 3.072E7
2774.849791229504, Client_0602, 3.072E7
2776.314009694214, Client_0711, 3.072E7
2777.023054694214, Client_0161, 3.072E7
2779.5932420542463, Client_0602, 3.072E7
2781.0574605189563, Client_0711, 3.072E7
2781.7665055189564, Client_0161, 3.072E7
2782.964731843837, Client_0603, 3.072E7
2784.3366928789887, Client_0602, 3.072E7
2785.8009113436988, Client_0711, 3.072E7
2786.509956343699, Client_0161, 3.072E7
2787.7081826685794, Client_0603, 3.072E7
2789.080143703731, Client_0602, 3.072E7
2790.5443621684412, Client_0711, 3.072E7
2791.2534071684413, Client_0161, 3.072E7
2792.451633493322, Client_0603, 3.072E7
2793.8235945284737, Client_0602, 3.072E7
2795.2878129931837, Client_0711, 3.072E7
2795.9968579931838, Client_0161, 3.072E7
2797.1950843180643, Client_0603, 3.072E7
2798.567045353216, Client_0602, 3.072E7
2800.031263817926, Client_0711, 3.072E7
2800.7403088179262, Client_0161, 3.072E7
2801.938535142807, Client_0603, 3.072E7
2804.7747146426686, Client_0711, 3.072E7
2805.4837596426687, Client_0161, 3.072E7
2806.6819859675493, Client_0603, 3.072E7
2808.3104961779586, Client_0602, 3.072E7
2809.518165467411, Client_0711, 3.072E7
2810.227210467411, Client_0161, 3.072E7
2811.4254367922917, Client_0603, 3.072E7
2813.053947002701, Client_0602, 3.072E7
2814.2616162921536, Client_0711, 3.072E7
2814.9706612921536, Client_0161, 3.072E7
2816.168887617034, Client_0603, 3.072E7
2817.7973978274435, Client_0602, 3.072E7
2819.005067116896, Client_0711, 3.072E7
2819.714112116896, Client_0161, 3.072E7
2820.9123384417767, Client_0603, 3.072E7
2822.540848652186, Client_0602, 3.072E7
2823.7485179416385, Client_0711, 3.072E7
2824.4575629416386, Client_0161, 3.072E7
2825.655789266519, Client_0603, 3.072E7
2827.2842994769285, Client_0602, 3.072E7
2828.491968766381, Client_0711, 3.072E7
2829.201013766381, Client_0161, 3.072E7
2830.3992400912616, Client_0603, 3.072E7
2832.027750301671, Client_0602, 3.072E7
2833.2354195911234, Client_0711, 3.072E7
2833.9444645911235, Client_0161, 3.072E7
2835.142690916004, Client_0603, 3.072E7
2836.7712011264134, Client_0602, 3.072E7
2837.978870415866, Client_0711, 3.072E7
2838.687915415866, Client_0161, 3.072E7
2839.8861417407466, Client_0603, 3.072E7
2841.514651951156, Client_0602, 3.072E7
2842.7223212406084, Client_0711, 3.072E7
2843.4313662406084, Client_0161, 3.072E7
2844.629592565489, Client_0603, 3.072E7
2846.2581027758984, Client_0602, 3.072E7
2847.465772065351, Client_0711, 3.072E7
2848.174817065351, Client_0161, 3.072E7
2849.3730433902315, Client_0603, 3.072E7
2851.001553600641, Client_0602, 3.072E7
2852.2092228900933, Client_0711, 3.072E7
2852.9182678900934, Client_0161, 3.072E7
2854.116494214974, Client_0603, 3.072E7
2855.7450044253833, Client_0602, 3.072E7
2856.952673714836, Client_0711, 3.072E7
2858.8599450397164, Client_0603, 3.072E7
2860.4884552501258, Client_0602, 3.072E7
2862.661718714836, Client_0161, 3.072E7
2863.603395864459, Client_0603, 3.072E7
2865.231906074868, Client_0602, 3.072E7
2866.6961245395782, Client_0711, 3.072E7
2867.4051695395783, Client_0161, 3.072E7
2868.3468466892014, Client_0603, 3.072E7
2869.9753568996107, Client_0602, 3.072E7
2871.4395753643207, Client_0711, 3.072E7
2872.148620364321, Client_0161, 3.072E7
2874.718807724353, Client_0602, 3.072E7
2876.183026189063, Client_0711, 3.072E7
2876.8920711890632, Client_0161, 3.072E7
2878.090297513944, Client_0603, 3.072E7
2879.4622585490956, Client_0602, 3.072E7
2880.9264770138057, Client_0711, 3.072E7
2881.6355220138057, Client_0161, 3.072E7
2882.8337483386863, Client_0603, 3.072E7
2884.205709373838, Client_0602, 3.072E7
2885.669927838548, Client_0711, 3.072E7
2886.378972838548, Client_0161, 3.072E7
2887.5771991634288, Client_0603, 3.072E7
2888.9491601985806, Client_0602, 3.072E7
2890.4133786632906, Client_0711, 3.072E7
2891.1224236632906, Client_0161, 3.072E7
2892.320649988171, Client_0603, 3.072E7
2893.692611023323, Client_0602, 3.072E7
2895.156829488033, Client_0711, 3.072E7
2895.865874488033, Client_0161, 3.072E7
2897.0641008129137, Client_0603, 3.072E7
2899.9002803127755, Client_0711, 3.072E7
2900.6093253127756, Client_0161, 3.072E7
2901.807551637656, Client_0603, 3.072E7
2903.4360618480655, Client_0602, 3.072E7
2904.643731137518, Client_0711, 3.072E7
2905.352776137518, Client_0161, 3.072E7
2906.5510024623986, Client_0603, 3.072E7
2908.179512672808, Client_0602, 3.072E7
2909.3871819622605, Client_0711, 3.072E7
2910.0962269622605, Client_0161, 3.072E7
2911.294453287141, Client_0603, 3.072E7
2912.9229634975504, Client_0602, 3.072E7
2914.130632787003, Client_0711, 3.072E7
2914.839677787003, Client_0161, 3.072E7
2916.0379041118836, Client_0603, 3.072E7
2917.666414322293, Client_0602, 3.072E7
2918.8740836117454, Client_0711, 3.072E7
2919.5831286117455, Client_0161, 3.072E7
2920.781354936626, Client_0603, 3.072E7
2922.4098651470354, Client_0602, 3.072E7
2923.617534436488, Client_0711, 3.072E7
2924.326579436488, Client_0161, 3.072E7
2925.5248057613685, Client_0603, 3.072E7
2927.153315971778, Client_0602, 3.072E7
2928.3609852612303, Client_0711, 3.072E7
2929.0700302612304, Client_0161, 3.072E7
2930.268256586111, Client_0603, 3.072E7
2931.8967667965203, Client_0602, 3.072E7
2933.104436085973, Client_0711, 3.072E7
2933.813481085973, Client_0161, 3.072E7
2935.0117074108534, Client_0603, 3.072E7
2936.6402176212628, Client_0602, 3.072E7
2937.8478869107153, Client_0711, 3.072E7
2938.5569319107153, Client_0161, 3.072E7
2939.755158235596, Client_0603, 3.072E7
2941.3836684460052, Client_0602, 3.072E7
2942.5913377354577, Client_0711, 3.072E7
2943.300382735458, Client_0161, 3.072E7
2944.4986090603384, Client_0603, 3.072E7
2946.1271192707477, Client_0602, 3.072E7
2947.3347885602, Client_0711, 3.072E7
2948.0438335602003, Client_0161, 3.072E7
2949.242059885081, Client_0603, 3.072E7
2950.87057009549, Client_0602, 3.072E7
2952.0782393849427, Client_0711, 3.072E7
2952.7872843849427, Client_0161, 3.072E7
2953.9855107098233, Client_0603, 3.072E7
2955.6140209202326, Client_0602, 3.072E7
2958.7289615345658, Client_0603, 3.072E7
2960.357471744975, Client_0602, 3.072E7
2961.821690209685, Client_0711, 3.072E7
2962.530735209685, Client_0161, 3.072E7
2963.4724123593082, Client_0603, 3.072E7
2965.1009225697176, Client_0602, 3.072E7
2966.5651410344276, Client_0711, 3.072E7
2967.2741860344277, Client_0161, 3.072E7
2968.2158631840507, Client_0603, 3.072E7
2969.84437339446, Client_0602, 3.072E7
2971.30859185917, Client_0711, 3.072E7
2972.01763685917, Client_0161, 3.072E7
2974.5878242192025, Client_0602, 3.072E7
2976.0520426839125, Client_0711, 3.072E7
2976.7610876839126, Client_0161, 3.072E7
2977.959314008793, Client_0603, 3.072E7
2979.331275043945, Client_0602, 3.072E7
2980.795493508655, Client_0711, 3.072E7
2981.504538508655, Client_0161, 3.072E7
2982.7027648335356, Client_0603, 3.072E7
2984.0747258686874, Client_0602, 3.072E7
2985.5389443333975, Client_0711, 3.072E7
2986.2479893333975, Client_0161, 3.072E7
2987.446215658278, Client_0603, 3.072E7
2988.81817669343, Client_0602, 3.072E7
2990.28239515814, Client_0711, 3.072E7
2990.99144015814, Client_0161, 3.072E7
2992.1896664830206, Client_0603, 3.072E7
2993.5616275181724, Client_0602, 3.072E7
2995.0258459828824, Client_0711, 3.072E7
2995.7348909828825, Client_0161, 3.072E7
2996.933117307763, Client_0603, 3.072E7
2999.769296807625, Client_0711, 3.072E7
3000.478341807625, Client_0161, 3.072E7
3001.6765681325055, Client_0603, 3.072E7
3003.305078342915, Client_0602, 3.072E7
3004.5127476323673, Client_0711, 3.072E7
3005.2217926323674, Client_0161, 3.072E7
3006.420018957248, Client_0603, 3.072E7
3008.0485291676573, Client_0602, 3.072E7
3009.25619845711, Client_0711, 3.072E7
3009.96524345711, Client_0161, 3.072E7
3011.1634697819904, Client_0603, 3.072E7
3012.7919799924, Client_0602, 3.072E7
3013.9996492818523, Client_0711, 3.072E7
3014.7086942818523, Client_0161, 3.072E7
3015.906920606733, Client_0603, 3.072E7
3017.5354308171422, Client_0602, 3.072E7
3018.7431001065947, Client_0711, 3.072E7
3019.452145106595, Client_0161, 3.072E7
3020.6503714314754, Client_0603, 3.072E7
3022.2788816418847, Client_0602, 3.072E7
3023.486550931337, Client_0711, 3.072E7
3024.1955959313373, Client_0161, 3.072E7
3025.393822256218, Client_0603, 3.072E7
3027.022332466627, Client_0602, 3.072E7
3028.2300017560797, Client_0711, 3.072E7
3028.9390467560797, Client_0161, 3.072E7
3030.1372730809603, Client_0603, 3.072E7
3031.7657832913696, Client_0602, 3.072E7
3032.973452580822, Client_0711, 3.072E7
3033.682497580822, Client_0161, 3.072E7
3034.880723905703, Client_0603, 3.072E7
3036.509234116112, Client_0602, 3.072E7
3037.7169034055646, Client_0711, 3.072E7
3038.4259484055647, Client_0161, 3.072E7
3039.6241747304452, Client_0603, 3.072E7
3041.2526849408546, Client_0602, 3.072E7
3042.460354230307, Client_0711, 3.072E7
3043.169399230307, Client_0161, 3.072E7
3044.3676255551877, Client_0603, 3.072E7
3045.996135765597, Client_0602, 3.072E7
3047.2038050550495, Client_0711, 3.072E7
3047.9128500550496, Client_0161, 3.072E7
3049.11107637993, Client_0603, 3.072E7
3050.73957734015, Client_0602, 3.072E7
3051.947255879792, Client_0711, 3.072E7
3053.8545272046726, Client_0603, 3.072E7
3055.4830281648924, Client_0602, 3.072E7
3057.656300879792, Client_0161, 3.072E7
3058.597978029415, Client_0603, 3.072E7
3060.226478989635, Client_0602, 3.072E7
3061.6907067045345, Client_0711, 3.072E7
3062.3997517045345, Client_0161, 3.072E7
3063.3414288541576, Client_0603, 3.072E7
3064.9699298143773, Client_0602, 3.072E7
3066.434157529277, Client_0711, 3.072E7
3067.143202529277, Client_0161, 3.072E7
3069.71338063912, Client_0602, 3.072E7
3071.1776083540194, Client_0711, 3.072E7
3071.8866533540195, Client_0161, 3.072E7
3073.0848796789, Client_0603, 3.072E7
3074.4568314638623, Client_0602, 3.072E7
3075.921059178762, Client_0711, 3.072E7
3076.630104178762, Client_0161, 3.072E7
3077.8283305036425, Client_0603, 3.072E7
3079.2002822886047, Client_0602, 3.072E7
3080.6645100035043, Client_0711, 3.072E7
3081.3735550035044, Client_0161, 3.072E7
3082.571781328385, Client_0603, 3.072E7
3083.943733113347, Client_0602, 3.072E7
3085.407960828247, Client_0711, 3.072E7
3086.117005828247, Client_0161, 3.072E7
3087.3152321531275, Client_0603, 3.072E7
3088.6871839380897, Client_0602, 3.072E7
3090.1514116529893, Client_0711, 3.072E7
3090.8604566529893, Client_0161, 3.072E7
3092.05868297787, Client_0603, 3.072E7
3094.8948624777317, Client_0711, 3.072E7
3095.603907477732, Client_0161, 3.072E7
3096.8021338026124, Client_0603, 3.072E7
3098.430634762832, Client_0602, 3.072E7
3099.638313302474, Client_0711, 3.072E7
3100.3473583024743, Client_0161, 3.072E7
3101.545584627355, Client_0603, 3.072E7
3103.1740855875746, Client_0602, 3.072E7
3104.3817641272167, Client_0711, 3.072E7
3105.0908091272167, Client_0161, 3.072E7
3106.2890316322396, Client_0603, 3.072E7
3107.917536412317, Client_0602, 3.072E7
3109.125214951959, Client_0711, 3.072E7
3109.834259951959, Client_0161, 3.072E7
3111.032482456982, Client_0603, 3.072E7
3112.6609872370595, Client_0602, 3.072E7
3113.8686657767016, Client_0711, 3.072E7
3114.5777107767017, Client_0161, 3.072E7
3115.7759332817245, Client_0603, 3.072E7
3117.404438061802, Client_0602, 3.072E7
3118.612116601444, Client_0711, 3.072E7
3119.321161601444, Client_0161, 3.072E7
3120.519384106467, Client_0603, 3.072E7
3122.1478888865445, Client_0602, 3.072E7
3123.3555674261866, Client_0711, 3.072E7
3124.0646124261866, Client_0161, 3.072E7
3125.2628349312095, Client_0603, 3.072E7
3126.891339711287, Client_0602, 3.072E7
3128.099018250929, Client_0711, 3.072E7
3128.808063250929, Client_0161, 3.072E7
3130.006285755952, Client_0603, 3.072E7
3131.6347905360294, Client_0602, 3.072E7
3132.8424690756715, Client_0711, 3.072E7
3133.5515140756715, Client_0161, 3.072E7
3134.7497365806944, Client_0603, 3.072E7
3136.378241360772, Client_0602, 3.072E7
3137.585919900414, Client_0711, 3.072E7
3138.294964900414, Client_0161, 3.072E7
3139.493187405437, Client_0603, 3.072E7
3141.1216921855143, Client_0602, 3.072E7
3142.3293707251564, Client_0711, 3.072E7
3143.0384157251565, Client_0161, 3.072E7
3144.2366382301793, Client_0603, 3.072E7
3145.865143010257, Client_0602, 3.072E7
3147.072821549899, Client_0711, 3.072E7
3148.980089054922, Client_0603, 3.072E7
3150.6085938349993, Client_0602, 3.072E7
3152.781866549899, Client_0161, 3.072E7
3153.7235398796643, Client_0603, 3.072E7
3155.3520446597418, Client_0602, 3.072E7
3156.8162723746414, Client_0711, 3.072E7
3157.5253173746414, Client_0161, 3.072E7
3158.4669907044067, Client_0603, 3.072E7
3160.095495484484, Client_0602, 3.072E7
3161.559723199384, Client_0711, 3.072E7
3162.268768199384, Client_0161, 3.072E7
3163.210441529149, Client_0603, 3.072E7
3164.8389463092267, Client_0602, 3.072E7
3166.3031740241263, Client_0711, 3.072E7
3167.0122190241264, Client_0161, 3.072E7
3169.582397133969, Client_0602, 3.072E7
3171.0466248488688, Client_0711, 3.072E7
3171.755669848869, Client_0161, 3.072E7
3172.9538923538917, Client_0603, 3.072E7
3174.3258479587116, Client_0602, 3.072E7
3175.790075673611, Client_0711, 3.072E7
3176.4991206736113, Client_0161, 3.072E7
3177.697343178634, Client_0603, 3.072E7
3179.069298783454, Client_0602, 3.072E7
3180.5335264983537, Client_0711, 3.072E7
3181.2425714983538, Client_0161, 3.072E7
3182.4407940033766, Client_0603, 3.072E7
3183.8127496081966, Client_0602, 3.072E7
3185.276977323096, Client_0711, 3.072E7
3185.986022323096, Client_0161, 3.072E7
3187.184244828119, Client_0603, 3.072E7
3188.556200432939, Client_0602, 3.072E7
3190.0204281478386, Client_0711, 3.072E7
3190.7294731478387, Client_0161, 3.072E7
3191.9276956528615, Client_0603, 3.072E7
3194.763878972581, Client_0711, 3.072E7
3195.472923972581, Client_0161, 3.072E7
3196.671146477604, Client_0603, 3.072E7
3198.2996512576815, Client_0602, 3.072E7
3199.5073297973236, Client_0711, 3.072E7
3200.2163747973236, Client_0161, 3.072E7
3201.4145973023465, Client_0603, 3.072E7
3203.043102082424, Client_0602, 3.072E7
3204.250780622066, Client_0711, 3.072E7
3204.959825622066, Client_0161, 3.072E7
3206.158048127089, Client_0603, 3.072E7
3207.7865529071664, Client_0602, 3.072E7
3208.9942314468085, Client_0711, 3.072E7
3209.7032764468086, Client_0161, 3.072E7
3210.9014989518314, Client_0603, 3.072E7
3212.530003731909, Client_0602, 3.072E7
3213.737682271551, Client_0711, 3.072E7
3214.446727271551, Client_0161, 3.072E7
3215.644949776574, Client_0603, 3.072E7
3217.2734545566514, Client_0602, 3.072E7
3218.4811330962934, Client_0711, 3.072E7
3219.1901780962935, Client_0161, 3.072E7
3220.3884006013163, Client_0603, 3.072E7
3222.016905381394, Client_0602, 3.072E7
3223.224583921036, Client_0711, 3.072E7
3223.933628921036, Client_0161, 3.072E7
3225.131851426059, Client_0603, 3.072E7
3226.7603562061363, Client_0602, 3.072E7
3227.9680347457784, Client_0711, 3.072E7
3228.6770797457784, Client_0161, 3.072E7
3229.8753022508013, Client_0603, 3.072E7
3231.5038070308788, Client_0602, 3.072E7
3232.711485570521, Client_0711, 3.072E7
3233.420530570521, Client_0161, 3.072E7
3234.6187530755437, Client_0603, 3.072E7
3236.2472578556212, Client_0602, 3.072E7
3237.4549363952633, Client_0711, 3.072E7
3238.1639813952634, Client_0161, 3.072E7
3239.362203900286, Client_0603, 3.072E7
3240.9907086803637, Client_0602, 3.072E7
3242.1983872200058, Client_0711, 3.072E7
3242.907432220006, Client_0161, 3.072E7
3244.1056547250287, Client_0603, 3.072E7
3245.734159505106, Client_0602, 3.072E7
3246.9418380447482, Client_0711, 3.072E7
3248.849105549771, Client_0603, 3.072E7
3250.4776103298486, Client_0602, 3.072E7
3252.6508830447483, Client_0161, 3.072E7
3253.5925563745136, Client_0603, 3.072E7
3255.221061154591, Client_0602, 3.072E7
3256.6852888694907, Client_0711, 3.072E7
3257.3943338694908, Client_0161, 3.072E7
3258.336007199256, Client_0603, 3.072E7
3259.9645119793336, Client_0602, 3.072E7
3261.428739694233, Client_0711, 3.072E7
3262.1377846942332, Client_0161, 3.072E7
3264.707962804076, Client_0602, 3.072E7
3266.1721905189756, Client_0711, 3.072E7
3266.8812355189757, Client_0161, 3.072E7
3268.0794580239985, Client_0603, 3.072E7
3269.4514136288185, Client_0602, 3.072E7
3270.915641343718, Client_0711, 3.072E7
3271.624686343718, Client_0161, 3.072E7
3272.822908848741, Client_0603, 3.072E7
3274.194864453561, Client_0602, 3.072E7
3275.6590921684606, Client_0711, 3.072E7
3276.3681371684606, Client_0161, 3.072E7
3277.5663596734835, Client_0603, 3.072E7
3278.938315278303