0, Ste_Julie, 1, 804.9432282384047, 5.0, 0.0
1, Ste_Julie, 2, 1239.8595204322917, 7.467455023529438, 2.532544976470562
2, Ste_Julie, 3, 1890.5166395786575, 9.859702255429625, 5.140297744570375
3, Ste_Julie, 4, 181.37975684015063, -27.84076297248245, 47.84076297248245
4, Amadeus, 1, 1586.3562126017987, -24.101513858136173, 49.10151385813617
5, Amadeus, 1, 1586.3562126017987, -20.362264743789893, 50.36226474378989
6, Amadeus, 1, 1586.3562126017987, -16.623015629443614, 51.623015629443614
7, Amadeus, 1, 1586.3562126017987, -12.883766515097335, 52.883766515097335
8, Amadeus, 1, 1586.3562126017987, -9.144517400751056, 54.144517400751056
9, Amadeus, 1, 1586.3562126017987, -5.405268286404777, 55.40526828640478
10, Amadeus, 1, 1586.3562126017987, -1.6660191720584976, 56.6660191720585
11, Amadeus, 1, 1586.3562126017987, 2.0732299422877816, 57.92677005771222
12, Amadeus, 1, 1586.3562126017987, 5.812479056634061, 59.18752094336594
13, Amadeus, 2, 2399.4218426170078, 9.503830471283493, 60.49616952871651
14, Amadeus, 3, 3562.5084235688078, 13.119974094303679, 61.88002590569632
15, Amadeus, 4, 5156.011512339072, 16.617844011493524, 63.382155988506476
16, Amadeus, 5, 7207.442241190992, 19.93000530354297, 65.06999469645703
17, Amadeus, 6, 9651.785705741433, 22.950578844806415, 67.04942115519358
18, Amadeus, 7, 12309.279939429987, 25.513393229756588, 69.48660677024341
19, Amadeus, 7, 12309.279939429987, 28.07620761470679, 71.92379238529321
20, Amadeus, 7, 12309.279939429987, 30.63902199965696, 74.36097800034304
21, Amadeus, 7, 12309.279939429987, 28.201836384607162, 81.79816361539284
22, Amadeus, 7, 12309.279939429987, 30.764650769557335, 84.23534923044267
23, Amadeus, 7, 12309.279939429987, 28.327465154507536, 91.67253484549246
24, Amadeus, 7, 12309.279939429987, 30.89027953945771, 94.10972046054229
25, Amadeus, 7, 12309.279939429987, 28.45309392440791, 101.54690607559209
26, Amadeus, 7, 12309.279939429987, 31.015908309358082, 103.98409169064192
27, Amadeus, 7, 12309.279939429987, 28.578722694308283, 111.42127730569172
28, Amadeus, 7, 12309.279939429987, 31.141537079258455, 113.85846292074154
29, Amadeus, 7, 12309.279939429987, 28.704351464208656, 121.29564853579134
30, Amadeus, 7, 12309.279939429987, 31.26716584915883, 123.73283415084117
31, Amadeus, 7, 12309.279939430058, 28.82998023410906, 131.17001976589094
32, Amadeus, 7, 12309.279939430058, 31.39279461905926, 133.60720538094074
33, Amadeus, 7, 12309.279939430058, 28.95560900400946, 141.04439099599054
34, Amadeus, 7, 12309.279939430058, 31.51842338895966, 143.48157661104034
35, Amadeus, 7, 12309.279939430058, 29.081237773909862, 150.91876222609014
36, Amadeus, 7, 12309.279939430058, 31.644052158860063, 153.35594784113994
37, Amadeus, 7, 12309.279939430058, 29.206866543810264, 160.79313345618974
38, Amadeus, 7, 12309.279939430058, 31.769680928760465, 163.23031907123953
39, Amadeus, 7, 12309.279939430058, 29.332495313710666, 170.66750468628933
40, Amadeus, 7, 12309.279939430058, 31.895309698660867, 173.10469030133913
41, Amadeus, 7, 12309.279939430058, 29.458124083611068, 180.54187591638893
42, Amadeus, 7, 12309.279939430058, 32.02093846856127, 182.97906153143873
43, Amadeus, 7, 12309.279939430058, 29.58375285351147, 190.41624714648853
44, Amadeus, 7, 12309.279939430058, 32.14656723846167, 192.85343276153833
45, Amadeus, 7, 12309.279939430058, 29.709381623411872, 200.29061837658813
46, Amadeus, 7, 12309.279939430058, 32.27219600836207, 202.72780399163793
47, Amadeus, 7, 12309.279939430058, 29.835010393312274, 210.16498960668773
48, Amadeus, 7, 12309.279939430058, 32.397824778262475, 212.60217522173753
49, Amadeus, 7, 12309.279939430058, 29.960639163212676, 220.03936083678732
50, Amadeus, 7, 12309.279939430058, 32.52345354816288, 222.47654645183712
51, Amadeus, 7, 12309.279939430058, 30.086267933113078, 229.91373206688692
52, Amadeus, 7, 12309.279939430058, 27.64908231806328, 237.35091768193672
53, Amadeus, 7, 12309.279939430058, 30.21189670301348, 239.78810329698652
54, Amadeus, 7, 12309.279939430058, 27.77471108796368, 247.22528891203632
55, Amadeus, 7, 12309.279939430058, 30.33752547291388, 249.66247452708612
56, Amadeus, 7, 12309.279939429915, 27.900339857864083, 257.0996601421359
57, Amadeus, 7, 12309.279939429915, 30.463154242814255, 259.53684575718574
58, Amadeus, 7, 12309.279939429915, 28.025968627764428, 266.9740313722356
59, Amadeus, 7, 12309.279939429915, 30.5887830127146, 269.4112169872854
60, Amadeus, 7, 12309.279939429915, 28.151597397664773, 276.8484026023352
61, Amadeus, 7, 12309.279939429915, 30.714411782614945, 279.28558821738505
62, Amadeus, 7, 12309.279939429915, 28.277226167565118, 286.7227738324349
63, Amadeus, 7, 12309.279939429915, 30.84004055251529, 289.1599594474847
64, Amadeus, 7, 12309.279939429915, 28.402854937465463, 296.59714506253454
65, Amadeus, 7, 12309.279939429915, 30.965669322415636, 299.03433067758436
66, Amadeus, 7, 12309.279939429915, 28.528483707365808, 306.4715162926342
67, Amadeus, 7, 12309.279939429915, 31.09129809231598, 308.908701907684
68, Amadeus, 7, 12309.279939429915, 28.654112477266153, 316.34588752273385
69, Amadeus, 7, 12309.279939429915, 31.216926862216326, 318.7830731377837
70, Amadeus, 7, 12309.279939429915, 28.7797412471665, 326.2202587528335
71, Amadeus, 7, 12309.279939429915, 31.34255563211667, 328.65744436788333
72, Amadeus, 7, 12309.279939429915, 28.905370017066844, 336.09462998293316
73, Amadeus, 7, 12309.279939429915, 31.468184402017016, 338.531815597983
74, Amadeus, 7, 12309.279939429915, 29.03099878696719, 345.9690012130328
75, Amadeus, 7, 12309.279939429915, 31.59381317191736, 348.40618682808264
76, Amadeus, 7, 12309.279939429915, 29.156627556867534, 355.84337244313247
77, Amadeus, 7, 12309.279939429915, 31.719441941817706, 358.2805580581823
78, Amadeus, 7, 12309.279939429915, 29.28225632676788, 365.7177436732321
79, Amadeus, 7, 12309.279939429915, 31.84507071171805, 368.15492928828195
80, Amadeus, 7, 12309.279939429915, 29.407885096668224, 375.5921149033318
81, Amadeus, 7, 12309.279939429915, 31.970699481618396, 378.0293005183816
82, Amadeus, 7, 12309.279939429915, 29.53351386656857, 385.46648613343143
83, Amadeus, 7, 12309.279939429915, 32.09632825151874, 387.90367174848126
84, Amadeus, 7, 12309.279939429915, 29.659142636468914, 395.3408573635311
85, Amadeus, 7, 12309.279939429915, 32.22195702141909, 397.7780429785809
86, Amadeus, 7, 12309.279939429915, 29.78477140636926, 405.21522859363074
87, Amadeus, 7, 12309.279939429915, 32.34758579131943, 407.65241420868057
88, Amadeus, 7, 12309.279939429915, 29.910400176269604, 415.0895998237304
89, Amadeus, 7, 12309.279939429915, 32.47321456121978, 417.5267854387802
90, Amadeus, 7, 12309.279939429915, 30.03602894616995, 424.96397105383005
91, Amadeus, 7, 12309.279939429915, 27.598843331120122, 432.4011566688799
92, Amadeus, 7, 12309.279939429915, 30.161657716070295, 434.8383422839297
93, Amadeus, 7, 12309.279939429915, 27.724472101020467, 442.27552789897953
94, Amadeus, 7, 12309.279939429915, 30.28728648597064, 444.71271351402936
95, Amadeus, 7, 12309.279939429915, 27.850100870920812, 452.1498991290792
96, Amadeus, 7, 12309.279939429915, 30.412915255870985, 454.587084744129
97, Amadeus, 7, 12309.279939429915, 27.975729640821157, 462.02427035917884
98, Amadeus, 7, 12309.279939429915, 30.53854402577133, 464.46145597422867
99, Amadeus, 7, 12309.279939429915, 28.101358410721502, 471.8986415892785
100, Amadeus, 7, 12309.279939429915, 30.664172795671675, 474.3358272043283
101, Amadeus, 7, 12309.279939429915, 28.226987180621848, 481.77301281937815
102, Amadeus, 7, 12309.279939429915, 30.78980156557202, 484.210198434428
103, Amadeus, 7, 12309.279939429915, 28.352615950522193, 491.6473840494778
104, Amadeus, 7, 12309.279939429915, 30.915430335472365, 494.08456966452763
105, Amadeus, 7, 12309.279939429915, 28.478244720422538, 501.52175527957746
106, Amadeus, 7, 12309.279939429915, 31.04105910537271, 503.9589408946273
107, Amadeus, 7, 12309.279939429915, 28.603873490322883, 511.3961265096771
108, Amadeus, 7, 12309.279939430202, 31.166687875273055, 513.833312124727
109, Amadeus, 7, 12309.279939430202, 28.729502260223285, 521.2704977397767
110, Amadeus, 7, 12309.279939430202, 31.292316645173514, 523.7076833548265
111, Amadeus, 7, 12309.279939430202, 28.855131030123744, 531.1448689698763
112, Amadeus, 7, 12309.279939430202, 31.417945415073973, 533.582054584926
113, Amadeus, 7, 12309.279939430202, 28.980759800024202, 541.0192401999758
114, Amadeus, 7, 12309.279939430202, 31.54357418497443, 543.4564258150256
115, Amadeus, 7, 12309.279939430202, 29.10638856992466, 550.8936114300753
116, Amadeus, 7, 12309.279939430202, 31.66920295487489, 553.3307970451251
117, Amadeus, 7, 12309.279939430202, 29.23201733982512, 560.7679826601749
118, Amadeus, 7, 12309.279939430202, 31.79483172477535, 563.2051682752247
119, Amadeus, 7, 12309.279939430202, 29.35764610972558, 570.6423538902744
120, Amadeus, 7, 12309.279939430202, 31.920460494675808, 573.0795395053242
121, Amadeus, 7, 12309.279939430202, 29.483274879626038, 580.516725120374
122, Amadeus, 7, 12309.279939430202, 32.04608926457627, 582.9539107354237
123, Amadeus, 7, 12309.279939430202, 29.608903649526496, 590.3910963504735
124, Amadeus, 7, 12309.279939430202, 32.171718034476726, 592.8282819655233
125, Amadeus, 7, 12309.279939430202, 29.734532419426955, 600.265467580573
126, Amadeus, 7, 12309.279939430202, 32.297346804377185, 602.7026531956228
127, Amadeus, 7, 12309.279939430202, 29.860161189327414, 610.1398388106726
128, Amadeus, 7, 12309.279939430202, 32.42297557427764, 612.5770244257224
129, Amadeus, 7, 12309.279939430202, 29.985789959227873, 620.0142100407721
130, Amadeus, 7, 12309.279939430202, 32.5486043441781, 622.4513956558219
131, Amadeus, 7, 12309.279939430202, 30.11141872912833, 629.8885812708717
132, Amadeus, 7, 12309.279939430202, 27.67423311407856, 637.3257668859214
133, Amadeus, 7, 12309.279939430202, 30.23704749902879, 639.7629525009712
134, Amadeus, 7, 12309.279939430202, 27.79986188397902, 647.200138116021
135, Amadeus, 7, 12309.279939430202, 30.36267626892925, 649.6373237310708
136, Amadeus, 7, 12309.279939430202, 27.92549065387948, 657.0745093461205
137, Amadeus, 7, 12309.279939430202, 30.488305038829708, 659.5116949611703
138, Amadeus, 7, 12309.279939430202, 28.051119423779937, 666.9488805762201
139, Amadeus, 7, 12309.279939430202, 30.613933808730167, 669.3860661912698
140, Amadeus, 7, 12309.279939430202, 28.176748193680396, 676.8232518063196
141, Amadeus, 7, 12309.279939430202, 30.739562578630625, 679.2604374213694
142, Amadeus, 7, 12309.279939430202, 28.302376963580855, 686.6976230364191
143, Amadeus, 7, 12309.279939430202, 30.865191348531084, 689.1348086514689
144, Amadeus, 7, 12309.279939430202, 28.428005733481314, 696.5719942665187
145, Amadeus, 7, 12309.279939430202, 30.990820118431543, 699.0091798815685
146, Amadeus, 7, 12309.279939430202, 28.553634503381772, 706.4463654966182
147, Amadeus, 7, 12309.279939430202, 31.116448888332002, 708.883551111668
148, Amadeus, 7, 12309.279939430202, 28.67926327328223, 716.3207367267178
149, Amadeus, 7, 12309.279939430202, 31.24207765823246, 718.7579223417675
150, Amadeus, 7, 12309.279939430202, 28.80489204318269, 726.1951079568173
151, Amadeus, 7, 12309.279939430202, 31.36770642813292, 728.6322935718671
152, Amadeus, 7, 12309.279939430202, 28.93052081308315, 736.0694791869169
153, Amadeus, 7, 12309.279939430202, 31.493335198033378, 738.5066648019666
154, Amadeus, 7, 12309.279939430202, 29.056149582983608, 745.9438504170164
155, Amadeus, 7, 12309.279939430202, 31.618963967933837, 748.3810360320662
156, Amadeus, 7, 12309.279939430202, 29.181778352884066, 755.8182216471159
157, Amadeus, 7, 12309.279939430202, 31.744592737834296, 758.2554072621657
158, Amadeus, 7, 12309.279939430202, 29.307407122784525, 765.6925928772155
159, Amadeus, 7, 12309.279939430202, 31.870221507734755, 768.1297784922652
160, Amadeus, 7, 12309.279939430202, 29.433035892684984, 775.566964107315
161, Amadeus, 7, 12309.279939430202, 31.995850277635213, 778.0041497223648
162, Amadeus, 7, 12309.279939430202, 29.558664662585443, 785.4413353374146
163, Amadeus, 7, 12309.279939430202, 32.12147904753567, 787.8785209524643
164, Amadeus, 7, 12309.279939430202, 29.6842934324859, 795.3157065675141
165, Amadeus, 7, 12309.279939430202, 32.24710781743613, 797.7528921825639
166, Amadeus, 7, 12309.279939430202, 29.80992220238636, 805.1900777976136
167, Amadeus, 7, 12309.279939430202, 32.37273658733659, 807.6272634126634
168, Amadeus, 7, 12309.279939430202, 29.93555097228682, 815.0644490277132
169, Amadeus, 7, 12309.279939430202, 32.49836535723705, 817.501634642763
170, Amadeus, 7, 12309.279939430202, 30.061179742187278, 824.9388202578127
171, Amadeus, 7, 12309.279939430202, 27.623994127137507, 832.3760058728625
172, Amadeus, 7, 12309.279939430202, 30.186808512087737, 834.8131914879123
173, Amadeus, 7, 12309.279939430202, 27.749622897037966, 842.250377102962
174, Amadeus, 7, 12309.279939430202, 30.312437281988196, 844.6875627180118
175, Amadeus, 7, 12309.279939430202, 27.875251666938425, 852.1247483330616
176, Amadeus, 7, 12309.279939430202, 30.438066051888654, 854.5619339481113
177, Amadeus, 7, 12309.279939430202, 28.000880436838884, 861.9991195631611
178, Amadeus, 7, 12309.279939430202, 30.563694821789113, 864.4363051782109
179, Amadeus, 7, 12309.279939430202, 28.126509206739343, 871.8734907932607
180, Amadeus, 7, 12309.279939430202, 30.689323591689572, 874.3106764083104
181, Amadeus, 7, 12309.279939430202, 28.2521379766398, 881.7478620233602
182, Amadeus, 7, 12309.279939430202, 30.81495236159003, 884.18504763841
183, Amadeus, 7, 12309.279939430202, 28.37776674654026, 891.6222332534597
184, Amadeus, 7, 12309.279939430202, 30.94058113149049, 894.0594188685095
185, Amadeus, 7, 12309.279939430202, 28.50339551644072, 901.4966044835593
186, Amadeus, 7, 12309.279939430202, 31.06620990139095, 903.933790098609
187, Amadeus, 7, 12309.279939430202, 28.629024286341178, 911.3709757136588
188, Amadeus, 7, 12309.279939430202, 31.191838671291407, 913.8081613287086
189, Amadeus, 7, 12309.279939430202, 28.754653056241636, 921.2453469437584
190, Amadeus, 7, 12309.279939430202, 31.317467441191866, 923.6825325588081
191, Amadeus, 7, 12309.279939430202, 28.880281826142095, 931.1197181738579
192, Amadeus, 7, 12309.279939430202, 31.443096211092325, 933.5569037889077
193, Amadeus, 7, 12309.279939430202, 29.005910596042554, 940.9940894039574
194, Amadeus, 7, 12309.279939430202, 31.568724980992783, 943.4312750190072
195, Amadeus, 7, 12309.279939430202, 29.131539365943013, 950.868460634057
196, Amadeus, 7, 12309.279939430202, 31.694353750893242, 953.3056462491068
197, Amadeus, 7, 12309.279939430202, 29.25716813584347, 960.7428318641565
198, Amadeus, 7, 12309.279939430202, 31.8199825207937, 963.1800174792063
199, Amadeus, 7, 12309.279939430202, 29.38279690574393, 970.6172030942561
200, Amadeus, 7, 12309.279939430202, 31.94561129069416, 973.0543887093058
201, Amadeus, 7, 12309.279939430202, 29.50842567564439, 980.4915743243556
202, Amadeus, 7, 12309.279939430202, 32.07124006059462, 982.9287599394054
203, Amadeus, 7, 12309.279939430202, 29.634054445544848, 990.3659455544552
204, Amadeus, 7, 12309.279939430202, 32.19686883049508, 992.8031311695049
205, Amadeus, 7, 12309.279939430202, 29.759683215445307, 1000.2403167845547
206, Amadeus, 7, 12309.279939430202, 32.322497600395536, 1002.6775023996045
207, Amadeus, 7, 12309.279939430202, 29.885311985345766, 1010.1146880146542
208, Amadeus, 7, 12309.279939430202, 32.448126370295995, 1012.551873629704
209, Amadeus, 7, 12309.279939430202, 30.010940755246224, 1019.9890592447538
210, Amadeus, 7, 12309.27993942848, 27.573755140196226, 1027.4262448598038
211, Amadeus, 7, 12309.27993942848, 30.136569525146115, 1029.8634304748539
212, Amadeus, 7, 12309.27993942848, 27.699383910096003, 1037.300616089904
213, Amadeus, 7, 12309.27993942848, 30.26219829504589, 1039.737801704954
214, Amadeus, 7, 12309.27993942848, 27.82501267999578, 1047.1749873200042
215, Amadeus, 7, 12309.27993942848, 30.387827064945668, 1049.6121729350543
216, Amadeus, 7, 12309.27993942848, 27.950641449895556, 1057.0493585501044
217, Amadeus, 7, 12309.27993942848, 30.513455834845445, 1059.4865441651546
218, Amadeus, 7, 12309.27993942848, 28.076270219795333, 1066.9237297802047
219, Amadeus, 7, 12309.27993942848, 30.63908460474522, 1069.3609153952548
220, Amadeus, 7, 12309.27993942848, 28.20189898969511, 1076.798101010305
221, Amadeus, 7, 12309.27993942848, 30.764713374644998, 1079.235286625355
222, Amadeus, 7, 12309.27993942848, 28.327527759594886, 1086.672472240405
223, Amadeus, 7, 12309.27993942848, 30.890342144544775, 1089.1096578554552
224, Amadeus, 7, 12309.27993942848, 28.453156529494663, 1096.5468434705053
225, Amadeus, 7, 12309.27993942848, 31.01597091444455, 1098.9840290855554
226, Amadeus, 7, 12309.27993942848, 28.57878529939444, 1106.4212147006056
227, Amadeus, 7, 12309.27993942848, 31.141599684344328, 1108.8584003156557
228, Amadeus, 7, 12309.27993942848, 28.704414069294216, 1116.2955859307058
229, Amadeus, 7, 12309.27993942848, 31.267228454244105, 1118.732771545756
230, Amadeus, 7, 12309.27993942848, 28.830042839193993, 1126.169957160806
231, Amadeus, 7, 12309.27993942848, 31.39285722414388, 1128.6071427758561
232, Amadeus, 7, 12309.27993942848, 28.95567160909377, 1136.0443283909062
233, Amadeus, 7, 12309.27993942848, 31.518485994043658, 1138.4815140059563
234, Amadeus, 7, 12309.27993942848, 29.081300378993546, 1145.9186996210065
235, Amadeus, 7, 12309.27993942848, 31.644114763943435, 1148.3558852360566
236, Amadeus, 7, 12309.27993942848, 29.206929148893323, 1155.7930708511067
237, Amadeus, 7, 12309.27993942848, 31.76974353384321, 1158.2302564661568
238, Amadeus, 7, 12309.27993942848, 29.3325579187931, 1165.667442081207
239, Amadeus, 7, 12309.27993942848, 31.895372303742988, 1168.104627696257
240, Amadeus, 7, 12309.27993942848, 29.458186688692876, 1175.5418133113071
241, Amadeus, 7, 12309.27993942848, 32.021001073642765, 1177.9789989263572
242, Amadeus, 7, 12309.27993942848, 29.583815458592653, 1185.4161845414073
243, Amadeus, 7, 12309.27993942848, 32.14662984354254, 1187.8533701564575
244, Amadeus, 7, 12309.27993942848, 29.70944422849243, 1195.2905557715076
245, Amadeus, 7, 12309.27993942848, 32.27225861344232, 1197.7277413865577
246, Amadeus, 7, 12309.27993942848, 29.835072998392207, 1205.1649270016078
247, Amadeus, 7, 12309.27993942848, 32.397887383342095, 1207.602112616658
248, Amadeus, 7, 12309.27993942848, 29.960701768291983, 1215.039298231708
249, Amadeus, 7, 12309.27993942848, 32.52351615324187, 1217.4764838467581
250, Amadeus, 7, 12309.27993942848, 30.08633053819176, 1224.9136694618082
251, Amadeus, 7, 12309.27993942848, 27.649144923141648, 1232.3508550768584
252, Amadeus, 7, 12309.27993942848, 30.211959308091537, 1234.7880406919085
253, Amadeus, 7, 12309.27993942848, 27.774773693041425, 1242.2252263069586
254, Amadeus, 7, 12309.27993942848, 30.337588077991313, 1244.6624119220087
255, Amadeus, 7, 12309.27993942848, 27.9004024629412, 1252.0995975370588
256, Amadeus, 7, 12309.27993942848, 30.46321684789109, 1254.536783152109
257, Amadeus, 7, 12309.27993942848, 28.026031232840978, 1261.973968767159
258, Amadeus, 7, 12309.27993942848, 30.588845617790867, 1264.4111543822091
259, Amadeus, 7, 12309.27993942848, 28.151660002740755, 1271.8483399972592
260, Amadeus, 7, 12309.27993942848, 30.714474387690643, 1274.2855256123094
261, Amadeus, 7, 12309.27993942848, 28.27728877264053, 1281.7227112273595
262, Amadeus, 7, 12309.27993942848, 30.84010315759042, 1284.1598968424096
263, Amadeus, 7, 12309.27993942848, 28.402917542540308, 1291.5970824574597
264, Amadeus, 7, 12309.27993942848, 30.965731927490197, 1294.0342680725098
265, Amadeus, 7, 12309.27993942848, 28.528546312440085, 1301.47145368756
266, Amadeus, 7, 12309.27993942848, 31.091360697389973, 1303.90863930261
267, Amadeus, 7, 12309.27993942848, 28.65417508233986, 1311.3458249176601
268, Amadeus, 7, 12309.27993942848, 31.21698946728975, 1313.7830105327103
269, Amadeus, 7, 12309.27993942848, 28.779803852239638, 1321.2201961477604
270, Amadeus, 7, 12309.27993942848, 31.342618237189527, 1323.6573817628105
271, Amadeus, 7, 12309.27993942848, 28.905432622139415, 1331.0945673778606
272, Amadeus, 7, 12309.27993942848, 31.468247007089303, 1333.5317529929107
273, Amadeus, 7, 12309.27993942848, 29.03106139203919, 1340.9689386079608
274, Amadeus, 7, 12309.27993942848, 31.59387577698908, 1343.406124223011
275, Amadeus, 7, 12309.27993942848, 29.15669016193897, 1350.843309838061
276, Amadeus, 7, 12309.27993942848, 31.719504546888857, 1353.2804954531111
277, Amadeus, 7, 12309.27993942848, 29.282318931838745, 1360.7176810681613
278, Amadeus, 7, 12309.27993942848, 31.845133316788633, 1363.1548666832114
279, Amadeus, 7, 12309.27993942848, 29.40794770173852, 1370.5920522982615
280, Amadeus, 7, 12309.27993942848, 31.97076208668841, 1373.0292379133116
281, Amadeus, 7, 12309.27993942848, 29.5335764716383, 1380.4664235283617
282, Amadeus, 7, 12309.27993942848, 32.09639085658819, 1382.9036091434118
283, Amadeus, 7, 12309.27993942848, 29.659205241538075, 1390.340794758462
284, Amadeus, 7, 12309.27993942848, 32.22201962648796, 1392.777980373512
285, Amadeus, 7, 12309.27993942848, 29.78483401143785, 1400.2151659885621
286, Amadeus, 7, 12309.27993942848, 32.34764839638774, 1402.6523516036123
287, Amadeus, 7, 12309.27993942848, 29.91046278133763, 1410.0895372186624
288, Amadeus, 7, 12309.27993942848, 32.47327716628752, 1412.5267228337125
289, Amadeus, 7, 12309.27993942848, 30.036091551237405, 1419.9639084487626
290, Amadeus, 7, 12309.27993942848, 27.598905936187293, 1427.4010940638127
291, Amadeus, 7, 12309.27993942848, 30.16172032113718, 1429.8382796788628
292, Amadeus, 7, 12309.27993942848, 27.72453470608707, 1437.275465293913
293, Amadeus, 7, 12309.27993942848, 30.28734909103696, 1439.712650908963
294, Amadeus, 7, 12309.27993942848, 27.850163475986847, 1447.1498365240132
295, Amadeus, 7, 12309.27993942848, 30.412977860936735, 1449.5870221390633
296, Amadeus, 7, 12309.27993942848, 27.975792245886623, 1457.0242077541134
297, Amadeus, 7, 12309.27993942848, 30.53860663083651, 1459.4613933691635
298, Amadeus, 7, 12309.27993942848, 28.1014210157864, 1466.8985789842136
299, Amadeus, 7, 12309.27993942848, 30.66423540073629, 1469.3357645992637
300, Amadeus, 7, 12309.27993942848, 28.227049785686177, 1476.7729502143138
301, Amadeus, 7, 12309.27993942848, 30.789864170636065, 1479.210135829364
302, Amadeus, 7, 12309.27993942848, 28.352678555585953, 1486.647321444414
303, Amadeus, 7, 12309.27993942848, 30.91549294053584, 1489.0845070594642
304, Amadeus, 7, 12309.27993942848, 28.47830732548573, 1496.5216926745143
305, Amadeus, 7, 12309.27993942848, 31.04112171043562, 1498.9588782895644
306, Amadeus, 7, 12309.27993942848, 28.603936095385507, 1506.3960639046145
307, Amadeus, 7, 12309.27993942848, 31.166750480335395, 1508.8332495196646
308, Amadeus, 7, 12309.27993942848, 28.729564865285283, 1516.2704351347147
309, Amadeus, 7, 12309.27993942848, 31.29237925023517, 1518.7076207497648
310, Amadeus, 7, 12309.27993942848, 28.85519363518506, 1526.144806364815
311, Amadeus, 7, 12309.27993942848, 31.41800802013495, 1528.581991979865
312, Amadeus, 7, 12309.27993942848, 28.980822405084837, 1536.0191775949152
313, Amadeus, 7, 12309.27993942848, 31.543636790034725, 1538.4563632099653
314, Amadeus, 7, 12309.27993942848, 29.106451174984613, 1545.8935488250154
315, Amadeus, 7, 12309.27993942848, 31.6692655599345, 1548.3307344400655
316, Amadeus, 7, 12309.27993942848, 29.23207994488439, 1555.7679200551156
317, Amadeus, 7, 12309.27993942848, 31.79489432983428, 1558.2051056701657
318, Amadeus, 7, 12309.27993942848, 29.357708714784167, 1565.6422912852158
319, Amadeus, 7, 12309.27993942848, 31.920523099734055, 1568.079476900266
320, Amadeus, 7, 12309.27993942848, 29.483337484683943, 1575.516662515316
321, Amadeus, 7, 12309.27993942848, 32.04615186963383, 1577.9538481303662
322, Amadeus, 7, 12309.27993942848, 29.60896625458372, 1585.3910337454163
323, Amadeus, 7, 12309.27993942848, 32.17178063953361, 1587.8282193604664
324, Amadeus, 7, 12309.27993942848, 29.734595024483497, 1595.2654049755165
325, Amadeus, 7, 12309.27993942848, 32.297409409433385, 1597.7025905905666
326, Amadeus, 7, 12309.27993942848, 29.860223794383273, 1605.1397762056167
327, Amadeus, 7, 12309.27993942848, 32.42303817933316, 1607.5769618206668
328, Amadeus, 7, 12309.27993942848, 29.98585256428305, 1615.014147435717
329, Amadeus, 7, 12309.27993942848, 32.54866694923294, 1617.451333050767
330, Amadeus, 7, 12309.27993942848, 30.111481334182827, 1624.8885186658172
331, Amadeus, 7, 12309.27993942848, 27.674295719132715, 1632.3257042808673
332, Amadeus, 7, 12309.27993942848, 30.237110104082603, 1634.7628898959174
333, Amadeus, 7, 12309.27993942848, 27.79992448903249, 1642.2000755109675
334, Amadeus, 7, 12309.27993942848, 30.36273887398238, 1644.6372611260176
335, Amadeus, 7, 12309.27993942848, 27.92555325893227, 1652.0744467410677
336, Amadeus, 7, 12309.27993942848, 30.488367643882157, 1654.5116323561178
337, Amadeus, 7, 12309.27993942848, 28.051182028832045, 1661.948817971168
338, Amadeus, 7, 12309.27993942848, 30.613996413781933, 1664.386003586218
339, Amadeus, 7, 12309.27993942848, 28.17681079873182, 1671.8231892012682
340, Amadeus, 7, 12309.27993942848, 30.73962518368171, 1674.2603748163183
341, Amadeus, 7, 12309.27993942848, 28.3024395686316, 1681.6975604313684
342, Amadeus, 7, 12309.27993942848, 30.865253953581487, 1684.1347460464185
343, Amadeus, 7, 12309.27993942848, 28.428068338531375, 1691.5719316614686
344, Amadeus, 7, 12309.27993942848, 30.990882723481263, 1694.0091172765187
345, Amadeus, 7, 12309.27993942848, 28.55369710843115, 1701.4463028915688
346, Amadeus, 7, 12309.27993942848, 31.11651149338104, 1703.883488506619
347, Amadeus, 7, 12309.27993942848, 28.67932587833093, 1711.320674121669
348, Amadeus, 7, 12309.27993942848, 31.242140263280817, 1713.7578597367192
349, Amadeus, 7, 12309.27993942848, 28.804954648230705, 1721.1950453517693
350, Amadeus, 7, 12309.27993942848, 31.367769033180593, 1723.6322309668194
351, Amadeus, 7, 12309.27993942848, 28.93058341813048, 1731.0694165818695
352, Amadeus, 7, 12309.27993942848, 31.49339780308037, 1733.5066021969196
353, Amadeus, 7, 12309.27993942848, 29.05621218803026, 1740.9437878119697
354, Amadeus, 7, 12309.27993942848, 31.619026572980147, 1743.3809734270199
355, Amadeus, 7, 12309.27993942848, 29.181840957930035, 1750.81815904207
356, Amadeus, 7, 12309.27993942848, 31.744655342879923, 1753.25534465712
357, Amadeus, 7, 12309.27993942848, 29.30746972782981, 1760.6925302721702
358, Amadeus, 7, 12309.27993942848, 31.8702841127797, 1763.1297158872203
359, Amadeus, 7, 12309.27993942848, 29.43309849772959, 1770.5669015022704
360, Amadeus, 7, 12309.27993942848, 31.995912882679477, 1773.0040871173205
361, Amadeus, 7, 12309.27993942848, 29.558727267629365, 1780.4412727323706
362, Amadeus, 7, 12309.27993942848, 32.12154165257925, 1782.8784583474207
363, Amadeus, 7, 12309.27993942848, 29.68435603752914, 1790.3156439624709
364, Amadeus, 7, 12309.27993942848, 32.24717042247903, 1792.752829577521
365, Amadeus, 7, 12309.27993942848, 29.80998480742892, 1800.190015192571
366, Amadeus, 7, 12309.27993942848, 32.37279919237881, 1802.6272008076212
367, Amadeus, 7, 12309.27993942848, 29.935613577328695, 1810.0643864226713
368, Amadeus, 7, 12309.27993942848, 32.49842796227858, 1812.5015720377214
369, Amadeus, 7, 12309.27993942848, 30.06124234722847, 1819.9387576527715
370, Amadeus, 7, 12309.27993942848, 27.62405673217836, 1827.3759432678216
371, Amadeus, 7, 12309.27993942848, 30.18687111712825, 1829.8131288828718
372, Amadeus, 7, 12309.27993942848, 27.749685502078137, 1837.2503144979219
373, Amadeus, 7, 12309.27993942848, 30.312499887028025, 1839.687500112972
374, Amadeus, 7, 12309.27993942848, 27.875314271977913, 1847.124685728022
375, Amadeus, 7, 12309.27993942848, 30.438128656927802, 1849.5618713430722
376, Amadeus, 7, 12309.27993942848, 28.00094304187769, 1856.9990569581223
377, Amadeus, 7, 12309.27993942848, 30.56375742682758, 1859.4362425731724
378, Amadeus, 7, 12309.27993942848, 28.126571811777467, 1866.8734281882225
379, Amadeus, 7, 12309.27993942848, 30.689386196727355, 1869.3106138032726
380, Amadeus, 7, 12309.27993942848, 28.252200581677243, 1876.7477994183228
381, Amadeus, 7, 12309.27993942848, 30.815014966627132, 1879.1849850333729
382, Amadeus, 7, 12309.27993942848, 28.37782935157702, 1886.622170648423
383, Amadeus, 7, 12309.27993942848, 30.94064373652691, 1889.059356263473
384, Amadeus, 7, 12309.27993942848, 28.503458121476797, 1896.4965418785232
385, Amadeus, 7, 12309.27993942848, 31.066272506426685, 1898.9337274935733
386, Amadeus, 7, 12309.27993942848, 28.629086891376573, 1906.3709131086234
387, Amadeus, 7, 12309.27993942848, 31.191901276326462, 1908.8080987236735
388, Amadeus, 7, 12309.27993942848, 28.75471566127635, 1916.2452843387236
389, Amadeus, 7, 12309.27993942848, 31.31753004622624, 1918.6824699537738
390, Amadeus, 7, 12309.27993942848, 28.880344431176127, 1926.1196555688239
391, Amadeus, 7, 12309.27993942848, 31.443158816126015, 1928.556841183874
392, Amadeus, 7, 12309.27993942848, 29.005973201075903, 1935.994026798924
393, Amadeus, 7, 12309.27993942848, 31.568787586025792, 1938.4312124139742
394, Amadeus, 7, 12309.27993942848, 29.13160197097568, 1945.8683980290243
395, Amadeus, 7, 12309.27993942848, 31.69441635592557, 1948.3055836440744
396, Amadeus, 7, 12309.27993942848, 29.257230740875457, 1955.7427692591245
397, Amadeus, 7, 12309.27993942848, 31.820045125825345, 1958.1799548741747
398, Amadeus, 7, 12309.27993942848, 29.382859510775234, 1965.6171404892248
399, Amadeus, 7, 12309.27993942848, 31.945673895725122, 1968.0543261042749
400, Amadeus, 7, 12309.27993942848, 29.50848828067501, 1975.491511719325
401, Amadeus, 7, 12309.27993942848, 32.0713026656249, 1977.928697334375
402, Amadeus, 7, 12309.27993942848, 29.634117050574787, 1985.3658829494252
403, Amadeus, 7, 12309.27993942848, 32.196931435524675, 1987.8030685644753
404, Amadeus, 7, 12309.27993942848, 29.759745820474564, 1995.2402541795254
405, Amadeus, 7, 12309.27993942848, 32.32256020542445, 1997.6774397945755
406, Amadeus, 7, 12309.27993942848, 29.88537459037434, 2005.1146254096257
407, Amadeus, 7, 12309.27993942848, 32.44818897532423, 2007.5518110246758
408, Amadeus, 7, 12309.27993942848, 30.011003360274117, 2014.9889966397259
409, Amadeus, 7, 12309.27993942848, 27.573817745224005, 2022.426182254776
410, Amadeus, 7, 12309.27993942848, 30.136632130173894, 2024.863367869826
411, Amadeus, 7, 12309.27993942848, 27.699446515123782, 2032.3005534848762
412, Amadeus, 7, 12309.27993942848, 30.26226090007367, 2034.7377390999263
413, Amadeus, 7, 12309.27993942848, 27.82507528502356, 2042.1749247149764
414, Amadeus, 7, 12309.27993942848, 30.387889669973447, 2044.6121103300266
415, Amadeus, 7, 12309.279939430777, 27.950704054923335, 2052.0492959450767
416, Amadeus, 7, 12309.279939430777, 30.51351843987368, 2054.4864815601263
417, Amadeus, 7, 12309.279939430777, 28.07633282482402, 2061.923667175176
418, Amadeus, 7, 12309.279939430777, 30.639147209774364, 2064.3608527902256
419, Amadeus, 7, 12309.279939430777, 28.201961594724708, 2071.7980384052753
420, Amadeus, 7, 12309.279939430777, 30.76477597967505, 2074.235224020325
421, Amadeus, 7, 12309.279939430777, 28.327590364625394, 2081.6724096353746
422, Amadeus, 7, 12309.279939430777, 30.890404749575737, 2084.1095952504243
423, Amadeus, 7, 12309.279939430777, 28.45321913452608, 2091.546780865474
424, Amadeus, 7, 12309.279939430777, 31.016033519476423, 2093.9839664805236
425, Amadeus, 7, 12309.279939430777, 28.578847904426766, 2101.4211520955732
426, Amadeus, 7, 12309.279939430777, 31.14166228937711, 2103.858337710623
427, Amadeus, 7, 12309.279939430777, 28.704476674327452, 2111.2955233256725
428, Amadeus, 7, 12309.279939430777, 31.267291059277795, 2113.732708940722
429, Amadeus, 7, 12309.279939430777, 28.83010544422814, 2121.169894555772
430, Amadeus, 7, 12309.279939430777, 31.39291982917848, 2123.6070801708215
431, Amadeus, 7, 12309.279939430777, 28.955734214128825, 2131.044265785871
432, Amadeus, 7, 12309.279939430777, 31.518548599079168, 2133.481451400921
433, Amadeus, 7, 12309.279939430777, 29.08136298402951, 2140.9186370159705
434, Amadeus, 7, 12309.279939430777, 31.644177368979854, 2143.35582263102
435, Amadeus, 7, 12309.279939430777, 29.206991753930197, 2150.79300824607
436, Amadeus, 7, 12309.279939430777, 31.76980613888054, 2153.2301938611195
437, Amadeus, 7, 12309.279939430777, 29.332620523830883, 2160.667379476169
438, Amadeus, 7, 12309.279939430777, 31.895434908781226, 2163.104565091219
439, Amadeus, 7, 12309.279939430777, 29.45824929373157, 2170.5417507062684
440, Amadeus, 7, 12309.279939430777, 32.02106367868191, 2172.978936321318
441, Amadeus, 7, 12309.279939430777, 29.583878063632255, 2180.4161219363677
442, Amadeus, 7, 12309.279939430777, 32.1466924485826, 2182.8533075514174
443, Amadeus, 7, 12309.279939430777, 29.70950683353294, 2190.290493166467
444, Amadeus, 7, 12309.279939430777, 32.272321218483285, 2192.7276787815167
445, Amadeus, 7, 12309.279939430777, 29.835135603433628, 2200.1648643965664
446, Amadeus, 7, 12309.279939430777, 32.39794998838397, 2202.602050011616
447, Amadeus, 7, 12309.279939430777, 29.960764373334314, 2210.0392356266657
448, Amadeus, 7, 12309.279939430777, 32.52357875828466, 2212.4764212417153
449, Amadeus, 7, 12309.279939430777, 30.086393143235, 2219.913606856765
450, Amadeus, 7, 12309.279939430777, 27.649207528185343, 2227.3507924718147
451, Amadeus, 7, 12309.279939430777, 30.212021913135686, 2229.7879780868643
452, Amadeus, 7, 12309.279939430777, 27.77483629808603, 2237.225163701914
453, Amadeus, 7, 12309.279939430777, 30.337650683036372, 2239.6623493169636
454, Amadeus, 7, 12309.279939430777, 27.900465067986715, 2247.0995349320133
455, Amadeus, 7, 12309.279939430777, 30.46327945293706, 2249.536720547063
456, Amadeus, 7, 12309.279939430777, 28.0260938378874, 2256.9739061621126
457, Amadeus, 7, 12309.279939430777, 30.588908222837745, 2259.4110917771623
458, Amadeus, 7, 12309.279939430777, 28.151722607788088, 2266.848277392212
459, Amadeus, 7, 12309.279939430777, 30.71453699273843, 2269.2854630072616
460, Amadeus, 7, 12309.279939430777, 28.277351377688774, 2276.722648622311
461, Amadeus, 7, 12309.279939430777, 30.840165762639117, 2279.159834237361
462, Amadeus, 7, 12309.279939430777, 28.40298014758946, 2286.5970198524105
463, Amadeus, 7, 12309.279939430777, 30.965794532539803, 2289.03420546746
464, Amadeus, 7, 12309.279939430777, 28.528608917490146, 2296.47139108251
465, Amadeus, 7, 12309.279939430777, 31.09142330244049, 2298.9085766975595
466, Amadeus, 7, 12309.279939430777, 28.654237687390832, 2306.345762312609
467, Amadeus, 7, 12309.279939430777, 31.217052072341176, 2308.782947927659
468, Amadeus, 7, 12309.279939430777, 28.77986645729152, 2316.2201335427085
469, Amadeus, 7, 12309.279939430777, 31.34268084224186, 2318.657319157758
470, Amadeus, 7, 12309.279939430777, 28.905495227192205, 2326.094504772808
471, Amadeus, 7, 12309.279939430777, 31.468309612142548, 2328.5316903878575
472, Amadeus, 7, 12309.279939430777, 29.03112399709289, 2335.968876002907
473, Amadeus, 7, 12309.279939430777, 31.593938382043234, 2338.4060616179568
474, Amadeus, 7, 12309.279939430777, 29.156752766993577, 2345.8432472330064
475, Amadeus, 7, 12309.279939430777, 31.71956715194392, 2348.280432848056
476, Amadeus, 7, 12309.279939430777, 29.282381536894263, 2355.7176184631057
477, Amadeus, 7, 12309.279939430777, 31.845195921844606, 2358.1548040781554
478, Amadeus, 7, 12309.279939430777, 29.40801030679495, 2365.591989693205
479, Amadeus, 7, 12309.279939430777, 31.970824691745293, 2368.0291753082547
480, Amadeus, 7, 12309.279939430777, 29.533639076695636, 2375.4663609233044
481, Amadeus, 7, 12309.279939430777, 32.09645346164598, 2377.903546538354
482, Amadeus, 7, 12309.279939430777, 29.65926784659632, 2385.3407321534037
483, Amadeus, 7, 12309.279939430777, 32.222082231546665, 2387.7779177684533
484, Amadeus, 7, 12309.279939430777, 29.784896616497008, 2395.215103383503
485, Amadeus, 7, 12309.279939430777, 32.34771100144735, 2397.6522889985526
486, Amadeus, 7, 12309.279939430777, 29.910525386397694, 2405.0894746136023
487, Amadeus, 7, 12309.279939430777, 32.47333977134804, 2407.526660228652
488, Amadeus, 7, 12309.279939430777, 30.03615415629838, 2414.9638458437016
489, Amadeus, 7, 12309.279939430777, 27.598968541248723, 2422.4010314587513
490, Amadeus, 7, 12309.279939430777, 30.161782926199066, 2424.838217073801
491, Amadeus, 7, 12309.279939430777, 27.72459731114941, 2432.2754026888506
492, Amadeus, 7, 12309.279939430777, 30.287411696099753, 2434.7125883039002
493, Amadeus, 7, 12309.279939430777, 27.850226081050096, 2442.14977391895
494, Amadeus, 7, 12309.279939430777, 30.41304046600044, 2444.5869595339996
495, Amadeus, 7, 12309.279939430777, 27.975854850950782, 2452.024145149049
496, Amadeus, 7, 12309.279939430777, 30.538669235901125, 2454.461330764099
497, Amadeus, 7, 12309.279939430777, 28.101483620851468, 2461.8985163791485
498, Amadeus, 7, 12309.279939430777, 30.66429800580181, 2464.335701994198
499, Amadeus, 7, 12309.279939430777, 28.227112390752154, 2471.772887609248
500, Amadeus, 7, 12309.279939430777, 30.789926775702497, 2474.2100732242975
501, Amadeus, 7, 12309.279939430777, 28.35274116065284, 2481.647258839347
502, Amadeus, 7, 12309.279939430777, 30.915555545603183, 2484.084444454397
503, Amadeus, 7, 12309.279939430777, 28.478369930553527, 2491.5216300694465
504, Amadeus, 7, 12309.279939430777, 31.04118431550387, 2493.958815684496
505, Amadeus, 7, 12309.279939430777, 28.603998700454213, 2501.396001299546
506, Amadeus, 7, 12309.279939430777, 31.166813085404556, 2503.8331869145954
507, Amadeus, 7, 12309.279939430777, 28.7296274703549, 2511.270372529645
508, Amadeus, 7, 12309.279939430777, 31.292441855305242, 2513.7075581446948
509, Amadeus, 7, 12309.279939430777, 28.855256240255585, 2521.1447437597444
510, Amadeus, 7, 12309.279939430777, 31.418070625205928, 2523.581929374794
511, Amadeus, 7, 12309.279939430777, 28.98088501015627, 2531.0191149898437
512, Amadeus, 7, 12309.279939430777, 31.543699395106614, 2533.4563006048934
513, Amadeus, 7, 12309.279939430777, 29.106513780056957, 2540.893486219943
514, Amadeus, 7, 12309.279939430777, 31.6693281650073, 2543.3306718349927
515, Amadeus, 7, 12309.279939430777, 29.232142549957643, 2550.7678574500424
516, Amadeus, 7, 12309.279939430777, 31.794956934907987, 2553.205043065092
517, Amadeus, 7, 12309.279939430777, 29.35777131985833, 2560.6422286801417
518, Amadeus, 7, 12309.279939430777, 31.920585704808673, 2563.0794142951913
519, Amadeus, 7, 12309.279939430777, 29.483400089759016, 2570.516599910241
520, Amadeus, 7, 12309.279939430777, 32.04621447470936, 2572.9537855252906
521, Amadeus, 7, 12309.279939430777, 29.609028859659702, 2580.3909711403403
522, Amadeus, 7, 12309.279939430777, 32.171843244610045, 2582.82815675539
523, Amadeus, 7, 12309.279939430777, 29.734657629560388, 2590.2653423704396
524, Amadeus, 7, 12309.279939430777, 32.29747201451073, 2592.7025279854893
525, Amadeus, 7, 12309.279939430777, 29.860286399461074, 2600.139713600539
526, Amadeus, 7, 12309.279939430777, 32.42310078441142, 2602.5768992155886
527, Amadeus, 7, 12309.279939430777, 29.98591516936176, 2610.0140848306382
528, Amadeus, 7, 12309.279939430777, 32.548729554312104, 2612.451270445688
529, Amadeus, 7, 12309.279939430777, 30.111543939262447, 2619.8884560607376
530, Amadeus, 7, 12309.279939430777, 27.67435832421279, 2627.325641675787
531, Amadeus, 7, 12309.279939430777, 30.237172709163133, 2629.762827290837
532, Amadeus, 7, 12309.279939430777, 27.799987094113476, 2637.2000129058865
533, Amadeus, 7, 12309.279939430777, 30.36280147906382, 2639.637198520936
534, Amadeus, 7, 12309.279939430777, 27.925615864014162, 2647.074384135986
535, Amadeus, 7, 12309.279939430777, 30.488430248964505, 2649.5115697510355
536, Amadeus, 7, 12309.279939430777, 28.05124463391485, 2656.948755366085
537, Amadeus, 7, 12309.279939430777, 30.61405901886519, 2659.385940981135
538, Amadeus, 7, 12309.279939430777, 28.176873403815534, 2666.8231265961845
539, Amadeus, 7, 12309.279939430777, 30.739687788765877, 2669.260312211234
540, Amadeus, 7, 12309.279939430777, 28.30250217371622, 2676.697497826284
541, Amadeus, 7, 12309.279939430777, 30.865316558666564, 2679.1346834413334
542, Amadeus, 7, 12309.279939430777, 28.428130943616907, 2686.571869056383
543, Amadeus, 7, 12309.279939430777, 30.99094532856725, 2689.0090546714328
544, Amadeus, 7, 12309.279939430777, 28.553759713517593, 2696.4462402864824
545, Amadeus, 7, 12309.279939430777, 31.116574098467936, 2698.883425901532
546, Amadeus, 7, 12309.279939430777, 28.67938848341828, 2706.3206115165817
547, Amadeus, 7, 12309.279939430777, 31.242202868368622, 2708.7577971316314
548, Amadeus, 7, 12309.279939430777, 28.805017253318965, 2716.194982746681
549, Amadeus, 7, 12309.279939430777, 31.36783163826931, 2718.6321683617307
550, Amadeus, 7, 12309.279939430777, 28.93064602321965, 2726.0693539767803
551, Amadeus, 7, 12309.279939430777, 31.493460408169994, 2728.50653959183
552, Amadeus, 7, 12309.279939430777, 29.056274793120338, 2735.9437252068797
553, Amadeus, 7, 12309.279939430777, 31.61908917807068, 2738.3809108219293
554, Amadeus, 7, 12309.279939430777, 29.181903563021024, 2745.818096436979
555, Amadeus, 7, 12309.279939430777, 31.744717947971367, 2748.2552820520286
556, Amadeus, 7, 12309.279939430777, 29.30753233292171, 2755.6924676670783
557, Amadeus, 7, 12309.279939430777, 31.870346717872053, 2758.129653282128
558, Amadeus, 7, 12309.279939430777, 29.433161102822396, 2765.5668388971776
559, Amadeus, 7, 12309.279939430777, 31.99597548777274, 2768.0040245122273
560, Amadeus, 7, 12309.279939430777, 29.558789872723082, 2775.441210127277
561, Amadeus, 7, 12309.279939430777, 32.121604257673425, 2777.8783957423266
562, Amadeus, 7, 12309.279939430777, 29.68441864262377, 2785.3155813573762
563, Amadeus, 7, 12309.279939430777, 32.24723302757411, 2787.752766972426
564, Amadeus, 7, 12309.279939430777, 29.810047412524455, 2795.1899525874755
565, Amadeus, 7, 12309.279939430777, 32.3728617974748, 2797.627138202525
566, Amadeus, 7, 12309.279939430777, 29.93567618242514, 2805.064323817575
567, Amadeus, 7, 12309.279939430777, 32.498490567375484, 2807.5015094326245
568, Amadeus, 7, 12309.279939430777, 30.061304952325827, 2814.938695047674
569, Amadeus, 7, 12309.279939430777, 27.62411933727617, 2822.375880662724
570, Amadeus, 7, 12309.279939430777, 30.186933722226513, 2824.8130662777735
571, Amadeus, 7, 12309.279939430777, 27.749748107176856, 2832.250251892823
572, Amadeus, 7, 12309.279939430777, 30.3125624921272, 2834.687437507873
573, Amadeus, 7, 12309.279939430777, 27.875376877077542, 2842.1246231229225
574, Amadeus, 7, 12309.279939430777, 30.438191262027885, 2844.561808737972
575, Amadeus, 7, 12309.279939430777, 28.00100564697823, 2851.9989943530218
576, Amadeus, 7, 12309.279939430777, 30.56382003192857, 2854.4361799680714
577, Amadeus, 7, 12309.279939430777, 28.126634416878915, 2861.873365583121
578, Amadeus, 7, 12309.279939430777, 30.689448801829258, 2864.3105511981707
579, Amadeus, 7, 12309.279939430777, 28.2522631867796, 2871.7477368132204
580, Amadeus, 7, 12309.279939430777, 30.815077571729944, 2874.18492242827
581, Amadeus, 7, 12309.279939430777, 28.377891956680287, 2881.6221080433197
582, Amadeus, 7, 12309.279939430777, 30.94070634163063, 2884.0592936583694
583, Amadeus, 7, 12309.279939430777, 28.503520726580973, 2891.496479273419
584, Amadeus, 7, 12309.279939430777, 31.066335111531316, 2893.9336648884687
585, Amadeus, 7, 12309.279939430777, 28.62914949648166, 2901.3708505035183
586, Amadeus, 7, 12309.279939430777, 31.191963881432002, 2903.808036118568
587, Amadeus, 7, 12309.279939430777, 28.754778266382345, 2911.2452217336177
588, Amadeus, 7, 12309.279939430777, 31.31759265133269, 2913.6824073486673
589, Amadeus, 7, 12309.279939430777, 28.88040703628303, 2921.119592963717
590, Amadeus, 7, 12309.279939430777, 31.443221421233375, 2923.5567785787666
591, Amadeus, 7, 12309.279939430777, 29.006035806183718, 2930.9939641938163
592, Amadeus, 7, 12309.279939430777, 31.56885019113406, 2933.431149808866
593, Amadeus, 7, 12309.279939430777, 29.131664576084404, 2940.8683354239156
594, Amadeus, 7, 12309.279939430777, 31.694478961034747, 2943.3055210389653
595, Amadeus, 7, 12309.279939430777, 29.25729334598509, 2950.742706654015
596, Amadeus, 7, 12309.279939430777, 31.820107730935433, 2953.1798922690646
597, Amadeus, 7, 12309.279939430777, 29.382922115885776, 2960.617077884114
598, Amadeus, 7, 12309.279939430777, 31.94573650083612, 2963.054263499164
599, Amadeus, 7, 12309.279939430777, 29.508550885786462, 2970.4914491142135
600, Amadeus, 7, 12309.279939430777, 32.071365270736806, 2972.928634729263
601, Amadeus, 7, 12309.279939430777, 29.63417965568715, 2980.365820344313
602, Amadeus, 7, 12309.279939430777, 32.19699404063749, 2982.8030059593625
603, Amadeus, 7, 12309.279939430777, 29.759808425587835, 2990.240191574412
604, Amadeus, 7, 12309.279939430777, 32.32262281053818, 2992.677377189462
605, Amadeus, 7, 12309.279939430777, 29.88543719548852, 3000.1145628045115
606, Amadeus, 7, 12309.279939430777, 32.448251580438864, 3002.551748419561
607, Amadeus, 7, 12309.279939430777, 30.011065965389207, 3009.988934034611
608, Amadeus, 7, 12309.279939430777, 27.57388035033955, 3017.4261196496604
609, Amadeus, 7, 12309.279939430777, 30.136694735289893, 3019.86330526471
610, Amadeus, 7, 12309.279939430777, 27.699509120240236, 3027.3004908797598
611, Amadeus, 7, 12309.279939430777, 30.26232350519058, 3029.7376764948094
612, Amadeus, 7, 12309.279939430777, 27.825137890140923, 3037.174862109859
613, Amadeus, 7, 12309.279939430777, 30.387952275091266, 3039.6120477249087
614, Amadeus, 7, 12309.279939430777, 27.95076666004161, 3047.0492333399584
615, Amadeus, 7, 12309.279939430777, 30.513581044991952, 3049.486418955008
616, Amadeus, 7, 12309.279939430777, 28.076395429942295, 3056.9236045700577
617, Amadeus, 7, 12309.279939430777, 30.639209814892638, 3059.3607901851074
618, Amadeus, 7, 12309.279939430777, 28.20202419984298, 3066.797975800157
619, Amadeus, 7, 12309.279939430777, 30.764838584793324, 3069.2351614152067
620, Amadeus, 7, 12309.279939430777, 28.327652969743667, 3076.6723470302563
621, Amadeus, 7, 12309.279939430777, 30.89046735469401, 3079.109532645306
622, Amadeus, 7, 12309.279939430777, 28.453281739644353, 3086.5467182603556
623, Amadeus, 7, 12309.279939430777, 31.016096124594696, 3088.9839038754053
624, Amadeus, 7, 12309.279939430777, 28.57891050954504, 3096.421089490455
625, Amadeus, 7, 12309.279939430777, 31.141724894495383, 3098.8582751055046
626, Amadeus, 7, 12309.279939430777, 28.704539279445726, 3106.2954607205543
627, Amadeus, 7, 12309.279939430777, 31.26735366439607, 3108.732646335604
628, Amadeus, 7, 12309.279939430777, 28.830168049346412, 3116.1698319506536
629, Amadeus, 7, 12309.279939430777, 31.392982434296755, 3118.6070175657032
630, Amadeus, 7, 12309.279939430777, 28.955796819247098, 3126.044203180753
631, Amadeus, 7, 12309.279939430777, 31.51861120419744, 3128.4813887958026
632, Amadeus, 7, 12309.279939430777, 29.081425589147784, 3135.918574410852
633, Amadeus, 7, 12309.279939430777, 31.644239974098127, 3138.355760025902
634, Amadeus, 7, 12309.279939430777, 29.20705435904847, 3145.7929456409515
635, Amadeus, 7, 12309.279939430777, 31.769868743998813, 3148.230131256001
636, Amadeus, 7, 12309.279939430777, 29.332683128949157, 3155.667316871051
637, Amadeus, 7, 12309.279939430777, 31.8954975138995, 3158.1045024861005
638, Amadeus, 7, 12309.279939430777, 29.458311898849843, 3165.54168810115
639, Amadeus, 7, 12309.279939430777, 32.021126283800186, 3167.9788737162
640, Amadeus, 7, 12309.279939430777, 29.58394066875053, 3175.4160593312495
641, Amadeus, 7, 12309.279939430777, 32.14675505370087, 3177.853244946299
642, Amadeus, 7, 12309.279939430777, 29.709569438651215, 3185.290430561349
643, Amadeus, 7, 12309.279939430777, 32.27238382360156, 3187.7276161763984
644, Amadeus, 7, 12309.279939430777, 29.8351982085519, 3195.164801791448
645, Amadeus, 7, 12309.279939430777, 32.398012593502244, 3197.6019874064978
646, Amadeus, 7, 12309.279939430777, 29.960826978452587, 3205.0391730215474
647, Amadeus, 7, 12309.279939430777, 32.52364136340293, 3207.476358636597
648, Amadeus, 7, 12309.279939430777, 30.086455748353274, 3214.9135442516467
649, Amadeus, 7, 12309.279939430777, 27.649270133303617, 3222.3507298666964
650, Amadeus, 7, 12309.279939430777, 30.21208451825396, 3224.787915481746
651, Amadeus, 7, 12309.279939430777, 27.774898903204303, 3232.2251010967957
652, Amadeus, 7, 12309.279939430777, 30.337713288154646, 3234.6622867118454
653, Amadeus, 7, 12309.279939430777, 27.90052767310499, 3242.099472326895
654, Amadeus, 7, 12309.279939430777, 30.463342058055332, 3244.5366579419447
655, Amadeus, 7, 12309.279939430777, 28.026156443005675, 3251.9738435569943
656, Amadeus, 7, 12309.279939430777, 30.588970827956018, 3254.411029172044
657, Amadeus, 7, 12309.279939430777, 28.15178521290636, 3261.8482147870936
658, Amadeus, 7, 12309.279939430777, 30.714599597856704, 3264.2854004021433
659, Amadeus, 7, 12309.279939430777, 28.277413982807047, 3271.722586017193
660, Amadeus, 7, 12309.279939430777, 30.84022836775739, 3274.1597716322426
661, Amadeus, 7, 12309.279939430777, 28.403042752707734, 3281.5969572472923
662, Amadeus, 7, 12309.279939430777, 30.965857137658077, 3284.034142862342
663, Amadeus, 7, 12309.279939430777, 28.52867152260842, 3291.4713284773916
664, Amadeus, 7, 12309.279939430777, 31.091485907558763, 3293.9085140924412
665, Amadeus, 7, 12309.279939430777, 28.654300292509106, 3301.345699707491
666, Amadeus, 7, 12309.279939430777, 31.21711467745945, 3303.7828853225406
667, Amadeus, 7, 12309.279939430777, 28.779929062409792, 3311.22007093759
668, Amadeus, 7, 12309.279939430777, 31.342743447360135, 3313.65725655264
669, Amadeus, 7, 12309.279939430777, 28.90555783231048, 3321.0944421676895
670, Amadeus, 7, 12309.279939430777, 31.46837221726082, 3323.531627782739
671, Amadeus, 7, 12309.279939430777, 29.031186602211164, 3330.968813397789
672, Amadeus, 7, 12309.279939430777, 31.594000987161508, 3333.4059990128385
673, Amadeus, 7, 12309.279939430777, 29.15681537211185, 3340.843184627888
674, Amadeus, 7, 12309.279939430777, 31.719629757062194, 3343.280370242938
675, Amadeus, 7, 12309.279939430777, 29.282444142012537, 3350.7175558579875
676, Amadeus, 7, 12309.279939430777, 31.84525852696288, 3353.154741473037
677, Amadeus, 7, 12309.279939430777, 29.408072911913223, 3360.591927088087
678, Amadeus, 7, 12309.279939430777, 31.970887296863566, 3363.0291127031364
679, Amadeus, 7, 12309.279939430777, 29.53370168181391, 3370.466298318186
680, Amadeus, 7, 12309.279939430777, 32.09651606676425, 3372.9034839332357
681, Amadeus, 7, 12309.279939430777, 29.659330451714595, 3380.3406695482854
682, Amadeus, 7, 12309.279939430777, 32.22214483666494, 3382.777855163335
683, Amadeus, 7, 12309.279939430777, 29.78495922161528, 3390.2150407783847
684, Amadeus, 7, 12309.279939430777, 32.347773606565625, 3392.6522263934344
685, Amadeus, 7, 12309.279939430777, 29.910587991515968, 3400.089412008484
686, Amadeus, 7, 12309.279939430777, 32.47340237646631, 3402.5265976235337
687, Amadeus, 7, 12309.279939430777, 30.036216761416654, 3409.9637832385833
688, Amadeus, 7, 12309.279939430777, 27.599031146366997, 3417.400968853633
689, Amadeus, 7, 12309.279939430777, 30.16184553131734, 3419.8381544686827
690, Amadeus, 7, 12309.279939430777, 27.724659916267683, 3427.2753400837323
691, Amadeus, 7, 12309.279939430777, 30.287474301218026, 3429.712525698782
692, Amadeus, 7, 12309.279939430777, 27.85028868616837, 3437.1497113138316
693, Amadeus, 7, 12309.279939430777, 30.413103071118712, 3439.5868969288813
694, Amadeus, 7, 12309.279939430777, 27.975917456069055, 3447.024082543931
695, Amadeus, 7, 12309.279939430777, 30.5387318410194, 3449.4612681589806
696, Amadeus, 7, 12309.279939430777, 28.10154622596974, 3456.8984537740303
697, Amadeus, 7, 12309.279939430777, 30.664360610920085, 3459.33563938908
698, Amadeus, 7, 12309.279939430777, 28.227174995870428, 3466.7728250041296
699, Amadeus, 7, 12309.279939430777, 30.78998938082077, 3469.2100106191792
700, Amadeus, 7, 12309.279939430777, 28.352803765771114, 3476.647196234229
701, Amadeus, 7, 12309.279939430777, 30.915618150721457, 3479.0843818492785
702, Amadeus, 7, 12309.279939430777, 28.4784325356718, 3486.521567464328
703, Amadeus, 7, 12309.279939430777, 31.041246920622143, 3488.958753079378
704, Amadeus, 7, 12309.279939430777, 28.604061305572486, 3496.3959386944275
705, Amadeus, 7, 12309.279939430777, 31.16687569052283, 3498.833124309477
706, Amadeus, 7, 12309.279939430777, 28.729690075473172, 3506.270309924527
707, Amadeus, 7, 12309.279939430777, 31.292504460423515, 3508.7074955395765
708, Amadeus, 7, 12309.279939430777, 28.85531884537386, 3516.144681154626
709, Amadeus, 7, 12309.279939430777, 31.4181332303242, 3518.581866769676
710, Amadeus, 7, 12309.279939430777, 28.980947615274545, 3526.0190523847255
711, Amadeus, 7, 12309.279939430777, 31.543762000224888, 3528.456237999775
712, Amadeus, 7, 12309.279939430777, 29.10657638517523, 3535.8934236148248
713, Amadeus, 7, 12309.279939430777, 31.669390770125574, 3538.3306092298744
714, Amadeus, 7, 12309.279939430777, 29.232205155075917, 3545.767794844924
715, Amadeus, 7, 12309.279939430777, 31.79501954002626, 3548.2049804599737
716, Amadeus, 7, 12309.279939430777, 29.357833924976603, 3555.6421660750234
717, Amadeus, 7, 12309.279939430777, 31.920648309926946, 3558.079351690073
718, Amadeus, 7, 12309.279939430777, 29.48346269487729, 3565.5165373051227
719, Amadeus, 7, 12309.279939430777, 32.04627707982763, 3567.9537229201724
