0, 33.28483224742268, server_A, 4.9999536060530145, 901.311437503879, 0.0, 7
1, 36.78098857731958, server_A, 3.4704019320064656, 898.1291749309712, 0.0, 2
2, 57.9736067628866, server_B, 2.667021173402332, 901.4931441086047, 9.688774515463919, 6
3, 61.4697630927835, server_A, 3.4704019320064656, 898.1291749309712, 9.688774515463919, 2
4, 63.702282309278345, server_A, 3.164707984766047, 895.8489518133201, 9.688774515463919, 1
5, 67.19843863917525, server_A, 3.4704019320064656, 898.1291749309712, 9.688774515463919, 2
6, 70.69459496907216, server_A, 3.4704019320064656, 898.1291749309712, 9.688774515463919, 2
7, 74.19075129896906, server_A, 3.4704019320064656, 898.1291749309712, 9.688774515463919, 2
8, 77.68690762886597, server_A, 3.4704019320064656, 898.1291749309712, 9.688774515463919, 2
9, 81.18306395876287, server_A, 3.4704019320064656, 898.1291749309712, 9.688774515463919, 2
10, 84.67922028865978, server_A, 3.4704019320064656, 898.1291749309712, 9.688774515463919, 2
11, 88.17537661855668, server_A, 3.4704019320064656, 898.1291749309712, 9.688774515463919, 2
12, 91.67153294845359, server_A, 3.4704019320064656, 898.1291749309712, 9.688774515463919, 2
13, 95.1676892783505, server_A, 3.4704019320064656, 898.1291749309712, 9.688774515463919, 2
14, 98.6638456082474, server_A, 3.4704019320064656, 898.1291749309712, 9.688774515463919, 2
15, 102.1600019381443, server_A, 3.4704019320064656, 898.1291749309712, 9.688774515463919, 2
16, 105.65615826804121, server_A, 3.4704019320064656, 898.1291749309712, 9.688774515463919, 2
17, 109.15231459793812, server_A, 3.4704019320064656, 898.1291749309712, 9.688774515463919, 2
18, 112.64847092783502, server_A, 3.4704019320064656, 898.1291749309712, 9.688774515463919, 2
19, 116.14462725773193, server_A, 3.4704019320064656, 898.1291749309712, 9.688774515463919, 2
20, 119.64078358762883, server_A, 3.4704019320064656, 898.1291749309712, 9.688774515463919, 2
21, 123.13693991752574, server_A, 3.4704019320064656, 898.1291749309712, 9.688774515463919, 2
22, 126.63309624742264, server_A, 3.4704019320064656, 898.1291749309712, 9.688774515463919, 2
23, 135.12925257731953, server_A, 3.4704019320064656, 898.1291749309712, 9.688774515463919, 2
24, 138.62540890721644, server_A, 3.4704019320064656, 898.1291749309712, 9.688774515463919, 2
25, 142.12156523711334, server_A, 3.4704019320064656, 898.1291749309712, 9.688774515463919, 2
26, 150.61772156701025, server_A, 3.4704019320064656, 898.1291749309712, 9.688774515463919, 2
27, 154.11387789690716, server_A, 3.4704019320064656, 898.1291749309712, 9.688774515463919, 2
28, 157.61003422680406, server_A, 3.4704019320064656, 898.1291749309712, 9.688774515463919, 2
29, 166.10619055670097, server_A, 3.4704019320064656, 898.1291749309712, 9.688774515463919, 2
30, 169.60234688659787, server_A, 3.4704019320064656, 898.1291749309712, 9.688774515463919, 2
31, 173.09850321649478, server_A, 3.4704019320064656, 898.1291749309712, 9.688774515463919, 2
32, 176.59465954639168, server_A, 3.4704019320064656, 898.1291749309712, 9.688774515463919, 2
33, 185.0908158762886, server_A, 3.4704019320064656, 898.1291749309712, 9.688774515463919, 2
34, 188.5869722061855, server_A, 3.4704019320064656, 898.1291749309712, 9.688774515463919, 2
35, 192.0831285360824, server_A, 3.4704019320064656, 898.1291749309712, 9.688774515463919, 2
36, 200.5792848659793, server_A, 3.4704019320064656, 898.1291749309712, 9.688774515463919, 2
37, 204.0754411958762, server_A, 3.4704019320064656, 898.1291749309712, 9.688774515463919, 2
38, 207.57159752577311, server_A, 3.4704019320064656, 898.1291749309712, 9.688774515463919, 2
39, 216.06775385567002, server_A, 3.4704019320064656, 898.1291749309712, 9.688774515463919, 2
40, 219.56391018556693, server_A, 3.4704019320064656, 898.1291749309712, 9.688774515463919, 2
41, 223.06006651546383, server_A, 3.4704019320064656, 898.1291749309712, 9.688774515463919, 2
42, 226.55622284536074, server_A, 3.4704019320064656, 898.1291749309712, 9.688774515463919, 2
43, 235.05237917525764, server_A, 3.4704019320064656, 898.1291749309712, 9.688774515463919, 2
44, 238.54853550515455, server_A, 3.4704019320064656, 898.1291749309712, 9.688774515463919, 2
45, 242.04469183505145, server_A, 3.4704019320064656, 898.1291749309712, 9.688774515463919, 2
46, 250.54084816494836, server_A, 3.4704019320064656, 898.1291749309712, 9.688774515463919, 2
47, 254.03700449484526, server_A, 3.4704019320064656, 898.1291749309712, 9.688774515463919, 2
48, 257.5331608247422, server_A, 3.4704019320064656, 898.1291749309639, 9.688774515463919, 2
49, 266.02931715463905, server_A, 3.4704019320064656, 898.1291749309712, 9.688774515463919, 2
50, 269.52547348453595, server_A, 3.4704019320064656, 898.1291749309712, 9.688774515463919, 2
51, 273.02162981443286, server_A, 3.4704019320064656, 898.1291749309712, 9.688774515463919, 2
52, 276.51778614432976, server_A, 3.4704019320064656, 898.1291749309712, 9.688774515463919, 2
53, 285.01394247422667, server_A, 3.4704019320064656, 898.1291749309712, 9.688774515463919, 2
54, 288.5100988041236, server_A, 3.4704019320064656, 898.1291749309712, 9.688774515463919, 2
55, 292.0062551340205, server_A, 3.4704019320064656, 898.1291749309712, 9.688774515463919, 2
56, 300.5024114639174, server_A, 3.4704019320064656, 898.1291749309712, 9.688774515463919, 2
57, 303.9985677938143, server_A, 3.4704019320064656, 898.1291749309712, 9.688774515463919, 2
58, 307.4947241237112, server_A, 3.4704019320064656, 898.1291749309712, 9.688774515463919, 2
59, 315.9908804536081, server_A, 3.4704019320064656, 898.1291749309712, 9.688774515463919, 2
60, 319.487036783505, server_A, 3.4704019320064656, 898.1291749309712, 9.688774515463919, 2
61, 322.9831931134019, server_A, 3.4704019320064656, 898.1291749309712, 9.688774515463919, 2
62, 326.4793494432988, server_A, 3.4704019320064656, 898.1291749309712, 9.688774515463919, 2
63, 334.9755057731957, server_A, 3.4704019320064656, 898.1291749309712, 9.688774515463919, 2
64, 338.4716621030926, server_A, 3.4704019320064656, 898.1291749309712, 9.688774515463919, 2
65, 341.96781843298953, server_A, 3.4704019320064656, 898.1291749309712, 9.688774515463919, 2
66, 350.46397476288644, server_A, 3.4704019320064656, 898.1291749309712, 9.688774515463919, 2
67, 353.96013109278334, server_A, 3.4704019320064656, 898.1291749309712, 9.688774515463919, 2
68, 357.45628742268025, server_A, 3.4704019320064656, 898.1291749309712, 9.688774515463919, 2
69, 365.95244375257715, server_A, 3.4704019320064656, 898.1291749309712, 9.688774515463919, 2
70, 369.44860008247406, server_A, 3.4704019320064656, 898.1291749309712, 9.688774515463919, 2
71, 372.94475641237096, server_A, 3.4704019320064656, 898.1291749309712, 9.688774515463919, 2
72, 381.44091274226787, server_A, 3.4704019320064656, 898.1291749309712, 9.688774515463919, 2
73, 384.9370690721648, server_A, 3.4704019320064656, 898.1291749309712, 9.688774515463919, 2
74, 388.4332254020617, server_A, 3.4704019320064656, 898.1291749309712, 9.688774515463919, 2
75, 391.9293817319586, server_A, 3.4704019320064656, 898.1291749309712, 9.688774515463919, 2
76, 400.4255380618555, server_A, 3.4704019320064656, 898.1291749309712, 9.688774515463919, 2
77, 403.9216943917524, server_A, 3.4704019320064656, 898.1291749309712, 9.688774515463919, 2
78, 407.4178507216493, server_A, 3.4704019320064656, 898.1291749309712, 9.688774515463919, 2
79, 415.9140070515462, server_A, 3.4704019320064656, 898.1291749309712, 9.688774515463919, 2
80, 419.4101633814431, server_A, 3.4704019320064656, 898.1291749309712, 9.688774515463919, 2
81, 422.90631971134, server_A, 3.4704019320064656, 898.1291749309712, 9.688774515463919, 2
82, 431.4024760412369, server_A, 3.4704019320064656, 898.1291749309712, 9.688774515463919, 2
83, 434.89863237113383, server_A, 3.4704019320064656, 898.1291749309712, 9.688774515463919, 2
84, 438.39478870103073, server_A, 3.4704019320064656, 898.1291749309712, 9.688774515463919, 2
85, 441.89094503092764, server_A, 3.4704019320064656, 898.1291749309712, 9.688774515463919, 2
86, 450.38710136082454, server_A, 3.4704019320064656, 898.1291749309712, 9.688774515463919, 2
87, 453.88325769072145, server_A, 3.4704019320064656, 898.1291749309712, 9.688774515463919, 2
88, 457.37941402061836, server_A, 3.4704019320064656, 898.1291749309712, 9.688774515463919, 2
89, 465.87557035051526, server_A, 3.4704019320064656, 898.1291749309712, 9.688774515463919, 2
90, 469.37172668041217, server_A, 3.4704019320064656, 898.1291749309712, 9.688774515463919, 2
91, 472.8678830103091, server_A, 3.4704019320064656, 898.1291749309712, 9.688774515463919, 2
92, 481.364039340206, server_A, 3.4704019320064656, 898.1291749309712, 9.688774515463919, 2
93, 484.8601956701029, server_A, 3.4704019320064656, 898.1291749309712, 9.688774515463919, 2
94, 488.3563519999998, server_A, 3.4704019320064656, 898.1291749309712, 9.688774515463919, 2
95, 491.8525083298967, server_A, 3.4704019320064656, 898.1291749309712, 9.688774515463919, 2
96, 500.3486646597936, server_A, 3.4704019320064656, 898.1291749309712, 9.688774515463919, 2
97, 503.8448209896905, server_A, 3.4704019320064656, 898.1291749309712, 9.688774515463919, 2
98, 507.3409773195874, server_A, 3.4704019320064656, 898.1291749309712, 9.688774515463919, 2
99, 515.8371336494844, server_A, 3.4704019320064656, 898.1291749309567, 9.688774515463919, 2
100, 519.3332899793813, server_A, 3.4704019320064656, 898.1291749309567, 9.688774515463919, 2
101, 522.8294463092783, server_A, 3.4704019320064656, 898.1291749309567, 9.688774515463919, 2
102, 531.3256026391753, server_A, 3.4704019320064656, 898.1291749309567, 9.688774515463919, 2
103, 534.8217589690722, server_A, 3.4704019320064656, 898.1291749309567, 9.688774515463919, 2
104, 538.3179152989692, server_A, 3.4704019320064656, 898.1291749309567, 9.688774515463919, 2
105, 541.8140716288661, server_A, 3.4704019320064656, 898.1291749309567, 9.688774515463919, 2
106, 550.3102279587631, server_A, 3.4704019320064656, 898.1291749309567, 9.688774515463919, 2
107, 553.8063842886601, server_A, 3.4704019320064656, 898.1291749309567, 9.688774515463919, 2
108, 557.302540618557, server_A, 3.4704019320064656, 898.1291749309567, 9.688774515463919, 2
109, 565.798696948454, server_A, 3.4704019320064656, 898.1291749309567, 9.688774515463919, 2
110, 569.294853278351, server_A, 3.4704019320064656, 898.1291749309567, 9.688774515463919, 2
111, 572.7910096082479, server_A, 3.4704019320064656, 898.1291749309567, 9.688774515463919, 2
112, 581.2871659381449, server_A, 3.4704019320064656, 898.1291749309567, 9.688774515463919, 2
113, 584.7833222680418, server_A, 3.4704019320064656, 898.1291749309567, 9.688774515463919, 2
114, 588.2794785979388, server_A, 3.4704019320064656, 898.1291749309567, 9.688774515463919, 2
115, 591.7756349278358, server_A, 3.4704019320064656, 898.1291749309567, 9.688774515463919, 2
116, 600.2717912577327, server_A, 3.4704019320064656, 898.1291749309567, 9.688774515463919, 2
117, 603.7679475876297, server_A, 3.4704019320064656, 898.1291749309567, 9.688774515463919, 2
118, 607.2641039175267, server_A, 3.4704019320064656, 898.1291749309567, 9.688774515463919, 2
119, 615.7602602474236, server_A, 3.4704019320064656, 898.1291749309567, 9.688774515463919, 2
120, 619.2564165773206, server_A, 3.4704019320064656, 898.1291749309567, 9.688774515463919, 2
121, 622.7525729072175, server_A, 3.4704019320064656, 898.1291749309567, 9.688774515463919, 2
122, 631.2487292371145, server_A, 3.4704019320064656, 898.1291749309567, 9.688774515463919, 2
123, 634.7448855670115, server_A, 3.4704019320064656, 898.1291749309567, 9.688774515463919, 2
124, 638.2410418969084, server_A, 3.4704019320064656, 898.1291749309567, 9.688774515463919, 2
125, 641.7371982268054, server_A, 3.4704019320064656, 898.1291749309567, 9.688774515463919, 2
126, 650.2333545567024, server_A, 3.4704019320064656, 898.1291749309567, 9.688774515463919, 2
127, 653.7295108865993, server_A, 3.4704019320064656, 898.1291749309567, 9.688774515463919, 2
128, 657.2256672164963, server_A, 3.4704019320064656, 898.1291749309567, 9.688774515463919, 2
129, 665.7218235463932, server_A, 3.4704019320064656, 898.1291749309567, 9.688774515463919, 2
130, 669.2179798762902, server_A, 3.4704019320064656, 898.1291749309567, 9.688774515463919, 2
131, 672.7141362061872, server_A, 3.4704019320064656, 898.1291749309567, 9.688774515463919, 2
132, 681.2102925360841, server_A, 3.4704019320064656, 898.1291749309567, 9.688774515463919, 2
133, 684.7064488659811, server_A, 3.4704019320064656, 898.1291749309567, 9.688774515463919, 2
134, 688.202605195878, server_A, 3.4704019320064656, 898.1291749309567, 9.688774515463919, 2
135, 691.698761525775, server_A, 3.4704019320064656, 898.1291749309567, 9.688774515463919, 2
136, 700.194917855672, server_A, 3.4704019320064656, 898.1291749309567, 9.688774515463919, 2
137, 703.6910741855689, server_A, 3.4704019320064656, 898.1291749309567, 9.688774515463919, 2
138, 707.1872305154659, server_A, 3.4704019320064656, 898.1291749309567, 9.688774515463919, 2
139, 715.6833868453629, server_A, 3.4704019320064656, 898.1291749309567, 9.688774515463919, 2
140, 719.1795431752598, server_A, 3.4704019320064656, 898.1291749309567, 9.688774515463919, 2
141, 722.6756995051568, server_A, 3.4704019320064656, 898.1291749309567, 9.688774515463919, 2
142, 731.1718558350537, server_A, 3.4704019320064656, 898.1291749309567, 9.688774515463919, 2
143, 734.6680121649507, server_A, 3.4704019320064656, 898.1291749309567, 9.688774515463919, 2
144, 738.1641684948477, server_A, 3.4704019320064656, 898.1291749309567, 9.688774515463919, 2
145, 741.6603248247446, server_A, 3.4704019320064656, 898.1291749309567, 9.688774515463919, 2
146, 750.1564811546416, server_A, 3.4704019320064656, 898.1291749309567, 9.688774515463919, 2
147, 753.6526374845386, server_A, 3.4704019320064656, 898.1291749309567, 9.688774515463919, 2
148, 757.1487938144355, server_A, 3.4704019320064656, 898.1291749309567, 9.688774515463919, 2
149, 765.6449501443325, server_A, 3.4704019320064656, 898.1291749309567, 9.688774515463919, 2
150, 769.1411064742294, server_A, 3.4704019320064656, 898.1291749309567, 9.688774515463919, 2
151, 772.6372628041264, server_A, 3.4704019320064656, 898.1291749309567, 9.688774515463919, 2
152, 781.1334191340234, server_A, 3.4704019320064656, 898.1291749309567, 9.688774515463919, 2
153, 784.6295754639203, server_A, 3.4704019320064656, 898.1291749309567, 9.688774515463919, 2
154, 788.1257317938173, server_A, 3.4704019320064656, 898.1291749309567, 9.688774515463919, 2
155, 791.6218881237143, server_A, 3.4704019320064656, 898.1291749309567, 9.688774515463919, 2
156, 800.1180444536112, server_A, 3.4704019320064656, 898.1291749309567, 9.688774515463919, 2
157, 803.6142007835082, server_A, 3.4704019320064656, 898.1291749309567, 9.688774515463919, 2
158, 807.1103571134051, server_A, 3.4704019320064656, 898.1291749309567, 9.688774515463919, 2
159, 815.6065134433021, server_A, 3.4704019320064656, 898.1291749309567, 9.688774515463919, 2
160, 819.1026697731991, server_A, 3.4704019320064656, 898.1291749309567, 9.688774515463919, 2
161, 822.598826103096, server_A, 3.4704019320064656, 898.1291749309567, 9.688774515463919, 2
162, 831.094982432993, server_A, 3.4704019320064656, 898.1291749309567, 9.688774515463919, 2
163, 834.59113876289, server_A, 3.4704019320064656, 898.1291749309567, 9.688774515463919, 2
164, 838.0872950927869, server_A, 3.4704019320064656, 898.1291749309567, 9.688774515463919, 2
165, 841.5834514226839, server_A, 3.4704019320064656, 898.1291749309567, 9.688774515463919, 2
166, 850.0796077525808, server_A, 3.4704019320064656, 898.1291749309567, 9.688774515463919, 2
167, 853.5757640824778, server_A, 3.4704019320064656, 898.1291749309567, 9.688774515463919, 2
168, 857.0719204123748, server_A, 3.4704019320064656, 898.1291749309567, 9.688774515463919, 2
169, 865.5680767422717, server_A, 3.4704019320064656, 898.1291749309567, 9.688774515463919, 2
170, 869.0642330721687, server_A, 3.4704019320064656, 898.1291749309567, 9.688774515463919, 2
171, 872.5603894020657, server_A, 3.4704019320064656, 898.1291749309567, 9.688774515463919, 2
172, 881.0565457319626, server_A, 3.4704019320064656, 898.1291749309567, 9.688774515463919, 2
173, 884.5527020618596, server_A, 3.4704019320064656, 898.1291749309567, 9.688774515463919, 2
174, 888.0488583917565, server_A, 3.4704019320064656, 898.1291749309567, 9.688774515463919, 2
175, 891.5450147216535, server_A, 3.4704019320064656, 898.1291749309567, 9.688774515463919, 2
176, 900.0411710515505, server_A, 3.4704019320064656, 898.1291749309567, 9.688774515463919, 2
177, 903.5373273814474, server_A, 3.4704019320064656, 898.1291749309567, 9.688774515463919, 2
178, 907.0334837113444, server_A, 3.4704019320064656, 898.1291749309567, 9.688774515463919, 2
179, 915.5296400412414, server_A, 3.4704019320064656, 898.1291749309567, 9.688774515463919, 2
180, 919.0257963711383, server_A, 3.4704019320064656, 898.1291749309567, 9.688774515463919, 2
181, 922.5219527010353, server_A, 3.4704019320064656, 898.1291749309567, 9.688774515463919, 2
182, 931.0181090309322, server_A, 3.4704019320064656, 898.1291749309567, 9.688774515463919, 2
183, 934.5142653608292, server_A, 3.4704019320064656, 898.1291749309567, 9.688774515463919, 2
184, 938.0104216907262, server_A, 3.4704019320064656, 898.1291749309567, 9.688774515463919, 2
185, 941.5065780206231, server_A, 3.4704019320064656, 898.1291749309567, 9.688774515463919, 2
186, 950.0027343505201, server_A, 3.4704019320064656, 898.1291749309567, 9.688774515463919, 2
187, 953.498890680417, server_A, 3.4704019320064656, 898.1291749309567, 9.688774515463919, 2
188, 956.995047010314, server_A, 3.4704019320064656, 898.1291749309567, 9.688774515463919, 2
189, 965.491203340211, server_A, 3.4704019320064656, 898.1291749309567, 9.688774515463919, 2
190, 968.9873596701079, server_A, 3.4704019320064656, 898.1291749309567, 9.688774515463919, 2
191, 972.4835160000049, server_A, 3.4704019320064656, 898.1291749309567, 9.688774515463919, 2
192, 980.9796723299019, server_A, 3.4704019320064656, 898.1291749309567, 9.688774515463919, 2
193, 984.4758286597988, server_A, 3.4704019320064656, 898.1291749309567, 9.688774515463919, 2
194, 987.9719849896958, server_A, 3.4704019320064656, 898.1291749309567, 9.688774515463919, 2
195, 996.4681413195927, server_A, 3.4704019320064656, 898.1291749309567, 9.688774515463919, 2
196, 999.9642976494897, server_A, 3.4704019320064656, 898.1291749309567, 9.688774515463919, 2
197, 1003.4604539793867, server_A, 3.4704019320064656, 898.1291749309567, 9.688774515463919, 2
198, 1006.9566103092836, server_A, 3.4704019320064656, 898.1291749309567, 9.688774515463919, 2
199, 1015.4527666391806, server_A, 3.4704019320064656, 898.1291749309567, 9.688774515463919, 2
200, 1018.9489229690776, server_A, 3.4704019320064656, 898.1291749309567, 9.688774515463919, 2
201, 1022.4450792989745, server_A, 3.4704019320064656, 898.1291749309567, 9.688774515463919, 2
202, 1030.9412356288713, server_A, 3.4704019320064656, 898.1291749309858, 9.688774515463919, 2
203, 1034.437391958768, server_A, 3.4704019320064656, 898.1291749309858, 9.688774515463919, 2
204, 1037.933548288665, server_A, 3.4704019320064656, 898.1291749309858, 9.688774515463919, 2
205, 1046.4297046185618, server_A, 3.4704019320064656, 898.1291749309858, 9.688774515463919, 2
206, 1049.9258609484586, server_A, 3.4704019320064656, 898.1291749309858, 9.688774515463919, 2
207, 1053.4220172783555, server_A, 3.4704019320064656, 898.1291749309858, 9.688774515463919, 2
208, 1056.9181736082523, server_A, 3.4704019320064656, 898.1291749309858, 9.688774515463919, 2
209, 1065.4143299381492, server_A, 3.4704019320064656, 898.1291749309858, 9.688774515463919, 2
210, 1068.910486268046, server_A, 3.4704019320064656, 898.1291749309858, 9.688774515463919, 2
211, 1072.406642597943, server_A, 3.4704019320064656, 898.1291749309858, 9.688774515463919, 2
212, 1080.9027989278397, server_A, 3.4704019320064656, 898.1291749309858, 9.688774515463919, 2
213, 1084.3989552577366, server_A, 3.4704019320064656, 898.1291749309858, 9.688774515463919, 2
214, 1087.8951115876334, server_A, 3.4704019320064656, 898.1291749309858, 9.688774515463919, 2
215, 1096.3912679175303, server_A, 3.4704019320064656, 898.1291749309858, 9.688774515463919, 2
216, 1099.8874242474271, server_A, 3.4704019320064656, 898.1291749309858, 9.688774515463919, 2
217, 1103.383580577324, server_A, 3.4704019320064656, 898.1291749309858, 9.688774515463919, 2
218, 1106.8797369072208, server_A, 3.4704019320064656, 898.1291749309858, 9.688774515463919, 2
219, 1115.3758932371177, server_A, 3.4704019320064656, 898.1291749309858, 9.688774515463919, 2
220, 1118.8720495670145, server_A, 3.4704019320064656, 898.1291749309858, 9.688774515463919, 2
221, 1122.3682058969114, server_A, 3.4704019320064656, 898.1291749309858, 9.688774515463919, 2
222, 1130.8643622268082, server_A, 3.4704019320064656, 898.1291749309858, 9.688774515463919, 2
223, 1134.360518556705, server_A, 3.4704019320064656, 898.1291749309858, 9.688774515463919, 2
224, 1137.856674886602, server_A, 3.4704019320064656, 898.1291749309858, 9.688774515463919, 2
225, 1146.3528312164988, server_A, 3.4704019320064656, 898.1291749309858, 9.688774515463919, 2
226, 1149.8489875463956, server_A, 3.4704019320064656, 898.1291749309858, 9.688774515463919, 2
227, 1153.3451438762925, server_A, 3.4704019320064656, 898.1291749309858, 9.688774515463919, 2
228, 1156.8413002061893, server_A, 3.4704019320064656, 898.1291749309858, 9.688774515463919, 2
229, 1165.3374565360862, server_A, 3.4704019320064656, 898.1291749309858, 9.688774515463919, 2
230, 1168.833612865983, server_A, 3.4704019320064656, 898.1291749309858, 9.688774515463919, 2
231, 1172.3297691958799, server_A, 3.4704019320064656, 898.1291749309858, 9.688774515463919, 2
232, 1180.8259255257767, server_A, 3.4704019320064656, 898.1291749309858, 9.688774515463919, 2
233, 1184.3220818556736, server_A, 3.4704019320064656, 898.1291749309858, 9.688774515463919, 2
234, 1187.8182381855704, server_A, 3.4704019320064656, 898.1291749309858, 9.688774515463919, 2
235, 1196.3143945154673, server_A, 3.4704019320064656, 898.1291749309858, 9.688774515463919, 2
236, 1199.810550845364, server_A, 3.4704019320064656, 898.1291749309858, 9.688774515463919, 2
237, 1203.306707175261, server_A, 3.4704019320064656, 898.1291749309858, 9.688774515463919, 2
238, 1206.8028635051578, server_A, 3.4704019320064656, 898.1291749309858, 9.688774515463919, 2
239, 1215.2990198350547, server_A, 3.4704019320064656, 898.1291749309858, 9.688774515463919, 2
240, 1218.7951761649515, server_A, 3.4704019320064656, 898.1291749309858, 9.688774515463919, 2
241, 1222.2913324948483, server_A, 3.4704019320064656, 898.1291749309858, 9.688774515463919, 2
242, 1230.7874888247452, server_A, 3.4704019320064656, 898.1291749309858, 9.688774515463919, 2
243, 1234.283645154642, server_A, 3.4704019320064656, 898.1291749309858, 9.688774515463919, 2
244, 1237.779801484539, server_A, 3.4704019320064656, 898.1291749309858, 9.688774515463919, 2
245, 1246.2759578144357, server_A, 3.4704019320064656, 898.1291749309858, 9.688774515463919, 2
246, 1249.7721141443326, server_A, 3.4704019320064656, 898.1291749309858, 9.688774515463919, 2
247, 1253.2682704742294, server_A, 3.4704019320064656, 898.1291749309858, 9.688774515463919, 2
248, 1256.7644268041263, server_A, 3.4704019320064656, 898.1291749309858, 9.688774515463919, 2
249, 1265.2605831340231, server_A, 3.4704019320064656, 898.1291749309858, 9.688774515463919, 2
250, 1268.75673946392, server_A, 3.4704019320064656, 898.1291749309858, 9.688774515463919, 2
251, 1272.2528957938168, server_A, 3.4704019320064656, 898.1291749309858, 9.688774515463919, 2
252, 1280.7490521237137, server_A, 3.4704019320064656, 898.1291749309858, 9.688774515463919, 2
253, 1284.2452084536105, server_A, 3.4704019320064656, 898.1291749309858, 9.688774515463919, 2
254, 1287.7413647835074, server_A, 3.4704019320064656, 898.1291749309858, 9.688774515463919, 2
255, 1296.2375211134042, server_A, 3.4704019320064656, 898.1291749309858, 9.688774515463919, 2
256, 1299.733677443301, server_A, 3.4704019320064656, 898.1291749309858, 9.688774515463919, 2
257, 1303.229833773198, server_A, 3.4704019320064656, 898.1291749309858, 9.688774515463919, 2
258, 1306.7259901030948, server_A, 3.4704019320064656, 898.1291749309858, 9.688774515463919, 2
259, 1315.2221464329916, server_A, 3.4704019320064656, 898.1291749309858, 9.688774515463919, 2
260, 1318.7183027628885, server_A, 3.4704019320064656, 898.1291749309858, 9.688774515463919, 2
261, 1322.2144590927853, server_A, 3.4704019320064656, 898.1291749309858, 9.688774515463919, 2
262, 1330.7106154226822, server_A, 3.4704019320064656, 898.1291749309858, 9.688774515463919, 2
263, 1334.206771752579, server_A, 3.4704019320064656, 898.1291749309858, 9.688774515463919, 2
264, 1337.7029280824759, server_A, 3.4704019320064656, 898.1291749309858, 9.688774515463919, 2
265, 1346.1990844123727, server_A, 3.4704019320064656, 898.1291749309858, 9.688774515463919, 2
266, 1349.6952407422696, server_A, 3.4704019320064656, 898.1291749309858, 9.688774515463919, 2
267, 1353.1913970721664, server_A, 3.4704019320064656, 898.1291749309858, 9.688774515463919, 2
268, 1356.6875534020633, server_A, 3.4704019320064656, 898.1291749309858, 9.688774515463919, 2
269, 1365.18370973196, server_A, 3.4704019320064656, 898.1291749309858, 9.688774515463919, 2
270, 1368.679866061857, server_A, 3.4704019320064656, 898.1291749309858, 9.688774515463919, 2
271, 1372.1760223917538, server_A, 3.4704019320064656, 898.1291749309858, 9.688774515463919, 2
272, 1380.6721787216507, server_A, 3.4704019320064656, 898.1291749309858, 9.688774515463919, 2
273, 1384.1683350515475, server_A, 3.4704019320064656, 898.1291749309858, 9.688774515463919, 2
274, 1387.6644913814443, server_A, 3.4704019320064656, 898.1291749309858, 9.688774515463919, 2
275, 1396.1606477113412, server_A, 3.4704019320064656, 898.1291749309858, 9.688774515463919, 2
276, 1399.656804041238, server_A, 3.4704019320064656, 898.1291749309858, 9.688774515463919, 2
277, 1403.152960371135, server_A, 3.4704019320064656, 898.1291749309858, 9.688774515463919, 2
278, 1406.6491167010317, server_A, 3.4704019320064656, 898.1291749309858, 9.688774515463919, 2
279, 1415.1452730309286, server_A, 3.4704019320064656, 898.1291749309858, 9.688774515463919, 2
280, 1418.6414293608254, server_A, 3.4704019320064656, 898.1291749309858, 9.688774515463919, 2
281, 1422.1375856907223, server_A, 3.4704019320064656, 898.1291749309858, 9.688774515463919, 2
282, 1430.6337420206191, server_A, 3.4704019320064656, 898.1291749309858, 9.688774515463919, 2
283, 1434.129898350516, server_A, 3.4704019320064656, 898.1291749309858, 9.688774515463919, 2
284, 1437.6260546804128, server_A, 3.4704019320064656, 898.1291749309858, 9.688774515463919, 2
285, 1446.1222110103097, server_A, 3.4704019320064656, 898.1291749309858, 9.688774515463919, 2
286, 1449.6183673402065, server_A, 3.4704019320064656, 898.1291749309858, 9.688774515463919, 2
287, 1453.1145236701034, server_A, 3.4704019320064656, 898.1291749309858, 9.688774515463919, 2
288, 1456.6106800000002, server_A, 3.4704019320064656, 898.1291749309858, 9.688774515463919, 2
289, 1465.106836329897, server_A, 3.4704019320064656, 898.1291749309858, 9.688774515463919, 2
290, 1468.602992659794, server_A, 3.4704019320064656, 898.1291749309858, 9.688774515463919, 2
291, 1472.0991489896908, server_A, 3.4704019320064656, 898.1291749309858, 9.688774515463919, 2
292, 1480.5953053195876, server_A, 3.4704019320064656, 898.1291749309858, 9.688774515463919, 2
293, 1484.0914616494845, server_A, 3.4704019320064656, 898.1291749309858, 9.688774515463919, 2
294, 1487.5876179793813, server_A, 3.4704019320064656, 898.1291749309858, 9.688774515463919, 2
295, 1496.0837743092782, server_A, 3.4704019320064656, 898.1291749309858, 9.688774515463919, 2
296, 1499.579930639175, server_A, 3.4704019320064656, 898.1291749309858, 9.688774515463919, 2
297, 1503.0760869690719, server_A, 3.4704019320064656, 898.1291749309858, 9.688774515463919, 2
298, 1506.5722432989687, server_A, 3.4704019320064656, 898.1291749309858, 9.688774515463919, 2
299, 1515.0683996288656, server_A, 3.4704019320064656, 898.1291749309858, 9.688774515463919, 2
300, 1518.5645559587624, server_A, 3.4704019320064656, 898.1291749309858, 9.688774515463919, 2
301, 1522.0607122886593, server_A, 3.4704019320064656, 898.1291749309858, 9.688774515463919, 2
302, 1530.556868618556, server_A, 3.4704019320064656, 898.1291749309858, 9.688774515463919, 2
303, 1534.053024948453, server_A, 3.4704019320064656, 898.1291749309858, 9.688774515463919, 2
304, 1537.5491812783498, server_A, 3.4704019320064656, 898.1291749309858, 9.688774515463919, 2
305, 1546.0453376082467, server_A, 3.4704019320064656, 898.1291749309858, 9.688774515463919, 2
306, 1549.5414939381435, server_A, 3.4704019320064656, 898.1291749309858, 9.688774515463919, 2
307, 1553.0376502680404, server_A, 3.4704019320064656, 898.1291749309858, 9.688774515463919, 2
308, 1556.5338065979372, server_A, 3.4704019320064656, 898.1291749309858, 9.688774515463919, 2
309, 1565.029962927834, server_A, 3.4704019320064656, 898.1291749309858, 9.688774515463919, 2
310, 1568.526119257731, server_A, 3.4704019320064656, 898.1291749309858, 9.688774515463919, 2
311, 1572.0222755876277, server_A, 3.4704019320064656, 898.1291749309858, 9.688774515463919, 2
312, 1580.5184319175246, server_A, 3.4704019320064656, 898.1291749309858, 9.688774515463919, 2
313, 1584.0145882474214, server_A, 3.4704019320064656, 898.1291749309858, 9.688774515463919, 2
314, 1587.5107445773183, server_A, 3.4704019320064656, 898.1291749309858, 9.688774515463919, 2
315, 1596.0069009072151, server_A, 3.4704019320064656, 898.1291749309858, 9.688774515463919, 2
316, 1599.503057237112, server_A, 3.4704019320064656, 898.1291749309858, 9.688774515463919, 2
317, 1602.9992135670088, server_A, 3.4704019320064656, 898.1291749309858, 9.688774515463919, 2
318, 1606.4953698969057, server_A, 3.4704019320064656, 898.1291749309858, 9.688774515463919, 2
319, 1614.9915262268025, server_A, 3.4704019320064656, 898.1291749309858, 9.688774515463919, 2
320, 1618.4876825566994, server_A, 3.4704019320064656, 898.1291749309858, 9.688774515463919, 2
321, 1621.9838388865962, server_A, 3.4704019320064656, 898.1291749309858, 9.688774515463919, 2
322, 1630.479995216493, server_A, 3.4704019320064656, 898.1291749309858, 9.688774515463919, 2
323, 1633.97615154639, server_A, 3.4704019320064656, 898.1291749309858, 9.688774515463919, 2
324, 1637.4723078762868, server_A, 3.4704019320064656, 898.1291749309858, 9.688774515463919, 2
325, 1645.9684642061836, server_A, 3.4704019320064656, 898.1291749309858, 9.688774515463919, 2
326, 1649.4646205360805, server_A, 3.4704019320064656, 898.1291749309858, 9.688774515463919, 2
327, 1652.9607768659773, server_A, 3.4704019320064656, 898.1291749309858, 9.688774515463919, 2
328, 1661.4569331958742, server_A, 3.4704019320064656, 898.1291749309858, 9.688774515463919, 2
329, 1664.953089525771, server_A, 3.4704019320064656, 898.1291749309858, 9.688774515463919, 2
330, 1668.4492458556679, server_A, 3.4704019320064656, 898.1291749309858, 9.688774515463919, 2
331, 1671.9454021855647, server_A, 3.4704019320064656, 898.1291749309858, 9.688774515463919, 2
332, 1680.4415585154616, server_A, 3.4704019320064656, 898.1291749309858, 9.688774515463919, 2
333, 1683.9377148453584, server_A, 3.4704019320064656, 898.1291749309858, 9.688774515463919, 2
334, 1687.4338711752553, server_A, 3.4704019320064656, 898.1291749309858, 9.688774515463919, 2
335, 1695.930027505152, server_A, 3.4704019320064656, 898.1291749309858, 9.688774515463919, 2
336, 1699.426183835049, server_A, 3.4704019320064656, 898.1291749309858, 9.688774515463919, 2
337, 1702.9223401649458, server_A, 3.4704019320064656, 898.1291749309858, 9.688774515463919, 2
338, 1711.4184964948427, server_A, 3.4704019320064656, 898.1291749309858, 9.688774515463919, 2
339, 1714.9146528247395, server_A, 3.4704019320064656, 898.1291749309858, 9.688774515463919, 2
340, 1718.4108091546364, server_A, 3.4704019320064656, 898.1291749309858, 9.688774515463919, 2
341, 1721.9069654845332, server_A, 3.4704019320064656, 898.1291749309858, 9.688774515463919, 2
342, 1730.40312181443, server_A, 3.4704019320064656, 898.1291749309858, 9.688774515463919, 2
343, 1733.899278144327, server_A, 3.4704019320064656, 898.1291749309858, 9.688774515463919, 2
344, 1737.3954344742237, server_A, 3.4704019320064656, 898.1291749309858, 9.688774515463919, 2
345, 1745.8915908041206, server_A, 3.4704019320064656, 898.1291749309858, 9.688774515463919, 2
346, 1749.3877471340174, server_A, 3.4704019320064656, 898.1291749309858, 9.688774515463919, 2
347, 1752.8839034639143, server_A, 3.4704019320064656, 898.1291749309858, 9.688774515463919, 2
348, 1761.3800597938111, server_A, 3.4704019320064656, 898.1291749309858, 9.688774515463919, 2
349, 1764.876216123708, server_A, 3.4704019320064656, 898.1291749309858, 9.688774515463919, 2
350, 1768.3723724536048, server_A, 3.4704019320064656, 898.1291749309858, 9.688774515463919, 2
351, 1771.8685287835017, server_A, 3.4704019320064656, 898.1291749309858, 9.688774515463919, 2
352, 1780.3646851133985, server_A, 3.4704019320064656, 898.1291749309858, 9.688774515463919, 2
353, 1783.8608414432954, server_A, 3.4704019320064656, 898.1291749309858, 9.688774515463919, 2
354, 1787.3569977731922, server_A, 3.4704019320064656, 898.1291749309858, 9.688774515463919, 2
355, 1795.853154103089, server_A, 3.4704019320064656, 898.1291749309858, 9.688774515463919, 2
356, 1799.349310432986, server_A, 3.4704019320064656, 898.1291749309858, 9.688774515463919, 2
357, 1802.8454667628828, server_A, 3.4704019320064656, 898.1291749309858, 9.688774515463919, 2
358, 1811.3416230927796, server_A, 3.4704019320064656, 898.1291749309858, 9.688774515463919, 2
359, 1814.8377794226765, server_A, 3.4704019320064656, 898.1291749309858, 9.688774515463919, 2
360, 1818.3339357525733, server_A, 3.4704019320064656, 898.1291749309858, 9.688774515463919, 2
361, 1821.8300920824702, server_A, 3.4704019320064656, 898.1291749309858, 9.688774515463919, 2
362, 1830.326248412367, server_A, 3.4704019320064656, 898.1291749309858, 9.688774515463919, 2
363, 1833.8224047422639, server_A, 3.4704019320064656, 898.1291749309858, 9.688774515463919, 2
364, 1837.3185610721607, server_A, 3.4704019320064656, 898.1291749309858, 9.688774515463919, 2
365, 1845.8147174020576, server_A, 3.4704019320064656, 898.1291749309858, 9.688774515463919, 2
366, 1849.3108737319544, server_A, 3.4704019320064656, 898.1291749309858, 9.688774515463919, 2
367, 1852.8070300618513, server_A, 3.4704019320064656, 898.1291749309858, 9.688774515463919, 2
368, 1861.303186391748, server_A, 3.4704019320064656, 898.1291749309858, 9.688774515463919, 2
369, 1864.799342721645, server_A, 3.4704019320064656, 898.1291749309858, 9.688774515463919, 2
370, 1868.2954990515418, server_A, 3.4704019320064656, 898.1291749309858, 9.688774515463919, 2
371, 1871.7916553814387, server_A, 3.4704019320064656, 898.1291749309858, 9.688774515463919, 2
372, 1880.2878117113355, server_A, 3.4704019320064656, 898.1291749309858, 9.688774515463919, 2
373, 1883.7839680412324, server_A, 3.4704019320064656, 898.1291749309858, 9.688774515463919, 2
374, 1887.2801243711292, server_A, 3.4704019320064656, 898.1291749309858, 9.688774515463919, 2
375, 1895.776280701026, server_A, 3.4704019320064656, 898.1291749309858, 9.688774515463919, 2
376, 1899.272437030923, server_A, 3.4704019320064656, 898.1291749309858, 9.688774515463919, 2
377, 1902.7685933608198, server_A, 3.4704019320064656, 898.1291749309858, 9.688774515463919, 2
378, 1911.2647496907166, server_A, 3.4704019320064656, 898.1291749309858, 9.688774515463919, 2
379, 1914.7609060206134, server_A, 3.4704019320064656, 898.1291749309858, 9.688774515463919, 2
380, 1918.2570623505103, server_A, 3.4704019320064656, 898.1291749309858, 9.688774515463919, 2
381, 1921.7532186804071, server_A, 3.4704019320064656, 898.1291749309858, 9.688774515463919, 2
382, 1930.249375010304, server_A, 3.4704019320064656, 898.1291749309858, 9.688774515463919, 2
383, 1933.7455313402008, server_A, 3.4704019320064656, 898.1291749309858, 9.688774515463919, 2
384, 1937.2416876700977, server_A, 3.4704019320064656, 898.1291749309858, 9.688774515463919, 2
385, 1945.7378439999945, server_A, 3.4704019320064656, 898.1291749309858, 9.688774515463919, 2
386, 1949.2340003298914, server_A, 3.4704019320064656, 898.1291749309858, 9.688774515463919, 2
387, 1952.7301566597882, server_A, 3.4704019320064656, 898.1291749309858, 9.688774515463919, 2
388, 1961.226312989685, server_A, 3.4704019320064656, 898.1291749309858, 9.688774515463919, 2
389, 1964.722469319582, server_A, 3.4704019320064656, 898.1291749309858, 9.688774515463919, 2
390, 1968.2186256494788, server_A, 3.4704019320064656, 898.1291749309858, 9.688774515463919, 2
391, 1971.7147819793756, server_A, 3.4704019320064656, 898.1291749309858, 9.688774515463919, 2
392, 1980.2109383092725, server_A, 3.4704019320064656, 898.1291749309858, 9.688774515463919, 2
393, 1983.7070946391693, server_A, 3.4704019320064656, 898.1291749309858, 9.688774515463919, 2
394, 1987.2032509690662, server_A, 3.4704019320064656, 898.1291749309858, 9.688774515463919, 2
395, 1995.699407298963, server_A, 3.4704019320064656, 898.1291749309858, 9.688774515463919, 2
396, 1999.1955636288599, server_A, 3.4704019320064656, 898.1291749309858, 9.688774515463919, 2
397, 2002.6917199587567, server_A, 3.4704019320064656, 898.1291749309858, 9.688774515463919, 2
398, 2011.1878762886536, server_A, 3.4704019320064656, 898.1291749309858, 9.688774515463919, 2
399, 2014.6840326185504, server_A, 3.4704019320064656, 898.1291749309858, 9.688774515463919, 2
400, 2018.1801889484473, server_A, 3.4704019320064656, 898.1291749309858, 9.688774515463919, 2
401, 2021.6763452783441, server_A, 3.4704019320064656, 898.1291749309858, 9.688774515463919, 2
402, 2030.172501608241, server_A, 3.4704019320064656, 898.1291749309858, 9.688774515463919, 2
403, 2033.6686579381378, server_A, 3.4704019320064656, 898.1291749309858, 9.688774515463919, 2
404, 2037.1648142680347, server_A, 3.4704019320064656, 898.1291749309858, 9.688774515463919, 2
405, 2045.6609705979315, server_A, 3.4704019320064656, 898.1291749309858, 9.688774515463919, 2
406, 2049.1571269278284, server_A, 3.4704019320064656, 898.1291749309858, 9.688774515463919, 2
407, 2052.6532832577254, server_A, 3.4704019320064656, 898.1291749309274, 9.688774515463919, 2
408, 2061.1494395876225, server_A, 3.4704019320064656, 898.1291749309274, 9.688774515463919, 2
409, 2064.6455959175196, server_A, 3.4704019320064656, 898.1291749309274, 9.688774515463919, 2
410, 2068.1417522474167, server_A, 3.4704019320064656, 898.1291749309274, 9.688774515463919, 2
411, 2071.6379085773137, server_A, 3.4704019320064656, 898.1291749309274, 9.688774515463919, 2
412, 2080.134064907211, server_A, 3.4704019320064656, 898.1291749309274, 9.688774515463919, 2
413, 2083.630221237108, server_A, 3.4704019320064656, 898.1291749309274, 9.688774515463919, 2
414, 2087.126377567005, server_A, 3.4704019320064656, 898.1291749309274, 9.688774515463919, 2
415, 2095.622533896902, server_A, 3.4704019320064656, 898.1291749309274, 9.688774515463919, 2
416, 2099.118690226799, server_A, 3.4704019320064656, 898.1291749309274, 9.688774515463919, 2
417, 2102.614846556696, server_A, 3.4704019320064656, 898.1291749309274, 9.688774515463919, 2
418, 2111.1110028865933, server_A, 3.4704019320064656, 898.1291749309274, 9.688774515463919, 2
419, 2114.6071592164903, server_A, 3.4704019320064656, 898.1291749309274, 9.688774515463919, 2
420, 2118.1033155463874, server_A, 3.4704019320064656, 898.1291749309274, 9.688774515463919, 2
421, 2121.5994718762845, server_A, 3.4704019320064656, 898.1291749309274, 9.688774515463919, 2
422, 2130.0956282061816, server_A, 3.4704019320064656, 898.1291749309274, 9.688774515463919, 2
423, 2133.5917845360786, server_A, 3.4704019320064656, 898.1291749309274, 9.688774515463919, 2
424, 2137.0879408659757, server_A, 3.4704019320064656, 898.1291749309274, 9.688774515463919, 2
425, 2145.584097195873, server_A, 3.4704019320064656, 898.1291749309274, 9.688774515463919, 2
426, 2149.08025352577, server_A, 3.4704019320064656, 898.1291749309274, 9.688774515463919, 2
427, 2152.576409855667, server_A, 3.4704019320064656, 898.1291749309274, 9.688774515463919, 2
428, 2161.072566185564, server_A, 3.4704019320064656, 898.1291749309274, 9.688774515463919, 2
429, 2164.568722515461, server_A, 3.4704019320064656, 898.1291749309274, 9.688774515463919, 2
430, 2168.064878845358, server_A, 3.4704019320064656, 898.1291749309274, 9.688774515463919, 2
431, 2171.5610351752553, server_A, 3.4704019320064656, 898.1291749309274, 9.688774515463919, 2
432, 2180.0571915051523, server_A, 3.4704019320064656, 898.1291749309274, 9.688774515463919, 2
433, 2183.5533478350494, server_A, 3.4704019320064656, 898.1291749309274, 9.688774515463919, 2
434, 2187.0495041649465, server_A, 3.4704019320064656, 898.1291749309274, 9.688774515463919, 2
435, 2195.5456604948436, server_A, 3.4704019320064656, 898.1291749309274, 9.688774515463919, 2
436, 2199.0418168247406, server_A, 3.4704019320064656, 898.1291749309274, 9.688774515463919, 2
437, 2202.5379731546377, server_A, 3.4704019320064656, 898.1291749309274, 9.688774515463919, 2
438, 2211.034129484535, server_A, 3.4704019320064656, 898.1291749309274, 9.688774515463919, 2
439, 2214.530285814432, server_A, 3.4704019320064656, 898.1291749309274, 9.688774515463919, 2
440, 2218.026442144329, server_A, 3.4704019320064656, 898.1291749309274, 9.688774515463919, 2
441, 2221.522598474226, server_A, 3.4704019320064656, 898.1291749309274, 9.688774515463919, 2
442, 2230.018754804123, server_A, 3.4704019320064656, 898.1291749309274, 9.688774515463919, 2
443, 2233.51491113402, server_A, 3.4704019320064656, 898.1291749309274, 9.688774515463919, 2
444, 2237.0110674639172, server_A, 3.4704019320064656, 898.1291749309274, 9.688774515463919, 2
445, 2245.5072237938143, server_A, 3.4704019320064656, 898.1291749309274, 9.688774515463919, 2
446, 2249.0033801237114, server_A, 3.4704019320064656, 898.1291749309274, 9.688774515463919, 2
447, 2252.4995364536085, server_A, 3.4704019320064656, 898.1291749309274, 9.688774515463919, 2
448, 2260.9956927835055, server_A, 3.4704019320064656, 898.1291749309274, 9.688774515463919, 2
449, 2264.4918491134026, server_A, 3.4704019320064656, 898.1291749309274, 9.688774515463919, 2
450, 2267.9880054432997, server_A, 3.4704019320064656, 898.1291749309274, 9.688774515463919, 2
451, 2271.484161773197, server_A, 3.4704019320064656, 898.1291749309274, 9.688774515463919, 2
452, 2279.980318103094, server_A, 3.4704019320064656, 898.1291749309274, 9.688774515463919, 2
453, 2283.476474432991, server_A, 3.4704019320064656, 898.1291749309274, 9.688774515463919, 2
454, 2286.972630762888, server_A, 3.4704019320064656, 898.1291749309274, 9.688774515463919, 2
455, 2295.468787092785, server_A, 3.4704019320064656, 898.1291749309274, 9.688774515463919, 2
456, 2298.964943422682, server_A, 3.4704019320064656, 898.1291749309274, 9.688774515463919, 2
457, 2302.4610997525792, server_A, 3.4704019320064656, 898.1291749309274, 9.688774515463919, 2
458, 2310.9572560824763, server_A, 3.4704019320064656, 898.1291749309274, 9.688774515463919, 2
459, 2314.4534124123734, server_A, 3.4704019320064656, 898.1291749309274, 9.688774515463919, 2
460, 2317.9495687422705, server_A, 3.4704019320064656, 898.1291749309274, 9.688774515463919, 2
461, 2326.4457250721675, server_A, 3.4704019320064656, 898.1291749309274, 9.688774515463919, 2
462, 2329.9418814020646, server_A, 3.4704019320064656, 898.1291749309274, 9.688774515463919, 2
463, 2333.4380377319617, server_A, 3.4704019320064656, 898.1291749309274, 9.688774515463919, 2
464, 2336.9341940618588, server_A, 3.4704019320064656, 898.1291749309274, 9.688774515463919, 2
465, 2345.430350391756, server_A, 3.4704019320064656, 898.1291749309274, 9.688774515463919, 2
466, 2348.926506721653, server_A, 3.4704019320064656, 898.1291749309274, 9.688774515463919, 2
467, 2352.42266305155, server_A, 3.4704019320064656, 898.1291749309274, 9.688774515463919, 2
468, 2360.918819381447, server_A, 3.4704019320064656, 898.1291749309274, 9.688774515463919, 2
469, 2364.414975711344, server_A, 3.4704019320064656, 898.1291749309274, 9.688774515463919, 2
470, 2367.911132041241, server_A, 3.4704019320064656, 898.1291749309274, 9.688774515463919, 2
471, 2376.4072883711383, server_A, 3.4704019320064656, 898.1291749309274, 9.688774515463919, 2
472, 2379.9034447010354, server_A, 3.4704019320064656, 898.1291749309274, 9.688774515463919, 2
473, 2383.3996010309324, server_A, 3.4704019320064656, 898.1291749309274, 9.688774515463919, 2
474, 2386.8957573608295, server_A, 3.4704019320064656, 898.1291749309274, 9.688774515463919, 2
475, 2395.3919136907266, server_A, 3.4704019320064656, 898.1291749309274, 9.688774515463919, 2
476, 2398.8880700206237, server_A, 3.4704019320064656, 898.1291749309274, 9.688774515463919, 2
477, 2402.3842263505207, server_A, 3.4704019320064656, 898.1291749309274, 9.688774515463919, 2
478, 2410.880382680418, server_A, 3.4704019320064656, 898.1291749309274, 9.688774515463919, 2
479, 2414.376539010315, server_A, 3.4704019320064656, 898.1291749309274, 9.688774515463919, 2
480, 2417.872695340212, server_A, 3.4704019320064656, 898.1291749309274, 9.688774515463919, 2
481, 2426.368851670109, server_A, 3.4704019320064656, 898.1291749309274, 9.688774515463919, 2
482, 2429.865008000006, server_A, 3.4704019320064656, 898.1291749309274, 9.688774515463919, 2
483, 2433.361164329903, server_A, 3.4704019320064656, 898.1291749309274, 9.688774515463919, 2
484, 2436.8573206598003, server_A, 3.4704019320064656, 898.1291749309274, 9.688774515463919, 2
485, 2445.3534769896974, server_A, 3.4704019320064656, 898.1291749309274, 9.688774515463919, 2
486, 2448.8496333195944, server_A, 3.4704019320064656, 898.1291749309274, 9.688774515463919, 2
487, 2452.3457896494915, server_A, 3.4704019320064656, 898.1291749309274, 9.688774515463919, 2
488, 2460.8419459793886, server_A, 3.4704019320064656, 898.1291749309274, 9.688774515463919, 2
489, 2464.3381023092857, server_A, 3.4704019320064656, 898.1291749309274, 9.688774515463919, 2
490, 2467.8342586391827, server_A, 3.4704019320064656, 898.1291749309274, 9.688774515463919, 2
491, 2476.33041496908, server_A, 3.4704019320064656, 898.1291749309274, 9.688774515463919, 2
492, 2479.826571298977, server_A, 3.4704019320064656, 898.1291749309274, 9.688774515463919, 2
493, 2483.322727628874, server_A, 3.4704019320064656, 898.1291749309274, 9.688774515463919, 2
494, 2486.818883958771, server_A, 3.4704019320064656, 898.1291749309274, 9.688774515463919, 2
495, 2495.315040288668, server_A, 3.4704019320064656, 898.1291749309274, 9.688774515463919, 2
496, 2498.811196618565, server_A, 3.4704019320064656, 898.1291749309274, 9.688774515463919, 2
497, 2502.3073529484623, server_A, 3.4704019320064656, 898.1291749309274, 9.688774515463919, 2
498, 2510.8035092783593, server_A, 3.4704019320064656, 898.1291749309274, 9.688774515463919, 2
499, 2514.2996656082564, server_A, 3.4704019320064656, 898.1291749309274, 9.688774515463919, 2
500, 2517.7958219381535, server_A, 3.4704019320064656, 898.1291749309274, 9.688774515463919, 2
501, 2526.2919782680506, server_A, 3.4704019320064656, 898.1291749309274, 9.688774515463919, 2
502, 2529.7881345979476, server_A, 3.4704019320064656, 898.1291749309274, 9.688774515463919, 2
503, 2533.2842909278447, server_A, 3.4704019320064656, 898.1291749309274, 9.688774515463919, 2
504, 2536.780447257742, server_A, 3.4704019320064656, 898.1291749309274, 9.688774515463919, 2
505, 2545.276603587639, server_A, 3.4704019320064656, 898.1291749309274, 9.688774515463919, 2
506, 2548.772759917536, server_A, 3.4704019320064656, 898.1291749309274, 9.688774515463919, 2
507, 2552.268916247433, server_A, 3.4704019320064656, 898.1291749309274, 9.688774515463919, 2
508, 2560.76507257733, server_A, 3.4704019320064656, 898.1291749309274, 9.688774515463919, 2
509, 2564.261228907227, server_A, 3.4704019320064656, 898.1291749309274, 9.688774515463919, 2
510, 2567.7573852371243, server_A, 3.4704019320064656, 898.1291749309274, 9.688774515463919, 2
511, 2576.2535415670213, server_A, 3.4704019320064656, 898.1291749309274, 9.688774515463919, 2
512, 2579.7496978969184, server_A, 3.4704019320064656, 898.1291749309274, 9.688774515463919, 2
513, 2583.2458542268155, server_A, 3.4704019320064656, 898.1291749309274, 9.688774515463919, 2
514, 2586.7420105567126, server_A, 3.4704019320064656, 898.1291749309274, 9.688774515463919, 2
515, 2595.2381668866096, server_A, 3.4704019320064656, 898.1291749309274, 9.688774515463919, 2
516, 2598.7343232165067, server_A, 3.4704019320064656, 898.1291749309274, 9.688774515463919, 2
517, 2602.230479546404, server_A, 3.4704019320064656, 898.1291749309274, 9.688774515463919, 2
518, 2610.726635876301, server_A, 3.4704019320064656, 898.1291749309274, 9.688774515463919, 2
519, 2614.222792206198, server_A, 3.4704019320064656, 898.1291749309274, 9.688774515463919, 2
520, 2617.718948536095, server_A, 3.4704019320064656, 898.1291749309274, 9.688774515463919, 2
521, 2626.215104865992, server_A, 3.4704019320064656, 898.1291749309274, 9.688774515463919, 2
522, 2629.711261195889, server_A, 3.4704019320064656, 898.1291749309274, 9.688774515463919, 2
523, 2633.2074175257862, server_A, 3.4704019320064656, 898.1291749309274, 9.688774515463919, 2
524, 2636.7035738556833, server_A, 3.4704019320064656, 898.1291749309274, 9.688774515463919, 2
525, 2645.1997301855804, server_A, 3.4704019320064656, 898.1291749309274, 9.688774515463919, 2
526, 2648.6958865154775, server_A, 3.4704019320064656, 898.1291749309274, 9.688774515463919, 2
527, 2652.1920428453745, server_A, 3.4704019320064656, 898.1291749309274, 9.688774515463919, 2
528, 2660.6881991752716, server_A, 3.4704019320064656, 898.1291749309274, 9.688774515463919, 2
529, 2664.1843555051687, server_A, 3.4704019320064656, 898.1291749309274, 9.688774515463919, 2
530, 2667.6805118350658, server_A, 3.4704019320064656, 898.1291749309274, 9.688774515463919, 2
531, 2676.176668164963, server_A, 3.4704019320064656, 898.1291749309274, 9.688774515463919, 2
532, 2679.67282449486, server_A, 3.4704019320064656, 898.1291749309274, 9.688774515463919, 2
533, 2683.168980824757, server_A, 3.4704019320064656, 898.1291749309274, 9.688774515463919, 2
534, 2686.665137154654, server_A, 3.4704019320064656, 898.1291749309274, 9.688774515463919, 2
535, 2695.161293484551, server_A, 3.4704019320064656, 898.1291749309274, 9.688774515463919, 2
536, 2698.6574498144482, server_A, 3.4704019320064656, 898.1291749309274, 9.688774515463919, 2
537, 2702.1536061443453, server_A, 3.4704019320064656, 898.1291749309274, 9.688774515463919, 2
538, 2710.6497624742424, server_A, 3.4704019320064656, 898.1291749309274, 9.688774515463919, 2
539, 2714.1459188041395, server_A, 3.4704019320064656, 898.1291749309274, 9.688774515463919, 2
540, 2717.6420751340365, server_A, 3.4704019320064656, 898.1291749309274, 9.688774515463919, 2
541, 2726.1382314639336, server_A, 3.4704019320064656, 898.1291749309274, 9.688774515463919, 2
542, 2729.6343877938307, server_A, 3.4704019320064656, 898.1291749309274, 9.688774515463919, 2
543, 2733.1305441237278, server_A, 3.4704019320064656, 898.1291749309274, 9.688774515463919, 2
544, 2736.626700453625, server_A, 3.4704019320064656, 898.1291749309274, 9.688774515463919, 2
545, 2745.122856783522, server_A, 3.4704019320064656, 898.1291749309274, 9.688774515463919, 2
546, 2748.619013113419, server_A, 3.4704019320064656, 898.1291749309274, 9.688774515463919, 2
547, 2752.115169443316, server_A, 3.4704019320064656, 898.1291749309274, 9.688774515463919, 2
548, 2760.611325773213, server_A, 3.4704019320064656, 898.1291749309274, 9.688774515463919, 2
549, 2764.10748210311, server_A, 3.4704019320064656, 898.1291749309274, 9.688774515463919, 2
550, 2767.6036384330073, server_A, 3.4704019320064656, 898.1291749309274, 9.688774515463919, 2
551, 2776.0997947629044, server_A, 3.4704019320064656, 898.1291749309274, 9.688774515463919, 2
552, 2779.5959510928014, server_A, 3.4704019320064656, 898.1291749309274, 9.688774515463919, 2
553, 2783.0921074226985, server_A, 3.4704019320064656, 898.1291749309274, 9.688774515463919, 2
554, 2786.5882637525956, server_A, 3.4704019320064656, 898.1291749309274, 9.688774515463919, 2
555, 2795.0844200824927, server_A, 3.4704019320064656, 898.1291749309274, 9.688774515463919, 2
556, 2798.5805764123897, server_A, 3.4704019320064656, 898.1291749309274, 9.688774515463919, 2
557, 2802.076732742287, server_A, 3.4704019320064656, 898.1291749309274, 9.688774515463919, 2
558, 2810.572889072184, server_A, 3.4704019320064656, 898.1291749309274, 9.688774515463919, 2
559, 2814.069045402081, server_A, 3.4704019320064656, 898.1291749309274, 9.688774515463919, 2
560, 2817.565201731978, server_A, 3.4704019320064656, 898.1291749309274, 9.688774515463919, 2
561, 2826.061358061875, server_A, 3.4704019320064656, 898.1291749309274, 9.688774515463919, 2
562, 2829.557514391772, server_A, 3.4704019320064656, 898.1291749309274, 9.688774515463919, 2
563, 2833.0536707216693, server_A, 3.4704019320064656, 898.1291749309274, 9.688774515463919, 2
564, 2836.5498270515664, server_A, 3.4704019320064656, 898.1291749309274, 9.688774515463919, 2
565, 2845.0459833814634, server_A, 3.4704019320064656, 898.1291749309274, 9.688774515463919, 2
566, 2848.5421397113605, server_A, 3.4704019320064656, 898.1291749309274, 9.688774515463919, 2
567, 2852.0382960412576, server_A, 3.4704019320064656, 898.1291749309274, 9.688774515463919, 2
568, 2860.5344523711547, server_A, 3.4704019320064656, 898.1291749309274, 9.688774515463919, 2
569, 2864.0306087010517, server_A, 3.4704019320064656, 898.1291749309274, 9.688774515463919, 2
570, 2867.526765030949, server_A, 3.4704019320064656, 898.1291749309274, 9.688774515463919, 2
571, 2876.022921360846, server_A, 3.4704019320064656, 898.1291749309274, 9.688774515463919, 2
572, 2879.519077690743, server_A, 3.4704019320064656, 898.1291749309274, 9.688774515463919, 2
573, 2883.01523402064, server_A, 3.4704019320064656, 898.1291749309274, 9.688774515463919, 2
574, 2886.511390350537, server_A, 3.4704019320064656, 898.1291749309274, 9.688774515463919, 2
575, 2895.007546680434, server_A, 3.4704019320064656, 898.1291749309274, 9.688774515463919, 2
576, 2898.5037030103313, server_A, 3.4704019320064656, 898.1291749309274, 9.688774515463919, 2
577, 2901.9998593402283, server_A, 3.4704019320064656, 898.1291749309274, 9.688774515463919, 2
578, 2910.4960156701254, server_A, 3.4704019320064656, 898.1291749309274, 9.688774515463919, 2
579, 2913.9921720000225, server_A, 3.4704019320064656, 898.1291749309274, 9.688774515463919, 2
580, 2917.4883283299196, server_A, 3.4704019320064656, 898.1291749309274, 9.688774515463919, 2
581, 2925.9844846598166, server_A, 3.4704019320064656, 898.1291749309274, 9.688774515463919, 2
582, 2929.4806409897137, server_A, 3.4704019320064656, 898.1291749309274, 9.688774515463919, 2
583, 2932.976797319611, server_A, 3.4704019320064656, 898.1291749309274, 9.688774515463919, 2
584, 2936.472953649508, server_A, 3.4704019320064656, 898.1291749309274, 9.688774515463919, 2
585, 2944.969109979405, server_A, 3.4704019320064656, 898.1291749309274, 9.688774515463919, 2
586, 2948.465266309302, server_A, 3.4704019320064656, 898.1291749309274, 9.688774515463919, 2
587, 2951.961422639199, server_A, 3.4704019320064656, 898.1291749309274, 9.688774515463919, 2
588, 2960.457578969096, server_A, 3.4704019320064656, 898.1291749309274, 9.688774515463919, 2
589, 2963.9537352989933, server_A, 3.4704019320064656, 898.1291749309274, 9.688774515463919, 2
590, 2967.4498916288903, server_A, 3.4704019320064656, 898.1291749309274, 9.688774515463919, 2
591, 2975.9460479587874, server_A, 3.4704019320064656, 898.1291749309274, 9.688774515463919, 2
592, 2979.4422042886845, server_A, 3.4704019320064656, 898.1291749309274, 9.688774515463919, 2
593, 2982.9383606185816, server_A, 3.4704019320064656, 898.1291749309274, 9.688774515463919, 2
594, 2991.4345169484786, server_A, 3.4704019320064656, 898.1291749309274, 9.688774515463919, 2
595, 2994.9306732783757, server_A, 3.4704019320064656, 898.1291749309274, 9.688774515463919, 2
596, 2998.426829608273, server_A, 3.4704019320064656, 898.1291749309274, 9.688774515463919, 2
597, 3001.92298593817, server_A, 3.4704019320064656, 898.1291749309274, 9.688774515463919, 2
598, 3010.419142268067, server_A, 3.4704019320064656, 898.1291749309274, 9.688774515463919, 2
599, 3013.915298597964, server_A, 3.4704019320064656, 898.1291749309274, 9.688774515463919, 2
600, 3017.411454927861, server_A, 3.4704019320064656, 898.1291749309274, 9.688774515463919, 2
601, 3025.907611257758, server_A, 3.4704019320064656, 898.1291749309274, 9.688774515463919, 2
602, 3029.4037675876552, server_A, 3.4704019320064656, 898.1291749309274, 9.688774515463919, 2
603, 3032.8999239175523, server_A, 3.4704019320064656, 898.1291749309274, 9.688774515463919, 2
604, 3041.3960802474494, server_A, 3.4704019320064656, 898.1291749309274, 9.688774515463919, 2
605, 3044.8922365773465, server_A, 3.4704019320064656, 898.1291749309274, 9.688774515463919, 2
606, 3048.3883929072435, server_A, 3.4704019320064656, 898.1291749309274, 9.688774515463919, 2
607, 3051.8845492371406, server_A, 3.4704019320064656, 898.1291749309274, 9.688774515463919, 2
608, 3060.3807055670377, server_A, 3.4704019320064656, 898.1291749309274, 9.688774515463919, 2
609, 3063.8768618969348, server_A, 3.4704019320064656, 898.1291749309274, 9.688774515463919, 2
610, 3067.373018226832, server_A, 3.4704019320064656, 898.1291749309274, 9.688774515463919, 2
611, 3075.869174556729, server_A, 3.4704019320064656, 898.1291749309274, 9.688774515463919, 2
612, 3079.365330886626, server_A, 3.4704019320064656, 898.1291749309274, 9.688774515463919, 2
613, 3082.861487216523, server_A, 3.4704019320064656, 898.1291749309274, 9.688774515463919, 2
614, 3091.35764354642, server_A, 3.4704019320064656, 898.1291749309274, 9.688774515463919, 2
615, 3094.853799876317, server_A, 3.4704019320064656, 898.1291749309274, 9.688774515463919, 2
616, 3098.3499562062143, server_A, 3.4704019320064656, 898.1291749309274, 9.688774515463919, 2
617, 3101.8461125361114, server_A, 3.4704019320064656, 898.1291749309274, 9.688774515463919, 2
618, 3110.3422688660085, server_A, 3.4704019320064656, 898.1291749309274, 9.688774515463919, 2
619, 3113.8384251959055, server_A, 3.4704019320064656, 898.1291749309274, 9.688774515463919, 2
620, 3117.3345815258026, server_A, 3.4704019320064656, 898.1291749309274, 9.688774515463919, 2
621, 3125.8307378556997, server_A, 3.4704019320064656, 898.1291749309274, 9.688774515463919, 2
622, 3129.3268941855968, server_A, 3.4704019320064656, 898.1291749309274, 9.688774515463919, 2
623, 3132.823050515494, server_A, 3.4704019320064656, 898.1291749309274, 9.688774515463919, 2
624, 3141.319206845391, server_A, 3.4704019320064656, 898.1291749309274, 9.688774515463919, 2
625, 3144.815363175288, server_A, 3.4704019320064656, 898.1291749309274, 9.688774515463919, 2
626, 3148.311519505185, server_A, 3.4704019320064656, 898.1291749309274, 9.688774515463919, 2
627, 3151.807675835082, server_A, 3.4704019320064656, 898.1291749309274, 9.688774515463919, 2
628, 3160.303832164979, server_A, 3.4704019320064656, 898.1291749309274, 9.688774515463919, 2
629, 3163.7999884948763, server_A, 3.4704019320064656, 898.1291749309274, 9.688774515463919, 2
630, 3167.2961448247734, server_A, 3.4704019320064656, 898.1291749309274, 9.688774515463919, 2
631, 3175.7923011546704, server_A, 3.4704019320064656, 898.1291749309274, 9.688774515463919, 2
632, 3179.2884574845675, server_A, 3.4704019320064656, 898.1291749309274, 9.688774515463919, 2
633, 3182.7846138144646, server_A, 3.4704019320064656, 898.1291749309274, 9.688774515463919, 2
634, 3191.2807701443617, server_A, 3.4704019320064656, 898.1291749309274, 9.688774515463919, 2
635, 3194.7769264742587, server_A, 3.4704019320064656, 898.1291749309274, 9.688774515463919, 2
636, 3198.273082804156, server_A, 3.4704019320064656, 898.1291749309274, 9.688774515463919, 2
637, 3201.769239134053, server_A, 3.4704019320064656, 898.1291749309274, 9.688774515463919, 2
638, 3210.26539546395, server_A, 3.4704019320064656, 898.1291749309274, 9.688774515463919, 2
639, 3213.761551793847, server_A, 3.4704019320064656, 898.1291749309274, 9.688774515463919, 2
640, 3217.257708123744, server_A, 3.4704019320064656, 898.1291749309274, 9.688774515463919, 2
641, 3225.753864453641, server_A, 3.4704019320064656, 898.1291749309274, 9.688774515463919, 2
642, 3229.2500207835383, server_A, 3.4704019320064656, 898.1291749309274, 9.688774515463919, 2
643, 3232.7461771134354, server_A, 3.4704019320064656, 898.1291749309274, 9.688774515463919, 2
644, 3241.2423334433324, server_A, 3.4704019320064656, 898.1291749309274, 9.688774515463919, 2
645, 3244.7384897732295, server_A, 3.4704019320064656, 898.1291749309274, 9.688774515463919, 2
646, 3248.2346461031266, server_A, 3.4704019320064656, 898.1291749309274, 9.688774515463919, 2
647, 3251.7308024330237, server_A, 3.4704019320064656, 898.1291749309274, 9.688774515463919, 2
648, 3260.2269587629207, server_A, 3.4704019320064656, 898.1291749309274, 9.688774515463919, 2
649, 3263.723115092818, server_A, 3.4704019320064656, 898.1291749309274, 9.688774515463919, 2
650, 3267.219271422715, server_A, 3.4704019320064656, 898.1291749309274, 9.688774515463919, 2
651, 3275.715427752612, server_A, 3.4704019320064656, 898.1291749309274, 9.688774515463919, 2
652, 3279.211584082509, server_A, 3.4704019320064656, 898.1291749309274, 9.688774515463919, 2
653, 3282.707740412406, server_A, 3.4704019320064656, 898.1291749309274, 9.688774515463919, 2
654, 3291.203896742303, server_A, 3.4704019320064656, 898.1291749309274, 9.688774515463919, 2
655, 3294.7000530722003, server_A, 3.4704019320064656, 898.1291749309274, 9.688774515463919, 2
656, 3298.1962094020973, server_A, 3.4704019320064656, 898.1291749309274, 9.688774515463919, 2
657, 3301.6923657319944, server_A, 3.4704019320064656, 898.1291749309274, 9.688774515463919, 2
658, 3310.1885220618915, server_A, 3.4704019320064656, 898.1291749309274, 9.688774515463919, 2
659, 3313.6846783917886, server_A, 3.4704019320064656, 898.1291749309274, 9.688774515463919, 2
660, 3317.1808347216856, server_A, 3.4704019320064656, 898.1291749309274, 9.688774515463919, 2
661, 3325.6769910515827, server_A, 3.4704019320064656, 898.1291749309274, 9.688774515463919, 2
662, 3329.17314738148, server_A, 3.4704019320064656, 898.1291749309274, 9.688774515463919, 2
663, 3332.669303711377, server_A, 3.4704019320064656, 898.1291749309274, 9.688774515463919, 2
664, 3341.165460041274, server_A, 3.4704019320064656, 898.1291749309274, 9.688774515463919, 2
665, 3344.661616371171, server_A, 3.4704019320064656, 898.1291749309274, 9.688774515463919, 2
666, 3348.157772701068, server_A, 3.4704019320064656, 898.1291749309274, 9.688774515463919, 2
667, 3351.653929030965, server_A, 3.4704019320064656, 898.1291749309274, 9.688774515463919, 2
668, 3360.1500853608622, server_A, 3.4704019320064656, 898.1291749309274, 9.688774515463919, 2
669, 3363.6462416907593, server_A, 3.4704019320064656, 898.1291749309274, 9.688774515463919, 2
670, 3367.1423980206564, server_A, 3.4704019320064656, 898.1291749309274, 9.688774515463919, 2
671, 3375.6385543505535, server_A, 3.4704019320064656, 898.1291749309274, 9.688774515463919, 2
672, 3379.1347106804506, server_A, 3.4704019320064656, 898.1291749309274, 9.688774515463919, 2
673, 3382.6308670103476, server_A, 3.4704019320064656, 898.1291749309274, 9.688774515463919, 2
674, 3391.1270233402447, server_A, 3.4704019320064656, 898.1291749309274, 9.688774515463919, 2
675, 3394.623179670142, server_A, 3.4704019320064656, 898.1291749309274, 9.688774515463919, 2
676, 3398.119336000039, server_A, 3.4704019320064656, 898.1291749309274, 9.688774515463919, 2
677, 3401.615492329936, server_A, 3.4704019320064656, 898.1291749309274, 9.688774515463919, 2
678, 3410.111648659833, server_A, 3.4704019320064656, 898.1291749309274, 9.688774515463919, 2
679, 3413.60780498973, server_A, 3.4704019320064656, 898.1291749309274, 9.688774515463919, 2
680, 3417.103961319627, server_A, 3.4704019320064656, 898.1291749309274, 9.688774515463919, 2
681, 3425.6001176495242, server_A, 3.4704019320064656, 898.1291749309274, 9.688774515463919, 2
682, 3429.0962739794213, server_A, 3.4704019320064656, 898.1291749309274, 9.688774515463919, 2
683, 3432.5924303093184, server_A, 3.4704019320064656, 898.1291749309274, 9.688774515463919, 2
684, 3441.0885866392155, server_A, 3.4704019320064656, 898.1291749309274, 9.688774515463919, 2
685, 3444.5847429691125, server_A, 3.4704019320064656, 898.1291749309274, 9.688774515463919, 2
686, 3448.0808992990096, server_A, 3.4704019320064656, 898.1291749309274, 9.688774515463919, 2
687, 3451.5770556289067, server_A, 3.4704019320064656, 898.1291749309274, 9.688774515463919, 2
688, 3460.0732119588038, server_A, 3.4704019320064656, 898.1291749309274, 9.688774515463919, 2
689, 3463.569368288701, server_A, 3.4704019320064656, 898.1291749309274, 9.688774515463919, 2
690, 3467.065524618598, server_A, 3.4704019320064656, 898.1291749309274, 9.688774515463919, 2
691, 3475.561680948495, server_A, 3.4704019320064656, 898.1291749309274, 9.688774515463919, 2
692, 3479.057837278392, server_A, 3.4704019320064656, 898.1291749309274, 9.688774515463919, 2
693, 3482.553993608289, server_A, 3.4704019320064656, 898.1291749309274, 9.688774515463919, 2
694, 3491.050149938186, server_A, 3.4704019320064656, 898.1291749309274, 9.688774515463919, 2
695, 3494.5463062680833, server_A, 3.4704019320064656, 898.1291749309274, 9.688774515463919, 2
696, 3498.0424625979804, server_A, 3.4704019320064656, 898.1291749309274, 9.688774515463919, 2
697, 3501.5386189278775, server_A, 3.4704019320064656, 898.1291749309274, 9.688774515463919, 2
698, 3510.0347752577745, server_A, 3.4704019320064656, 898.1291749309274, 9.688774515463919, 2
699, 3513.5309315876716, server_A, 3.4704019320064656, 898.1291749309274, 9.688774515463919, 2
700, 3517.0270879175687, server_A, 3.4704019320064656, 898.1291749309274, 9.688774515463919, 2
701, 3525.5232442474658, server_A, 3.4704019320064656, 898.1291749309274, 9.688774515463919, 2
702, 3529.019400577363, server_A, 3.4704019320064656, 898.1291749309274, 9.688774515463919, 2
703, 3532.51555690726, server_A, 3.4704019320064656, 898.1291749309274, 9.688774515463919, 2
704, 3541.011713237157, server_A, 3.4704019320064656, 898.1291749309274, 9.688774515463919, 2
705, 3544.507869567054, server_A, 3.4704019320064656, 898.1291749309274, 9.688774515463919, 2
706, 3548.004025896951, server_A, 3.4704019320064656, 898.1291749309274, 9.688774515463919, 2
707, 3551.500182226848, server_A, 3.4704019320064656, 898.1291749309274, 9.688774515463919, 2
708, 3559.9963385567453, server_A, 3.4704019320064656, 898.1291749309274, 9.688774515463919, 2
709, 3563.4924948866424, server_A, 3.4704019320064656, 898.1291749309274, 9.688774515463919, 2
710, 3566.9886512165394, server_A, 3.4704019320064656, 898.1291749309274, 9.688774515463919, 2
711, 3575.4848075464365, server_A, 3.4704019320064656, 898.1291749309274, 9.688774515463919, 2
712, 3578.9809638763336, server_A, 3.4704019320064656, 898.1291749309274, 9.688774515463919, 2
713, 3582.4771202062307, server_A, 3.4704019320064656, 898.1291749309274, 9.688774515463919, 2
714, 3590.9732765361277, server_A, 3.4704019320064656, 898.1291749309274, 9.688774515463919, 2
715, 3594.469432866025, server_A, 3.4704019320064656, 898.1291749309274, 9.688774515463919, 2
716, 3597.965589195922, server_A, 3.4704019320064656, 898.1291749309274, 9.688774515463919, 2
717, 3606.461745525819, server_A, 3.4704019320064656, 898.1291749309274, 9.688774515463919, 2
718, 3609.957901855716, server_A, 3.4704019320064656, 898.1291749309274, 9.688774515463919, 2
719, 3613.454058185613, server_A, 3.4704019320064656, 898.1291749309274, 9.688774515463919, 2
